ISO-10303-21;
HEADER;
FILE_DESCRIPTION (( 'STEP AP214' ),
    '1' );
FILE_NAME ('10114830-10108LF.STEP',
    '2023-06-23T13:23:20',
    ( '' ),
    ( '' ),
    'SwSTEP 2.0',
    'SolidWorks 2017',
    '' );
FILE_SCHEMA (( 'AUTOMOTIVE_DESIGN' ));
ENDSEC;

DATA;
#1 = EDGE_CURVE ( 'NONE', #3445, #5777, #6638, .T. ) ;
#2 = ADVANCED_FACE ( 'NONE', ( #7216 ), #1332, .T. ) ;
#4 = VECTOR ( 'NONE', #3610, 1000.000000000000000 ) ;
#3 = DIRECTION ( 'NONE',  ( 0.1378445374916254000, -0.1378445374916254000, -0.9808148484639900300 ) ) ;
#5 = FACE_OUTER_BOUND ( 'NONE', #7162, .T. ) ;
#6 = PLANE ( 'NONE',  #7163 ) ;
#7 = DIRECTION ( 'NONE',  ( 0.0000000000000000000, 0.0000000000000000000, 1.000000000000000000 ) ) ;
#8 = DIRECTION ( 'NONE',  ( -1.000000000000000000, -0.0000000000000000000, -0.0000000000000000000 ) ) ;
#9 = EDGE_LOOP ( 'NONE', ( #1556, #3024, #4732, #4926 ) ) ;
#10 = EDGE_CURVE ( 'NONE', #7301, #5238, #5089, .T. ) ;
#11 = ORIENTED_EDGE ( 'NONE', *, *, #2741, .T. ) ;
#12 = ORIENTED_EDGE ( 'NONE', *, *, #1442, .T. ) ;
#13 = VECTOR ( 'NONE', #8316, 1000.000000000000000 ) ;
#14 = VECTOR ( 'NONE', #8941, 1000.000000000000000 ) ;
#15 = EDGE_CURVE ( 'NONE', #7249, #7652, #355, .T. ) ;
#16 = EDGE_CURVE ( 'NONE', #5801, #4448, #6400, .T. ) ;
#17 = ORIENTED_EDGE ( 'NONE', *, *, #5083, .T. ) ;
#18 = DIRECTION ( 'NONE',  ( -1.000000000000000000, -0.0000000000000000000, 0.0000000000000000000 ) ) ;
#19 = ORIENTED_EDGE ( 'NONE', *, *, #5597, .T. ) ;
#20 = ORIENTED_EDGE ( 'NONE', *, *, #2153, .T. ) ;
#21 = EDGE_CURVE ( 'NONE', #5761, #6934, #949, .T. ) ;
#22 = VECTOR ( 'NONE', #4306, 1000.000000000000000 ) ;
#23 = VECTOR ( 'NONE', #8516, 1000.000000000000000 ) ;
#24 = AXIS2_PLACEMENT_3D ( 'NONE', #8808, #2187, #2561 ) ;
#25 = CARTESIAN_POINT ( 'NONE',  ( -4.524999999999999500, 0.6000000000000007500, -2.449999999999999700 ) ) ;
#26 = CARTESIAN_POINT ( 'NONE',  ( -3.274999999999999500, 1.700000000000000000, 1.249999999999986000 ) ) ;
#27 = EDGE_LOOP ( 'NONE', ( #9395, #6561, #4846, #1231 ) ) ;
#28 = DIRECTION ( 'NONE',  ( 1.000000000000000000, 0.0000000000000000000, 0.0000000000000000000 ) ) ;
#29 = ORIENTED_EDGE ( 'NONE', *, *, #9621, .F. ) ;
#30 = VERTEX_POINT ( 'NONE', #3413 ) ;
#31 = ADVANCED_FACE ( 'NONE', ( #6872 ), #9554, .F. ) ;
#32 = CARTESIAN_POINT ( 'NONE',  ( 5.874999999999999100, 0.2999999999999990500, 2.650000000000000400 ) ) ;
#33 = CARTESIAN_POINT ( 'NONE',  ( -2.974999999999999200, 0.6000000000000007500, -2.449999999999999700 ) ) ;
#34 = EDGE_CURVE ( 'NONE', #4195, #1824, #2174, .T. ) ;
#35 = VECTOR ( 'NONE', #10004, 1000.000000000000000 ) ;
#36 = CARTESIAN_POINT ( 'NONE',  ( 4.525000000000001200, 0.5000000000000000000, -1.849999999999999900 ) ) ;
#37 = AXIS2_PLACEMENT_3D ( 'NONE', #8353, #9165, #8212 ) ;
#38 = CARTESIAN_POINT ( 'NONE',  ( 3.059324500821435100, 1.615675499178565100, 1.850000000000000500 ) ) ;
#39 = ORIENTED_EDGE ( 'NONE', *, *, #3381, .T. ) ;
#40 = VERTEX_POINT ( 'NONE', #9561 ) ;
#41 = PLANE ( 'NONE',  #2519 ) ;
#42 = LINE ( 'NONE', #6081, #4029 ) ;
#43 = LINE ( 'NONE', #169, #7878 ) ;
#44 = EDGE_LOOP ( 'NONE', ( #8309, #8610, #3291, #7893 ) ) ;
#45 = ORIENTED_EDGE ( 'NONE', *, *, #473, .T. ) ;
#46 = DIRECTION ( 'NONE',  ( 0.0000000000000000000, -7.228014483236719200E-016, -1.000000000000000000 ) ) ;
#47 = ORIENTED_EDGE ( 'NONE', *, *, #7561, .F. ) ;
#48 = CARTESIAN_POINT ( 'NONE',  ( -6.374999999999999100, 2.200000000000000200, 2.250000000000000400 ) ) ;
#49 = DIRECTION ( 'NONE',  ( 0.0000000000000000000, 0.0000000000000000000, -1.000000000000000000 ) ) ;
#50 = CARTESIAN_POINT ( 'NONE',  ( -1.724999999999999600, 0.7999999999999999300, -1.400000000000000600 ) ) ;
#51 = AXIS2_PLACEMENT_3D ( 'NONE', #4286, #1138, #9668 ) ;
#52 = CIRCLE ( 'NONE', #5458, 0.1499999999999999700 ) ;
#53 = ADVANCED_FACE ( 'NONE', ( #3481 ), #8866, .F. ) ;
#54 = ORIENTED_EDGE ( 'NONE', *, *, #86, .F. ) ;
#55 = CARTESIAN_POINT ( 'NONE',  ( -0.4749999999999997600, 1.399999999999999900, -2.299999999999999800 ) ) ;
#56 = ORIENTED_EDGE ( 'NONE', *, *, #7910, .F. ) ;
#57 = EDGE_LOOP ( 'NONE', ( #1522, #7845, #1970, #9759 ) ) ;
#58 = DIRECTION ( 'NONE',  ( -1.000000000000000000, -0.0000000000000000000, -0.0000000000000000000 ) ) ;
#59 = CARTESIAN_POINT ( 'NONE',  ( 3.275000000000000400, 1.500000000000000000, -1.700000000000000800 ) ) ;
#60 = CYLINDRICAL_SURFACE ( 'NONE', #1497, 0.09999999999999982500 ) ;
#61 = DIRECTION ( 'NONE',  ( 0.0000000000000000000, -1.000000000000000000, 0.0000000000000000000 ) ) ;
#62 = ORIENTED_EDGE ( 'NONE', *, *, #133, .T. ) ;
#63 = DIRECTION ( 'NONE',  ( -0.0000000000000000000, 1.000000000000000000, 6.672013369141573100E-016 ) ) ;
#64 = AXIS2_PLACEMENT_3D ( 'NONE', #8672, #3997, #851 ) ;
#65 = ORIENTED_EDGE ( 'NONE', *, *, #2244, .T. ) ;
#66 = ORIENTED_EDGE ( 'NONE', *, *, #6242, .T. ) ;
#67 = AXIS2_PLACEMENT_3D ( 'NONE', #731, #7773, #9977 ) ;
#68 = CIRCLE ( 'NONE', #9069, 0.1000000000000000500 ) ;
#69 = ORIENTED_EDGE ( 'NONE', *, *, #544, .F. ) ;
#70 = DIRECTION ( 'NONE',  ( 0.0000000000000000000, 0.0000000000000000000, -1.000000000000000000 ) ) ;
#71 = LINE ( 'NONE', #4223, #796 ) ;
#72 = DIRECTION ( 'NONE',  ( 0.0000000000000000000, -1.000000000000000000, -3.614007241618353200E-016 ) ) ;
#73 = DIRECTION ( 'NONE',  ( 0.0000000000000000000, 0.0000000000000000000, 1.000000000000000000 ) ) ;
#74 = LINE ( 'NONE', #7664, #1528 ) ;
#75 = CARTESIAN_POINT ( 'NONE',  ( -4.224999999999999600, 1.700000000000000000, 3.457774721070176100 ) ) ;
#76 = EDGE_LOOP ( 'NONE', ( #2464, #7799, #4667, #154, #929, #3311, #9492, #8169, #8969, #5708, #7831, #878, #7510, #1220, #6349, #5763, #7456 ) ) ;
#77 = CLOSED_SHELL ( 'NONE', ( #6451, #7596, #5884, #8030, #3213, #8948, #3277, #6199, #6730, #7807, #4208, #152, #5633, #4698, #5565, #1815, #2752, #4334, #6313, #7495, #6577, #934, #5911, #5518, #7785, #9840, #9461, #2712, #5962, #2106, #832, #6282, #4919, #3478, #5710, #1656, #2461, #8793, #3333, #8899, #8768, #6338, #4231, #8193, #3456, #9747, #1430, #5424, #7079, #8578, #4837, #9062, #4868, #9665, #53, #174, #475, #7194, #2639, #1691, #2734, #3619, #1606, #2658, #6221, #2390, #8946, #1319, #4723, #1864, #1344, #6603, #3306, #7552, #1329, #425, #8923, #8840, #2829 ) ) ;
#78 = EDGE_CURVE ( 'NONE', #2220, #9222, #7342, .T. ) ;
#79 = EDGE_CURVE ( 'NONE', #6580, #4727, #7453, .T. ) ;
#80 = EDGE_CURVE ( 'NONE', #8978, #521, #3740, .T. ) ;
#81 = VECTOR ( 'NONE', #2403, 1000.000000000000000 ) ;
#82 = ORIENTED_EDGE ( 'NONE', *, *, #7627, .T. ) ;
#83 = ADVANCED_FACE ( 'NONE', ( #7936 ), #3624, .F. ) ;
#84 = FACE_OUTER_BOUND ( 'NONE', #9637, .T. ) ;
#85 = VERTEX_POINT ( 'NONE', #9792 ) ;
#86 = EDGE_CURVE ( 'NONE', #9388, #9635, #1447, .T. ) ;
#87 =( LENGTH_UNIT ( ) NAMED_UNIT ( * ) SI_UNIT ( .MILLI., .METRE. ) );
#88 = ORIENTED_EDGE ( 'NONE', *, *, #5156, .T. ) ;
#89 = AXIS2_PLACEMENT_3D ( 'NONE', #120, #3249, #1675 ) ;
#90 = CARTESIAN_POINT ( 'NONE',  ( -0.4749999999999997600, 0.6000000000000007500, -2.449999999999999700 ) ) ;
#91 = DIRECTION ( 'NONE',  ( 0.0000000000000000000, 0.0000000000000000000, 1.000000000000000000 ) ) ;
#92 = CARTESIAN_POINT ( 'NONE',  ( -3.185000000000000500, 3.469233347080714400, 1.250000000000000700 ) ) ;
#93 = LINE ( 'NONE', #5656, #4320 ) ;
#94 = ORIENTED_EDGE ( 'NONE', *, *, #5072, .F. ) ;
#95 = EDGE_CURVE ( 'NONE', #4890, #9859, #9431, .T. ) ;
#96 = PLANE ( 'NONE',  #6488 ) ;
#97 = LINE ( 'NONE', #3577, #2641 ) ;
#98 = DIRECTION ( 'NONE',  ( 0.0000000000000000000, 0.0000000000000000000, 1.000000000000000000 ) ) ;
#99 = STYLED_ITEM ( 'NONE', ( #2798 ), #1284 ) ;
#100 = VECTOR ( 'NONE', #1001, 1000.000000000000000 ) ;
#101 = EDGE_LOOP ( 'NONE', ( #4235, #6312, #7109, #9129 ) ) ;
#102 = MECHANICAL_DESIGN_GEOMETRIC_PRESENTATION_REPRESENTATION (  '', ( #285 ), #5617 ) ;
#103 = UNCERTAINTY_MEASURE_WITH_UNIT (LENGTH_MEASURE( 1.000000000000000100E-005 ), #4737, 'distance_accuracy_value', 'NONE');
#104 = ADVANCED_FACE ( 'NONE', ( #9199 ), #5447, .F. ) ;
#105 = CARTESIAN_POINT ( 'NONE',  ( 7.575000000000000200, 0.2500000000000000000, 1.850000000000000100 ) ) ;
#106 =( NAMED_UNIT ( * ) SI_UNIT ( $, .STERADIAN. ) SOLID_ANGLE_UNIT ( ) );
#107 = EDGE_CURVE ( 'NONE', #5286, #6507, #7828, .T. ) ;
#108 = LINE ( 'NONE', #8536, #458 ) ;
#109 = CARTESIAN_POINT ( 'NONE',  ( 0.4750000000000005900, 0.5000000000000000000, -1.550000000000000300 ) ) ;
#110 = ORIENTED_EDGE ( 'NONE', *, *, #8487, .F. ) ;
#111 = VECTOR ( 'NONE', #5366, 1000.000000000000000 ) ;
#112 = VECTOR ( 'NONE', #481, 1000.000000000000000 ) ;
#113 = DIRECTION ( 'NONE',  ( -1.000000000000000000, 6.123233995736756200E-017, 0.0000000000000000000 ) ) ;
#114 = CYLINDRICAL_SURFACE ( 'NONE', #4371, 0.09999999999999982500 ) ;
#115 = EDGE_LOOP ( 'NONE', ( #4428, #5906, #5760, #4442 ) ) ;
#116 = CIRCLE ( 'NONE', #774, 0.04999999999999969700 ) ;
#118 = CARTESIAN_POINT ( 'NONE',  ( -3.190675499178564400, 3.399999999999999900, 1.850000000000000500 ) ) ;
#117 = CYLINDRICAL_SURFACE ( 'NONE', #9941, 0.2999999999999997100 ) ;
#119 = ORIENTED_EDGE ( 'NONE', *, *, #5072, .T. ) ;
#120 = CARTESIAN_POINT ( 'NONE',  ( 5.674999999999999800, -4.336808689942017700E-016, 1.700000000000001500 ) ) ;
#121 = AXIS2_PLACEMENT_3D ( 'NONE', #4130, #1828, #6397 ) ;
#122 = ORIENTED_EDGE ( 'NONE', *, *, #3851, .F. ) ;
#123 = DIRECTION ( 'NONE',  ( 0.0000000000000000000, 0.0000000000000000000, 1.000000000000000000 ) ) ;
#124 = DIRECTION ( 'NONE',  ( 0.0000000000000000000, -1.000000000000000000, 0.0000000000000000000 ) ) ;
#125 = ADVANCED_FACE ( 'NONE', ( #1322 ), #5935, .F. ) ;
#126 = CARTESIAN_POINT ( 'NONE',  ( 5.274999999999998600, 0.5999999999999998700, 2.400000000000003000 ) ) ;
#127 = CARTESIAN_POINT ( 'NONE',  ( 5.874999999999999100, 0.4999999999999995600, -1.400000000000000600 ) ) ;
#128 = VECTOR ( 'NONE', #6215, 1000.000000000000000 ) ;
#129 = DIRECTION ( 'NONE',  ( 1.000000000000000000, 0.0000000000000000000, 0.0000000000000000000 ) ) ;
#130 = EDGE_LOOP ( 'NONE', ( #142, #532, #5244, #6196 ) ) ;
#131 = EDGE_LOOP ( 'NONE', ( #6767, #9276, #9607, #110 ) ) ;
#132 = ORIENTED_EDGE ( 'NONE', *, *, #1461, .T. ) ;
#133 = EDGE_CURVE ( 'NONE', #3296, #8935, #1793, .T. ) ;
#134 = DIRECTION ( 'NONE',  ( -1.000000000000000000, -0.0000000000000000000, -0.0000000000000000000 ) ) ;
#135 = DIRECTION ( 'NONE',  ( 0.0000000000000000000, 0.0000000000000000000, -1.000000000000000000 ) ) ;
#136 = FACE_OUTER_BOUND ( 'NONE', #6708, .T. ) ;
#137 = FACE_OUTER_BOUND ( 'NONE', #7008, .T. ) ;
#138 = EDGE_CURVE ( 'NONE', #9647, #2262, #7106, .T. ) ;
#139 = ORIENTED_EDGE ( 'NONE', *, *, #8044, .F. ) ;
#140 = ORIENTED_EDGE ( 'NONE', *, *, #455, .F. ) ;
#141 = ORIENTED_EDGE ( 'NONE', *, *, #5276, .F. ) ;
#142 = ORIENTED_EDGE ( 'NONE', *, *, #870, .T. ) ;
#143 = LINE ( 'NONE', #1935, #2445 ) ;
#144 = DIRECTION ( 'NONE',  ( -1.000000000000000000, -0.0000000000000000000, -0.0000000000000000000 ) ) ;
#145 = CARTESIAN_POINT ( 'NONE',  ( -0.7749999999999996900, 1.700000000000000000, 3.457774721070176100 ) ) ;
#146 = LINE ( 'NONE', #1734, #9239 ) ;
#147 = PRESENTATION_STYLE_ASSIGNMENT (( #3398 ) ) ;
#148 = DIRECTION ( 'NONE',  ( -1.000000000000000000, -0.0000000000000000000, -0.0000000000000000000 ) ) ;
#149 = EDGE_CURVE ( 'NONE', #9169, #2683, #3121, .T. ) ;
#150 = DIRECTION ( 'NONE',  ( 0.0000000000000000000, 1.000000000000000000, 0.0000000000000000000 ) ) ;
#151 = ORIENTED_EDGE ( 'NONE', *, *, #6942, .T. ) ;
#152 = ADVANCED_FACE ( 'NONE', ( #227 ), #9690, .F. ) ;
#153 = DIRECTION ( 'NONE',  ( 0.0000000000000000000, 0.0000000000000000000, -1.000000000000000000 ) ) ;
#154 = ORIENTED_EDGE ( 'NONE', *, *, #9228, .F. ) ;
#155 = AXIS2_PLACEMENT_3D ( 'NONE', #9823, #2774, #2810 ) ;
#156 = AXIS2_PLACEMENT_3D ( 'NONE', #4621, #7567, #2951 ) ;
#157 = CARTESIAN_POINT ( 'NONE',  ( 3.059324500821435100, 3.399999999999999900, 1.850000000000000500 ) ) ;
#158 = CIRCLE ( 'NONE', #4102, 0.1000000000000000500 ) ;
#159 = CARTESIAN_POINT ( 'NONE',  ( 2.025000000000000800, 1.500000000000000000, -1.600000000000000800 ) ) ;
#160 = DIRECTION ( 'NONE',  ( 0.0000000000000000000, 0.0000000000000000000, 1.000000000000000000 ) ) ;
#161 = ORIENTED_EDGE ( 'NONE', *, *, #6381, .T. ) ;
#162 = VERTEX_POINT ( 'NONE', #6696 ) ;
#163 = EDGE_CURVE ( 'NONE', #3080, #7813, #2764, .T. ) ;
#164 = CIRCLE ( 'NONE', #3928, 0.1000000000000000500 ) ;
#165 = FACE_OUTER_BOUND ( 'NONE', #542, .T. ) ;
#166 = VECTOR ( 'NONE', #8396, 999.9999999999998900 ) ;
#167 = EDGE_LOOP ( 'NONE', ( #7769, #1405, #1257, #815 ) ) ;
#168 = CARTESIAN_POINT ( 'NONE',  ( -3.274999999999999500, 0.1000000000000000500, -1.950000000000000200 ) ) ;
#169 = CARTESIAN_POINT ( 'NONE',  ( -6.874999999999995600, 0.2999999999999990500, 5.480194339616986100 ) ) ;
#170 = CARTESIAN_POINT ( 'NONE',  ( 5.274999999999998600, 0.5999999999999998700, -1.000000000000000900 ) ) ;
#171 = DIRECTION ( 'NONE',  ( 0.0000000000000000000, 0.0000000000000000000, 1.000000000000000000 ) ) ;
#172 = EDGE_LOOP ( 'NONE', ( #5391, #2069, #5423, #4043 ) ) ;
#173 = VECTOR ( 'NONE', #823, 1000.000000000000000 ) ;
#174 = ADVANCED_FACE ( 'NONE', ( #3984 ), #5200, .T. ) ;
#175 = ORIENTED_EDGE ( 'NONE', *, *, #6672, .T. ) ;
#176 = EDGE_LOOP ( 'NONE', ( #9045, #482, #8545, #6811 ) ) ;
#177 = EDGE_LOOP ( 'NONE', ( #2512, #8331, #4190, #4553 ) ) ;
#178 = CARTESIAN_POINT ( 'NONE',  ( -0.7749999999999996900, 1.700000000000000000, 1.249999999999986000 ) ) ;
#179 = AXIS2_PLACEMENT_3D ( 'NONE', #6399, #2515, #5701 ) ;
#180 = CARTESIAN_POINT ( 'NONE',  ( 0.4750000000000005900, 1.250000000000000000, -2.449999999999999300 ) ) ;
#181 = CIRCLE ( 'NONE', #3222, 0.1000000000000000500 ) ;
#182 = ORIENTED_EDGE ( 'NONE', *, *, #4760, .F. ) ;
#183 = VERTEX_POINT ( 'NONE', #1333 ) ;
#184 = DIRECTION ( 'NONE',  ( -0.0000000000000000000, -0.0000000000000000000, -1.000000000000000000 ) ) ;
#185 = LINE ( 'NONE', #8186, #1290 ) ;
#186 = ORIENTED_EDGE ( 'NONE', *, *, #8430, .T. ) ;
#187 = PLANE ( 'NONE',  #3412 ) ;
#188 = VECTOR ( 'NONE', #2640, 1000.000000000000000 ) ;
#189 = ORIENTED_EDGE ( 'NONE', *, *, #1195, .T. ) ;
#190 = CARTESIAN_POINT ( 'NONE',  ( 2.025000000000000800, 0.4000000000000001900, -2.649999999999999900 ) ) ;
#191 = ORIENTED_EDGE ( 'NONE', *, *, #5134, .T. ) ;
#192 = ORIENTED_EDGE ( 'NONE', *, *, #9871, .T. ) ;
#193 = AXIS2_PLACEMENT_3D ( 'NONE', #5095, #5842, #5875 ) ;
#194 = PRODUCT_DEFINITION_CONTEXT ( 'detailed design', #1925, 'design' ) ;
#195 = CARTESIAN_POINT ( 'NONE',  ( 2.975000000000000100, 0.0000000000000000000, -1.950000000000000800 ) ) ;
#196 = ADVANCED_FACE ( 'NONE', ( #1678 ), #5203, .F. ) ;
#197 = DIRECTION ( 'NONE',  ( -0.0000000000000000000, -1.000000000000000000, -0.0000000000000000000 ) ) ;
#198 = LINE ( 'NONE', #1078, #9527 ) ;
#199 = VERTEX_POINT ( 'NONE', #5833 ) ;
#200 = CARTESIAN_POINT ( 'NONE',  ( -3.585000000000000000, 0.5999999999999998700, 1.250000000000000700 ) ) ;
#201 = EDGE_CURVE ( 'NONE', #6776, #1782, #7584, .T. ) ;
#202 = ORIENTED_EDGE ( 'NONE', *, *, #163, .T. ) ;
#203 = EDGE_CURVE ( 'NONE', #1409, #235, #1918, .T. ) ;
#204 = LINE ( 'NONE', #2297, #9780 ) ;
#205 = VECTOR ( 'NONE', #1096, 1000.000000000000000 ) ;
#206 = ORIENTED_EDGE ( 'NONE', *, *, #987, .T. ) ;
#207 = EDGE_CURVE ( 'NONE', #4210, #4623, #1196, .T. ) ;
#208 =( NAMED_UNIT ( * ) SI_UNIT ( $, .STERADIAN. ) SOLID_ANGLE_UNIT ( ) );
#209 = AXIS2_PLACEMENT_3D ( 'NONE', #7911, #2437, #2502 ) ;
#210 = DIRECTION ( 'NONE',  ( 0.0000000000000000000, 0.0000000000000000000, -1.000000000000000000 ) ) ;
#211 = DIRECTION ( 'NONE',  ( 0.0000000000000000000, 0.0000000000000000000, 1.000000000000000000 ) ) ;
#212 = SURFACE_SIDE_STYLE ('',( #6968 ) ) ;
#213 = FACE_OUTER_BOUND ( 'NONE', #962, .T. ) ;
#214 = EDGE_LOOP ( 'NONE', ( #6017, #6340, #5621, #3379 ) ) ;
#215 = MANIFOLD_SOLID_BREP ( 'Cut-Extrude7', #77 ) ;
#216 = EDGE_CURVE ( 'NONE', #8538, #7372, #4093, .T. ) ;
#217 = DIRECTION ( 'NONE',  ( 0.0000000000000000000, -1.000000000000000000, -5.421010862427532000E-016 ) ) ;
#218 = DIRECTION ( 'NONE',  ( 0.0000000000000000000, -1.000000000000000000, 0.0000000000000000000 ) ) ;
#219 = CARTESIAN_POINT ( 'NONE',  ( 2.025000000000000800, 2.140000000000000100, -1.400000000000000600 ) ) ;
#220 = LINE ( 'NONE', #9025, #2522 ) ;
#221 = ADVANCED_FACE ( 'NONE', ( #6391 ), #9961, .F. ) ;
#222 = DIRECTION ( 'NONE',  ( 0.0000000000000000000, 0.0000000000000000000, 1.000000000000000000 ) ) ;
#223 = AXIS2_PLACEMENT_3D ( 'NONE', #5743, #184, #6500 ) ;
#224 = PLANE ( 'NONE',  #8922 ) ;
#225 = CARTESIAN_POINT ( 'NONE',  ( -1.724999999999999600, 0.1000000000000007100, -1.850000000000000100 ) ) ;
#226 = AXIS2_PLACEMENT_3D ( 'NONE', #4805, #9313, #943 ) ;
#227 = FACE_OUTER_BOUND ( 'NONE', #6770, .T. ) ;
#228 = CARTESIAN_POINT ( 'NONE',  ( 0.7750000000000004700, 0.5000000000000000000, -1.550000000000000300 ) ) ;
#229 = ORIENTED_EDGE ( 'NONE', *, *, #3256, .F. ) ;
#230 = DIRECTION ( 'NONE',  ( -1.000000000000000000, -0.0000000000000000000, -0.0000000000000000000 ) ) ;
#232 = CARTESIAN_POINT ( 'NONE',  ( -5.874999999999999100, 0.2999999999999990500, 2.650000000000000400 ) ) ;
#231 = LINE ( 'NONE', #1777, #8461 ) ;
#233 = CARTESIAN_POINT ( 'NONE',  ( 5.274999999999998600, 2.180000000000000200, -1.000000000000000700 ) ) ;
#234 = CARTESIAN_POINT ( 'NONE',  ( 0.4750000000000005900, 1.700000000000000000, 1.249999999999986000 ) ) ;
#235 = VERTEX_POINT ( 'NONE', #2943 ) ;
#236 = ORIENTED_EDGE ( 'NONE', *, *, #2868, .T. ) ;
#237 = LINE ( 'NONE', #2095, #4110 ) ;
#238 = FACE_OUTER_BOUND ( 'NONE', #6073, .T. ) ;
#239 = PLANE ( 'NONE',  #8460 ) ;
#240 = PLANE ( 'NONE',  #4601 ) ;
#241 = ORIENTED_EDGE ( 'NONE', *, *, #4451, .T. ) ;
#242 = CARTESIAN_POINT ( 'NONE',  ( 0.6906754991785656300, 1.034324500821434800, 1.850000000000000500 ) ) ;
#243 = VERTEX_POINT ( 'NONE', #4521 ) ;
#244 = VERTEX_POINT ( 'NONE', #4459 ) ;
#245 = ADVANCED_FACE ( 'NONE', ( #9796 ), #9187, .F. ) ;
#246 = LINE ( 'NONE', #3991, #4984 ) ;
#247 = FACE_OUTER_BOUND ( 'NONE', #4300, .T. ) ;
#248 = AXIS2_PLACEMENT_3D ( 'NONE', #8796, #7894, #276 ) ;
#249 = DIRECTION ( 'NONE',  ( -1.000000000000000000, -0.0000000000000000000, -0.0000000000000000000 ) ) ;
#250 = VERTEX_POINT ( 'NONE', #4485 ) ;
#251 = AXIS2_PLACEMENT_3D ( 'NONE', #8228, #5016, #1177 ) ;
#252 = ORIENTED_EDGE ( 'NONE', *, *, #3564, .F. ) ;
#253 = ORIENTED_EDGE ( 'NONE', *, *, #6173, .F. ) ;
#254 = DIRECTION ( 'NONE',  ( -1.000000000000000000, -0.0000000000000000000, -0.0000000000000000000 ) ) ;
#255 = PLANE ( 'NONE',  #4271 ) ;
#256 = VECTOR ( 'NONE', #3447, 1000.000000000000000 ) ;
#258 = CARTESIAN_POINT ( 'NONE',  ( -2.974999999999999200, 2.140000000000000100, -1.400000000000000600 ) ) ;
#257 = LINE ( 'NONE', #1853, #5579 ) ;
#259 = VERTEX_POINT ( 'NONE', #9890 ) ;
#260 = EDGE_CURVE ( 'NONE', #4303, #4073, #4345, .T. ) ;
#261 = EDGE_CURVE ( 'NONE', #4011, #3533, #7701, .T. ) ;
#262 = ORIENTED_EDGE ( 'NONE', *, *, #1101, .F. ) ;
#263 = CARTESIAN_POINT ( 'NONE',  ( 4.285000000000001000, 0.2999999999999991600, 6.505213034913026600E-016 ) ) ;
#264 = PLANE ( 'NONE',  #727 ) ;
#265 = ORIENTED_EDGE ( 'NONE', *, *, #1174, .T. ) ;
#266 = VERTEX_POINT ( 'NONE', #8422 ) ;
#267 = CARTESIAN_POINT ( 'NONE',  ( 0.7750000000000004700, 0.1000000000000007100, -1.850000000000000100 ) ) ;
#268 = DIRECTION ( 'NONE',  ( 0.0000000000000000000, 1.000000000000000000, 0.0000000000000000000 ) ) ;
#269 = EDGE_CURVE ( 'NONE', #5644, #8872, #1565, .T. ) ;
#270 = LINE ( 'NONE', #9898, #2447 ) ;
#271 = ORIENTED_EDGE ( 'NONE', *, *, #3076, .T. ) ;
#272 = DIRECTION ( 'NONE',  ( 1.000000000000000000, -0.0000000000000000000, 0.0000000000000000000 ) ) ;
#273 = ADVANCED_FACE ( 'NONE', ( #2048 ), #6039, .F. ) ;
#274 = VERTEX_POINT ( 'NONE', #1402 ) ;
#275 = ORIENTED_EDGE ( 'NONE', *, *, #6610, .T. ) ;
#276 = DIRECTION ( 'NONE',  ( 0.0000000000000000000, 0.0000000000000000000, -1.000000000000000000 ) ) ;
#277 = EDGE_CURVE ( 'NONE', #2360, #9814, #1184, .T. ) ;
#278 = DIRECTION ( 'NONE',  ( -0.1378445374916254000, -0.1378445374916254000, -0.9808148484639900300 ) ) ;
#279 = VECTOR ( 'NONE', #6531, 1000.000000000000000 ) ;
#280 = VECTOR ( 'NONE', #3394, 1000.000000000000000 ) ;
#281 = CARTESIAN_POINT ( 'NONE',  ( -4.224999999999999600, 0.1000000000000000500, -1.950000000000000200 ) ) ;
#282 = ORIENTED_EDGE ( 'NONE', *, *, #4938, .T. ) ;
#283 = ORIENTED_EDGE ( 'NONE', *, *, #4681, .T. ) ;
#284 = ORIENTED_EDGE ( 'NONE', *, *, #5645, .T. ) ;
#285 = STYLED_ITEM ( 'NONE', ( #9465 ), #8463 ) ;
#286 = CARTESIAN_POINT ( 'NONE',  ( 5.874999999999999100, 0.4999999999999995600, -1.000000000000000700 ) ) ;
#287 = SURFACE_STYLE_USAGE ( .BOTH. , #8740 ) ;
#288 = LINE ( 'NONE', #4774, #9857 ) ;
#289 = DIRECTION ( 'NONE',  ( -0.0000000000000000000, 1.000000000000000000, 6.672013369141573100E-016 ) ) ;
#290 = EDGE_LOOP ( 'NONE', ( #6100, #9266, #555, #7570 ) ) ;
#291 = DIRECTION ( 'NONE',  ( -1.000000000000000000, -0.0000000000000000000, -0.0000000000000000000 ) ) ;
#292 = CARTESIAN_POINT ( 'NONE',  ( -0.7749999999999996900, 2.040000000000000000, -1.500000000000000700 ) ) ;
#293 = CARTESIAN_POINT ( 'NONE',  ( -4.224999999999999600, 0.9499999999999998400, 1.249999999999986000 ) ) ;
#294 = EDGE_CURVE ( 'NONE', #4818, #4565, #6621, .T. ) ;
#295 = CARTESIAN_POINT ( 'NONE',  ( -3.584999999999999500, 3.469233347080714400, 2.650000000000000800 ) ) ;
#296 = ORIENTED_EDGE ( 'NONE', *, *, #4749, .T. ) ;
#297 = ORIENTED_EDGE ( 'NONE', *, *, #6042, .T. ) ;
#298 = DIRECTION ( 'NONE',  ( 0.0000000000000000000, 1.000000000000000000, 0.0000000000000000000 ) ) ;
#299 = AXIS2_PLACEMENT_3D ( 'NONE', #4858, #160, #869 ) ;
#300 = ADVANCED_FACE ( 'NONE', ( #8059 ), #1066, .T. ) ;
#301 = CARTESIAN_POINT ( 'NONE',  ( -1.724999999999999600, 0.6000000000000007500, -2.449999999999999700 ) ) ;
#302 = LINE ( 'NONE', #7019, #8900 ) ;
#303 = DIRECTION ( 'NONE',  ( -1.000000000000000000, -0.0000000000000000000, -0.0000000000000000000 ) ) ;
#304 = ORIENTED_EDGE ( 'NONE', *, *, #8634, .T. ) ;
#305 = ORIENTED_EDGE ( 'NONE', *, *, #8947, .T. ) ;
#306 = CARTESIAN_POINT ( 'NONE',  ( -0.4749999999999997600, 1.700000000000000000, -1.000000000000000700 ) ) ;
#307 = FACE_OUTER_BOUND ( 'NONE', #4349, .T. ) ;
#308 = ORIENTED_EDGE ( 'NONE', *, *, #1050, .T. ) ;
#309 = VECTOR ( 'NONE', #5790, 1000.000000000000000 ) ;
#310 = ORIENTED_EDGE ( 'NONE', *, *, #429, .T. ) ;
#311 = EDGE_LOOP ( 'NONE', ( #7289, #8582, #4503, #7335, #5759, #2122 ) ) ;
#312 = DIRECTION ( 'NONE',  ( 0.9902680687415708100, 0.0000000000000000000, -0.1391731009600621100 ) ) ;
#313 = SURFACE_STYLE_USAGE ( .BOTH. , #6626 ) ;
#314 = DIRECTION ( 'NONE',  ( 0.0000000000000000000, -0.7071067811865439100, -0.7071067811865512400 ) ) ;
#315 = CARTESIAN_POINT ( 'NONE',  ( 4.225000000000001400, 1.700000000000000000, -1.000000000000000700 ) ) ;
#316 = VECTOR ( 'NONE', #4018, 1000.000000000000000 ) ;
#317 = VERTEX_POINT ( 'NONE', #2211 ) ;
#318 = LINE ( 'NONE', #7802, #1416 ) ;
#319 = ORIENTED_EDGE ( 'NONE', *, *, #3967, .F. ) ;
#320 = ORIENTED_EDGE ( 'NONE', *, *, #9346, .T. ) ;
#321 = DIRECTION ( 'NONE',  ( 0.0000000000000000000, -0.0000000000000000000, 1.000000000000000000 ) ) ;
#322 = DIRECTION ( 'NONE',  ( -0.0000000000000000000, -0.0000000000000000000, -1.000000000000000000 ) ) ;
#323 = EDGE_CURVE ( 'NONE', #1737, #3212, #2995, .T. ) ;
#324 = ADVANCED_FACE ( 'NONE', ( #942 ), #8633, .F. ) ;
#325 = CARTESIAN_POINT ( 'NONE',  ( -4.440675499178564900, 1.034324500821434800, 1.850000000000000500 ) ) ;
#326 = DIRECTION ( 'NONE',  ( 0.0000000000000000000, 0.0000000000000000000, -1.000000000000000000 ) ) ;
#327 = LINE ( 'NONE', #8311, #928 ) ;
#328 = VERTEX_POINT ( 'NONE', #9991 ) ;
#329 = DIRECTION ( 'NONE',  ( 0.0000000000000000000, -1.000000000000000000, 0.0000000000000000000 ) ) ;
#330 = DIRECTION ( 'NONE',  ( 1.000000000000000000, 0.0000000000000000000, 0.0000000000000000000 ) ) ;
#331 = EDGE_CURVE ( 'NONE', #9635, #6309, #4710, .T. ) ;
#332 = CARTESIAN_POINT ( 'NONE',  ( -5.874999999999999100, 3.399999999999999900, -1.550000000000000500 ) ) ;
#333 = CARTESIAN_POINT ( 'NONE',  ( 5.875000000000000000, 2.700000000000005500, 2.250000000000000400 ) ) ;
#334 = CARTESIAN_POINT ( 'NONE',  ( 2.025000000000000800, 1.250000000000000000, -2.299999999999999800 ) ) ;
#335 = VECTOR ( 'NONE', #2797, 1000.000000000000000 ) ;
#336 = DIRECTION ( 'NONE',  ( -1.000000000000000000, -0.0000000000000000000, -0.0000000000000000000 ) ) ;
#337 = CARTESIAN_POINT ( 'NONE',  ( -0.7749999999999996900, 0.0000000000000000000, -1.950000000000000800 ) ) ;
#338 = CYLINDRICAL_SURFACE ( 'NONE', #4468, 0.09999999999999982500 ) ;
#339 = ORIENTED_EDGE ( 'NONE', *, *, #3627, .T. ) ;
#340 = EDGE_CURVE ( 'NONE', #5975, #5301, #108, .T. ) ;
#341 = EDGE_CURVE ( 'NONE', #9360, #9409, #7819, .T. ) ;
#342 = SHAPE_DEFINITION_REPRESENTATION ( #8627, #4520 ) ;
#343 = VECTOR ( 'NONE', #5233, 1000.000000000000000 ) ;
#344 = EDGE_CURVE ( 'NONE', #2301, #9587, #4335, .T. ) ;
#345 = PRODUCT_CONTEXT ( 'NONE', #1961, 'mechanical' ) ;
#346 = LINE ( 'NONE', #9258, #4949 ) ;
#347 = ORIENTED_EDGE ( 'NONE', *, *, #4089, .T. ) ;
#348 = CARTESIAN_POINT ( 'NONE',  ( -5.204999999999999200, 0.2999999999999991600, -1.550000000000000300 ) ) ;
#349 = CARTESIAN_POINT ( 'NONE',  ( 0.4750000000000005900, 1.700000000000000000, -1.000000000000000700 ) ) ;
#350 = CARTESIAN_POINT ( 'NONE',  ( -6.224999999999998800, 0.2999999999999989900, 1.850000000000000100 ) ) ;
#351 =( LENGTH_UNIT ( ) NAMED_UNIT ( * ) SI_UNIT ( .MILLI., .METRE. ) );
#352 = ADVANCED_FACE ( 'NONE', ( #5319 ), #10028, .F. ) ;
#353 = CIRCLE ( 'NONE', #5582, 0.1000000000000000500 ) ;
#354 = EDGE_CURVE ( 'NONE', #8262, #1574, #5798, .T. ) ;
#355 = CIRCLE ( 'NONE', #9302, 0.1000000000000000500 ) ;
#356 = DIRECTION ( 'NONE',  ( -1.000000000000000000, 0.0000000000000000000, -0.0000000000000000000 ) ) ;
#357 = EDGE_LOOP ( 'NONE', ( #9104, #6799, #2203, #4012 ) ) ;
#358 = DIRECTION ( 'NONE',  ( 0.0000000000000000000, 1.000000000000000000, 0.0000000000000000000 ) ) ;
#359 = PRODUCT_DEFINITION_CONTEXT ( 'detailed design', #5766, 'design' ) ;
#360 = DIRECTION ( 'NONE',  ( 0.0000000000000000000, -1.000000000000000000, -4.015563601798169700E-016 ) ) ;
#361 = AXIS2_PLACEMENT_3D ( 'NONE', #625, #1441, #5309 ) ;
#362 = DIRECTION ( 'NONE',  ( 0.0000000000000000000, 0.0000000000000000000, 1.000000000000000000 ) ) ;
#363 = VECTOR ( 'NONE', #10014, 1000.000000000000000 ) ;
#364 = VECTOR ( 'NONE', #8542, 1000.000000000000000 ) ;
#365 = VERTEX_POINT ( 'NONE', #9343 ) ;
#366 = ORIENTED_EDGE ( 'NONE', *, *, #3902, .F. ) ;
#367 = CARTESIAN_POINT ( 'NONE',  ( 4.285000000000001000, 0.5999999999999998700, 6.505213034913026600E-016 ) ) ;
#368 = SURFACE_STYLE_FILL_AREA ( #2796 ) ;
#369 = LINE ( 'NONE', #3626, #9446 ) ;
#370 = ORIENTED_EDGE ( 'NONE', *, *, #1810, .F. ) ;
#371 = AXIS2_PLACEMENT_3D ( 'NONE', #2021, #3676, #8222 ) ;
#372 = CARTESIAN_POINT ( 'NONE',  ( -1.724999999999999600, 0.1000000000000000500, -1.950000000000000200 ) ) ;
#373 = ORIENTED_EDGE ( 'NONE', *, *, #7363, .F. ) ;
#374 = EDGE_LOOP ( 'NONE', ( #65, #4033, #7882, #9295 ) ) ;
#375 = ADVANCED_FACE ( 'NONE', ( #1437 ), #7023, .F. ) ;
#376 = PRODUCT_CONTEXT ( 'NONE', #6650, 'mechanical' ) ;
#377 = FACE_OUTER_BOUND ( 'NONE', #3460, .T. ) ;
#378 = SURFACE_STYLE_FILL_AREA ( #8332 ) ;
#379 = CARTESIAN_POINT ( 'NONE',  ( 2.025000000000000800, 0.4000000000000001900, -2.649999999999999900 ) ) ;
#380 = DIRECTION ( 'NONE',  ( 1.000000000000000000, 0.0000000000000000000, 0.0000000000000000000 ) ) ;
#381 = VERTEX_POINT ( 'NONE', #3078 ) ;
#382 = DIRECTION ( 'NONE',  ( 0.0000000000000000000, 3.614007241618353200E-016, -1.000000000000000000 ) ) ;
#383 = ORIENTED_EDGE ( 'NONE', *, *, #8079, .T. ) ;
#384 = ORIENTED_EDGE ( 'NONE', *, *, #2100, .T. ) ;
#385 = ORIENTED_EDGE ( 'NONE', *, *, #9761, .F. ) ;
#386 = DIRECTION ( 'NONE',  ( 0.0000000000000000000, 0.9902680687415708100, -0.1391731009600621100 ) ) ;
#387 = MECHANICAL_DESIGN_GEOMETRIC_PRESENTATION_REPRESENTATION (  '', ( #2596 ), #8343 ) ;
#388 = VECTOR ( 'NONE', #9231, 1000.000000000000000 ) ;
#389 = CARTESIAN_POINT ( 'NONE',  ( -5.275000000000000400, 2.999999999999999600, -1.000000000000000900 ) ) ;
#390 = CARTESIAN_POINT ( 'NONE',  ( 4.525000000000001200, 0.5000000000000000000, -1.550000000000000300 ) ) ;
#391 = VERTEX_POINT ( 'NONE', #3173 ) ;
#392 = CARTESIAN_POINT ( 'NONE',  ( -4.224999999999999600, 1.500000000000000000, -1.600000000000001000 ) ) ;
#393 = DIRECTION ( 'NONE',  ( 0.0000000000000000000, -1.000000000000000000, -3.614007241618353200E-016 ) ) ;
#394 = VERTEX_POINT ( 'NONE', #9381 ) ;
#395 = EDGE_LOOP ( 'NONE', ( #4743, #3970, #5378, #8657 ) ) ;
#396 = CARTESIAN_POINT ( 'NONE',  ( -1.724999999999999600, 1.250000000000000000, -2.449999999999999300 ) ) ;
#397 = EDGE_CURVE ( 'NONE', #3473, #9002, #9191, .T. ) ;
#398 = VECTOR ( 'NONE', #5676, 1000.000000000000100 ) ;
#399 = EDGE_CURVE ( 'NONE', #4072, #9859, #3973, .T. ) ;
#400 = CARTESIAN_POINT ( 'NONE',  ( 4.525000000000001200, 0.4000000000000001900, -2.550000000000000300 ) ) ;
#401 = DIRECTION ( 'NONE',  ( 0.0000000000000000000, 1.000000000000000000, 0.0000000000000000000 ) ) ;
#402 = CARTESIAN_POINT ( 'NONE',  ( -5.874999999999999100, 3.399999999999999900, -1.550000000000000500 ) ) ;
#403 = CARTESIAN_POINT ( 'NONE',  ( 7.374999999999999100, 1.999999999999999100, -0.5499999999999997100 ) ) ;
#404 = ORIENTED_EDGE ( 'NONE', *, *, #8376, .T. ) ;
#405 = VERTEX_POINT ( 'NONE', #5400 ) ;
#406 = EDGE_CURVE ( 'NONE', #9020, #2957, #702, .T. ) ;
#407 = VECTOR ( 'NONE', #9178, 1000.000000000000000 ) ;
#409 = CARTESIAN_POINT ( 'NONE',  ( -2.024999999999999500, 0.7999999999999999300, -1.400000000000000600 ) ) ;
#408 = VECTOR ( 'NONE', #7848, 1000.000000000000000 ) ;
#410 = ORIENTED_EDGE ( 'NONE', *, *, #7305, .F. ) ;
#411 = EDGE_LOOP ( 'NONE', ( #4024, #3450, #1315, #9356 ) ) ;
#412 = VERTEX_POINT ( 'NONE', #880 ) ;
#413 = CARTESIAN_POINT ( 'NONE',  ( 2.975000000000000100, 1.399999999999999700, -2.299999999999999800 ) ) ;
#414 = EDGE_CURVE ( 'NONE', #5655, #1624, #1672, .T. ) ;
#415 = DIRECTION ( 'NONE',  ( 1.162683294890621800E-016, -1.000000000000000000, 0.0000000000000000000 ) ) ;
#416 = DIRECTION ( 'NONE',  ( 1.000000000000000000, 0.0000000000000000000, 0.0000000000000000000 ) ) ;
#417 = FACE_OUTER_BOUND ( 'NONE', #8215, .T. ) ;
#418 = AXIS2_PLACEMENT_3D ( 'NONE', #3721, #8408, #5289 ) ;
#419 = ORIENTED_EDGE ( 'NONE', *, *, #2859, .T. ) ;
#420 = LINE ( 'NONE', #7726, #7778 ) ;
#421 = VERTEX_POINT ( 'NONE', #6233 ) ;
#422 = DIRECTION ( 'NONE',  ( -0.0000000000000000000, 1.000000000000000000, 6.672013369141573100E-016 ) ) ;
#423 = PLANE ( 'NONE',  #9376 ) ;
#424 = ORIENTED_EDGE ( 'NONE', *, *, #5646, .F. ) ;
#425 = ADVANCED_FACE ( 'NONE', ( #213 ), #7720, .F. ) ;
#426 = CARTESIAN_POINT ( 'NONE',  ( 6.874999999999995600, 0.2999999999999993200, 2.250000000000000400 ) ) ;
#427 = CARTESIAN_POINT ( 'NONE',  ( -2.974999999999999200, 0.7999999999999999300, -1.400000000000000600 ) ) ;
#428 = LINE ( 'NONE', #540, #3820 ) ;
#429 = EDGE_CURVE ( 'NONE', #6208, #6711, #9073, .T. ) ;
#430 = ORIENTED_EDGE ( 'NONE', *, *, #1665, .F. ) ;
#431 = CARTESIAN_POINT ( 'NONE',  ( -4.524999999999999500, 0.9499999999999998400, 3.457774721070176100 ) ) ;
#432 = AXIS2_PLACEMENT_3D ( 'NONE', #3789, #609, #6033 ) ;
#433 = FACE_OUTER_BOUND ( 'NONE', #2168, .T. ) ;
#434 = ORIENTED_EDGE ( 'NONE', *, *, #3767, .T. ) ;
#435 = CARTESIAN_POINT ( 'NONE',  ( 5.674999999999999800, 0.2999999999999991600, -1.550000000000000300 ) ) ;
#436 = CARTESIAN_POINT ( 'NONE',  ( 5.274999999999998600, 2.999999999999999600, -12.21954250419119600 ) ) ;
#437 = DIRECTION ( 'NONE',  ( 0.0000000000000000000, 1.000000000000000000, 0.0000000000000000000 ) ) ;
#438 = CYLINDRICAL_SURFACE ( 'NONE', #7038, 0.1000000000000002600 ) ;
#439 = ORIENTED_EDGE ( 'NONE', *, *, #340, .T. ) ;
#440 = CARTESIAN_POINT ( 'NONE',  ( -1.724999999999999600, 1.250000000000000000, -2.449999999999999300 ) ) ;
#441 = DIRECTION ( 'NONE',  ( 0.0000000000000000000, 0.0000000000000000000, 1.000000000000000000 ) ) ;
#442 = VECTOR ( 'NONE', #4299, 1000.000000000000000 ) ;
#443 = ORIENTED_EDGE ( 'NONE', *, *, #2221, .T. ) ;
#444 = SURFACE_SIDE_STYLE ('',( #697 ) ) ;
#445 = DIRECTION ( 'NONE',  ( 0.0000000000000000000, 0.0000000000000000000, -1.000000000000000000 ) ) ;
#446 = AXIS2_PLACEMENT_3D ( 'NONE', #7675, #7166, #4215 ) ;
#447 = DIRECTION ( 'NONE',  ( -0.0000000000000000000, -1.000000000000000000, -0.0000000000000000000 ) ) ;
#448 = ADVANCED_FACE ( 'NONE', ( #7096 ), #4738, .F. ) ;
#449 = COLOUR_RGB ( '',0.7921568627450980000, 0.8196078431372548800, 0.9333333333333333500 ) ;
#450 = VECTOR ( 'NONE', #1485, 1000.000000000000000 ) ;
#451 = ORIENTED_EDGE ( 'NONE', *, *, #9046, .F. ) ;
#452 = DIRECTION ( 'NONE',  ( 0.0000000000000000000, -0.0000000000000000000, -1.000000000000000000 ) ) ;
#453 = DIRECTION ( 'NONE',  ( -0.0000000000000000000, -0.0000000000000000000, -1.000000000000000000 ) ) ;
#454 = DIRECTION ( 'NONE',  ( 1.000000000000000000, -0.0000000000000000000, 0.0000000000000000000 ) ) ;
#455 = EDGE_CURVE ( 'NONE', #2958, #9371, #8185, .T. ) ;
#456 = EDGE_CURVE ( 'NONE', #6025, #9383, #6156, .T. ) ;
#457 = CARTESIAN_POINT ( 'NONE',  ( -0.4749999999999997600, 0.5000000000000000000, -1.550000000000000300 ) ) ;
#458 = VECTOR ( 'NONE', #9255, 1000.000000000000000 ) ;
#459 = CARTESIAN_POINT ( 'NONE',  ( 2.975000000000000100, 2.140000000000000100, -1.500000000000000000 ) ) ;
#460 = DIRECTION ( 'NONE',  ( -1.000000000000000000, -0.0000000000000000000, -0.0000000000000000000 ) ) ;
#461 = LINE ( 'NONE', #3326, #5188 ) ;
#462 = VERTEX_POINT ( 'NONE', #9548 ) ;
#463 = CARTESIAN_POINT ( 'NONE',  ( 4.525000000000001200, 0.6000000000000007500, -2.449999999999999700 ) ) ;
#464 = EDGE_CURVE ( 'NONE', #1926, #9933, #7575, .T. ) ;
#465 = AXIS2_PLACEMENT_3D ( 'NONE', #6170, #9965, #1544 ) ;
#466 = FACE_OUTER_BOUND ( 'NONE', #5449, .T. ) ;
#467 = CARTESIAN_POINT ( 'NONE',  ( -4.224999999999999600, 2.140000000000000100, -1.500000000000000000 ) ) ;
#468 =( LENGTH_UNIT ( ) NAMED_UNIT ( * ) SI_UNIT ( .MILLI., .METRE. ) );
#469 = DIRECTION ( 'NONE',  ( -0.0000000000000000000, -1.000000000000000000, -0.0000000000000000000 ) ) ;
#470 = DIRECTION ( 'NONE',  ( 0.0000000000000000000, 0.0000000000000000000, 1.000000000000000000 ) ) ;
#471 = FACE_OUTER_BOUND ( 'NONE', #76, .T. ) ;
#472 = ORIENTED_EDGE ( 'NONE', *, *, #2474, .F. ) ;
#473 = EDGE_CURVE ( 'NONE', #1293, #2425, #8580, .T. ) ;
#474 = DIRECTION ( 'NONE',  ( -1.000000000000000000, -0.0000000000000000000, -0.0000000000000000000 ) ) ;
#475 = ADVANCED_FACE ( 'NONE', ( #5560 ), #7981, .T. ) ;
#476 = VECTOR ( 'NONE', #6435, 1000.000000000000000 ) ;
#477 = AXIS2_PLACEMENT_3D ( 'NONE', #1243, #1345, #8183 ) ;
#478 = DIRECTION ( 'NONE',  ( 0.0000000000000000000, 0.0000000000000000000, -1.000000000000000000 ) ) ;
#479 = CLOSED_SHELL ( 'NONE', ( #5789, #5585, #5470, #3840, #9722, #5544, #500, #6916 ) ) ;
#480 = DIRECTION ( 'NONE',  ( 0.0000000000000000000, 0.0000000000000000000, -1.000000000000000000 ) ) ;
#481 = DIRECTION ( 'NONE',  ( -0.0000000000000000000, -0.0000000000000000000, -1.000000000000000000 ) ) ;
#482 = ORIENTED_EDGE ( 'NONE', *, *, #9226, .F. ) ;
#483 = CARTESIAN_POINT ( 'NONE',  ( -4.224999999999999600, 0.1000000000000000300, -2.550000000000000300 ) ) ;
#484 = VECTOR ( 'NONE', #605, 1000.000000000000000 ) ;
#485 = LINE ( 'NONE', #753, #128 ) ;
#486 = EDGE_CURVE ( 'NONE', #2452, #6133, #2039, .T. ) ;
#487 = DIRECTION ( 'NONE',  ( -0.0000000000000000000, -1.000000000000000000, -0.0000000000000000000 ) ) ;
#488 = ORIENTED_EDGE ( 'NONE', *, *, #7565, .T. ) ;
#489 = DIRECTION ( 'NONE',  ( 0.9902680687415708100, 0.0000000000000000000, -0.1391731009600621100 ) ) ;
#490 = VERTEX_POINT ( 'NONE', #3992 ) ;
#491 = ORIENTED_EDGE ( 'NONE', *, *, #6492, .F. ) ;
#492 = CARTESIAN_POINT ( 'NONE',  ( 4.309324500821436000, 1.615675499178565100, 1.850000000000000500 ) ) ;
#493 = DIRECTION ( 'NONE',  ( -1.000000000000000000, 0.0000000000000000000, 0.0000000000000000000 ) ) ;
#494 = LINE ( 'NONE', #4607, #8721 ) ;
#496 = DIRECTION ( 'NONE',  ( 0.0000000000000000000, 0.0000000000000000000, -1.000000000000000000 ) ) ;
#495 = VECTOR ( 'NONE', #8554, 1000.000000000000000 ) ;
#497 = CARTESIAN_POINT ( 'NONE',  ( 7.374999999999998200, 0.8000000000000000400, 5.480194339616986100 ) ) ;
#498 = ORIENTED_EDGE ( 'NONE', *, *, #9286, .F. ) ;
#499 = CARTESIAN_POINT ( 'NONE',  ( -4.224999999999999600, 1.250000000000000000, -2.449999999999999300 ) ) ;
#500 = ADVANCED_FACE ( 'NONE', ( #9667 ), #8689, .T. ) ;
#501 = CLOSED_SHELL ( 'NONE', ( #3566, #8305, #3913, #8630, #3186, #5154, #8001, #1842, #6404, #2411 ) ) ;
#502 = ORIENTED_EDGE ( 'NONE', *, *, #8427, .F. ) ;
#503 = CARTESIAN_POINT ( 'NONE',  ( 0.4750000000000005900, 0.9499999999999998400, 3.457774721070176100 ) ) ;
#504 = DIRECTION ( 'NONE',  ( -1.000000000000000000, -0.0000000000000000000, -0.0000000000000000000 ) ) ;
#505 = CARTESIAN_POINT ( 'NONE',  ( 0.0000000000000000000, 3.399999999999999900, 0.0000000000000000000 ) ) ;
#506 = DIRECTION ( 'NONE',  ( -1.000000000000000000, -0.0000000000000000000, -0.0000000000000000000 ) ) ;
#507 = CARTESIAN_POINT ( 'NONE',  ( 1.725000000000000800, 2.140000000000000100, -1.500000000000000000 ) ) ;
#508 = VECTOR ( 'NONE', #278, 1000.000000000000000 ) ;
#509 = LINE ( 'NONE', #1488, #4985 ) ;
#510 = AXIS2_PLACEMENT_3D ( 'NONE', #3366, #2568, #7943 ) ;
#511 = ORIENTED_EDGE ( 'NONE', *, *, #9932, .T. ) ;
#512 = ORIENTED_EDGE ( 'NONE', *, *, #1269, .T. ) ;
#513 = ORIENTED_EDGE ( 'NONE', *, *, #3906, .T. ) ;
#514 = LINE ( 'NONE', #8707, #8375 ) ;
#515 = DIRECTION ( 'NONE',  ( 0.0000000000000000000, 1.000000000000000000, 0.0000000000000000000 ) ) ;
#516 = DIRECTION ( 'NONE',  ( 0.0000000000000000000, -1.000000000000000000, 0.0000000000000000000 ) ) ;
#517 = VECTOR ( 'NONE', #91, 1000.000000000000000 ) ;
#518 = VECTOR ( 'NONE', #5416, 1000.000000000000000 ) ;
#519 = DIRECTION ( 'NONE',  ( 0.0000000000000000000, 0.0000000000000000000, -1.000000000000000000 ) ) ;
#520 = CARTESIAN_POINT ( 'NONE',  ( -5.874999999999999100, 2.700000000000005500, 2.250000000000000400 ) ) ;
#521 = VERTEX_POINT ( 'NONE', #6415 ) ;
#522 = ORIENTED_EDGE ( 'NONE', *, *, #6735, .F. ) ;
#523 = ORIENTED_EDGE ( 'NONE', *, *, #5500, .F. ) ;
#524 = AXIS2_PLACEMENT_3D ( 'NONE', #1350, #1253, #4440 ) ;
#525 = EDGE_CURVE ( 'NONE', #8818, #1518, #3470, .T. ) ;
#526 = VECTOR ( 'NONE', #1754, 1000.000000000000000 ) ;
#527 = ADVANCED_FACE ( 'NONE', ( #4588 ), #5624, .F. ) ;
#528 = DIRECTION ( 'NONE',  ( 0.0000000000000000000, 1.000000000000000000, 0.0000000000000000000 ) ) ;
#529 = ORIENTED_EDGE ( 'NONE', *, *, #5983, .T. ) ;
#530 = CARTESIAN_POINT ( 'NONE',  ( 4.225000000000001400, 0.7999999999999998200, -1.550000000000000300 ) ) ;
#531 = DIRECTION ( 'NONE',  ( 0.0000000000000000000, -1.000000000000000000, 0.0000000000000000000 ) ) ;
#532 = ORIENTED_EDGE ( 'NONE', *, *, #9034, .F. ) ;
#533 = ORIENTED_EDGE ( 'NONE', *, *, #2505, .T. ) ;
#534 = UNCERTAINTY_MEASURE_WITH_UNIT (LENGTH_MEASURE( 1.000000000000000100E-005 ), #5112, 'distance_accuracy_value', 'NONE');
#535 = EDGE_CURVE ( 'NONE', #6778, #8839, #4948, .T. ) ;
#536 = DIRECTION ( 'NONE',  ( 1.000000000000000000, 0.0000000000000000000, -0.0000000000000000000 ) ) ;
#537 = EDGE_CURVE ( 'NONE', #6915, #490, #8809, .T. ) ;
#538 = EDGE_CURVE ( 'NONE', #3095, #4063, #4815, .T. ) ;
#539 = VECTOR ( 'NONE', #5198, 1000.000000000000000 ) ;
#540 = CARTESIAN_POINT ( 'NONE',  ( 1.725000000000000800, 1.500000000000000000, -1.600000000000001000 ) ) ;
#541 = CARTESIAN_POINT ( 'NONE',  ( -6.224999999999998800, 0.2999999999999989900, -0.3500000000000000300 ) ) ;
#542 = EDGE_LOOP ( 'NONE', ( #1256, #6935, #5236, #5567 ) ) ;
#543 = DIRECTION ( 'NONE',  ( 0.0000000000000000000, -6.672013369141573100E-016, 1.000000000000000000 ) ) ;
#544 = EDGE_CURVE ( 'NONE', #2775, #235, #2516, .T. ) ;
#545 = DIRECTION ( 'NONE',  ( -0.0000000000000000000, -1.000000000000000000, -0.0000000000000000000 ) ) ;
#546 = ORIENTED_EDGE ( 'NONE', *, *, #7059, .T. ) ;
#547 = ORIENTED_EDGE ( 'NONE', *, *, #7363, .T. ) ;
#548 = LINE ( 'NONE', #9419, #5045 ) ;
#549 = ORIENTED_EDGE ( 'NONE', *, *, #5803, .T. ) ;
#550 = DIRECTION ( 'NONE',  ( -1.000000000000000000, -0.0000000000000000000, -0.0000000000000000000 ) ) ;
#551 = EDGE_CURVE ( 'NONE', #3607, #1383, #3234, .T. ) ;
#552 = DIRECTION ( 'NONE',  ( 0.0000000000000000000, 1.000000000000000000, 5.421010862427532000E-016 ) ) ;
#553 = CARTESIAN_POINT ( 'NONE',  ( 5.594999999999998000, 1.430000000000000200, 2.650000000000000400 ) ) ;
#554 = ORIENTED_EDGE ( 'NONE', *, *, #6001, .F. ) ;
#555 = ORIENTED_EDGE ( 'NONE', *, *, #7876, .F. ) ;
#556 = DIRECTION ( 'NONE',  ( 0.0000000000000000000, 0.0000000000000000000, -1.000000000000000000 ) ) ;
#557 = ADVANCED_FACE ( 'NONE', ( #2876 ), #8320, .T. ) ;
#558 = FACE_OUTER_BOUND ( 'NONE', #10040, .T. ) ;
#559 = ORIENTED_EDGE ( 'NONE', *, *, #817, .T. ) ;
#560 = CIRCLE ( 'NONE', #2893, 0.2999999999999997100 ) ;
#561 = ORIENTED_EDGE ( 'NONE', *, *, #5661, .T. ) ;
#562 = CARTESIAN_POINT ( 'NONE',  ( 3.275000000000000400, 0.5000000000000000000, -1.849999999999999900 ) ) ;
#563 = VERTEX_POINT ( 'NONE', #234 ) ;
#564 = PLANE ( 'NONE',  #3354 ) ;
#565 = CARTESIAN_POINT ( 'NONE',  ( 0.7750000000000004700, 1.700000000000000000, -1.000000000000000700 ) ) ;
#566 = CARTESIAN_POINT ( 'NONE',  ( -3.059324500821434300, 1.034324500821434800, 1.850000000000000500 ) ) ;
#567 = LINE ( 'NONE', #1661, #1654 ) ;
#568 = ORIENTED_EDGE ( 'NONE', *, *, #4618, .F. ) ;
#569 = ADVANCED_FACE ( 'NONE', ( #6506 ), #4086, .F. ) ;
#570 = CARTESIAN_POINT ( 'NONE',  ( -3.584999999999999500, 0.5999999999999998700, 2.400000000000003000 ) ) ;
#571 = LINE ( 'NONE', #6303, #6725 ) ;
#572 = DIRECTION ( 'NONE',  ( -1.000000000000000000, 7.228014483236702500E-016, 0.0000000000000000000 ) ) ;
#573 = DIRECTION ( 'NONE',  ( 0.0000000000000000000, -0.9902680687415708100, -0.1391731009600621100 ) ) ;
#574 = AXIS2_PLACEMENT_3D ( 'NONE', #8470, #3774, #1483 ) ;
#575 = CARTESIAN_POINT ( 'NONE',  ( 2.975000000000000100, 2.140000000000000100, -1.400000000000000600 ) ) ;
#576 = CIRCLE ( 'NONE', #6438, 0.1499999999999999700 ) ;
#577 = CARTESIAN_POINT ( 'NONE',  ( -0.7749999999999996900, 0.0000000000000000000, -1.950000000000000800 ) ) ;
#578 = VECTOR ( 'NONE', #7196, 1000.000000000000000 ) ;
#579 = ORIENTED_EDGE ( 'NONE', *, *, #3900, .F. ) ;
#580 = CARTESIAN_POINT ( 'NONE',  ( -5.204999999999999200, 0.2999999999999991600, 2.650000000000000400 ) ) ;
#581 = DIRECTION ( 'NONE',  ( 0.0000000000000000000, 0.0000000000000000000, 1.000000000000000000 ) ) ;
#582 = DIRECTION ( 'NONE',  ( -1.000000000000000000, 0.0000000000000000000, 0.0000000000000000000 ) ) ;
#583 = ADVANCED_FACE ( 'NONE', ( #2165 ), #3225, .T. ) ;
#584 = FACE_OUTER_BOUND ( 'NONE', #8510, .T. ) ;
#585 = VECTOR ( 'NONE', #7512, 1000.000000000000000 ) ;
#586 = ORIENTED_EDGE ( 'NONE', *, *, #9185, .F. ) ;
#587 = DIRECTION ( 'NONE',  ( 0.9902680687415708100, 0.0000000000000000000, -0.1391731009600621100 ) ) ;
#588 = DIRECTION ( 'NONE',  ( -0.0000000000000000000, -1.000000000000000000, 0.0000000000000000000 ) ) ;
#589 = CARTESIAN_POINT ( 'NONE',  ( 1.725000000000000800, 1.700000000000000000, -1.000000000000000700 ) ) ;
#590 = CARTESIAN_POINT ( 'NONE',  ( -4.224999999999999600, 1.700000000000000000, 3.457774721070176100 ) ) ;
#591 = AXIS2_PLACEMENT_3D ( 'NONE', #4074, #3192, #8680 ) ;
#592 = VECTOR ( 'NONE', #3896, 1000.000000000000000 ) ;
#593 = CARTESIAN_POINT ( 'NONE',  ( 2.975000000000000100, 1.250000000000000000, -2.299999999999999800 ) ) ;
#594 = VERTEX_POINT ( 'NONE', #8789 ) ;
#595 = EDGE_CURVE ( 'NONE', #3878, #6487, #6271, .T. ) ;
#596 = EDGE_CURVE ( 'NONE', #235, #3095, #3114, .T. ) ;
#597 = DIRECTION ( 'NONE',  ( 0.0000000000000000000, 0.0000000000000000000, 1.000000000000000000 ) ) ;
#598 = LINE ( 'NONE', #1201, #1445 ) ;
#599 = CLOSED_SHELL ( 'NONE', ( #9293, #1969, #8058, #1079, #5209, #7858, #3093, #1720, #4393, #6480 ) ) ;
#600 = EDGE_CURVE ( 'NONE', #1398, #7975, #7928, .T. ) ;
#601 = FACE_OUTER_BOUND ( 'NONE', #2675, .T. ) ;
#602 = ORIENTED_EDGE ( 'NONE', *, *, #9470, .T. ) ;
#603 = DIRECTION ( 'NONE',  ( -1.000000000000000000, -0.0000000000000000000, -0.0000000000000000000 ) ) ;
#604 = CARTESIAN_POINT ( 'NONE',  ( 3.275000000000000400, 1.399999999999999700, -1.700000000000000800 ) ) ;
#605 = DIRECTION ( 'NONE',  ( -1.000000000000000000, -0.0000000000000000000, -0.0000000000000000000 ) ) ;
#606 = DIRECTION ( 'NONE',  ( 0.0000000000000000000, 1.000000000000000000, 0.0000000000000000000 ) ) ;
#607 = FACE_OUTER_BOUND ( 'NONE', #6586, .T. ) ;
#608 = EDGE_CURVE ( 'NONE', #991, #3926, #1559, .T. ) ;
#609 = DIRECTION ( 'NONE',  ( 1.000000000000000000, 0.0000000000000000000, 0.0000000000000000000 ) ) ;
#610 = EDGE_CURVE ( 'NONE', #781, #4072, #3855, .T. ) ;
#611 = VERTEX_POINT ( 'NONE', #6543 ) ;
#612 = DIRECTION ( 'NONE',  ( 1.000000000000000000, 0.0000000000000000000, -0.0000000000000000000 ) ) ;
#613 = ORIENTED_EDGE ( 'NONE', *, *, #5002, .F. ) ;
#614 = VECTOR ( 'NONE', #1755, 1000.000000000000000 ) ;
#615 = LINE ( 'NONE', #4426, #976 ) ;
#616 = DIRECTION ( 'NONE',  ( -1.000000000000000000, 0.0000000000000000000, 0.0000000000000000000 ) ) ;
#617 = CARTESIAN_POINT ( 'NONE',  ( 5.274999999999998600, 0.5999999999999998700, -1.000000000000000900 ) ) ;
#618 = PLANE ( 'NONE',  #2672 ) ;
#619 = ORIENTED_EDGE ( 'NONE', *, *, #1377, .T. ) ;
#620 = ORIENTED_EDGE ( 'NONE', *, *, #8982, .F. ) ;
#621 = ORIENTED_EDGE ( 'NONE', *, *, #6239, .F. ) ;
#622 = EDGE_CURVE ( 'NONE', #8850, #6241, #1060, .T. ) ;
#623 = VECTOR ( 'NONE', #7820, 1000.000000000000000 ) ;
#624 = LINE ( 'NONE', #5952, #1357 ) ;
#625 = CARTESIAN_POINT ( 'NONE',  ( 7.374999999999999100, 1.999999999999999100, 5.480194339616986100 ) ) ;
#626 = EDGE_LOOP ( 'NONE', ( #8906, #5936, #9776, #5341 ) ) ;
#627 = EDGE_LOOP ( 'NONE', ( #8080, #5295, #9981, #8302 ) ) ;
#628 = DIRECTION ( 'NONE',  ( 0.0000000000000000000, -7.228014483236719200E-016, -1.000000000000000000 ) ) ;
#629 = AXIS2_PLACEMENT_3D ( 'NONE', #4961, #4897, #1136 ) ;
#630 = ORIENTED_EDGE ( 'NONE', *, *, #1652, .T. ) ;
#631 = VERTEX_POINT ( 'NONE', #8160 ) ;
#632 = CARTESIAN_POINT ( 'NONE',  ( -5.874999999999999100, 2.700000000000005500, -0.5499999999999997100 ) ) ;
#633 = CARTESIAN_POINT ( 'NONE',  ( 2.025000000000000800, 0.1000000000000000300, -2.649999999999999900 ) ) ;
#634 = CARTESIAN_POINT ( 'NONE',  ( 0.4750000000000005900, 0.7999999999999999300, -1.400000000000000600 ) ) ;
#635 = EDGE_LOOP ( 'NONE', ( #3426, #8795, #2194, #1462 ) ) ;
#636 = CARTESIAN_POINT ( 'NONE',  ( -4.309324500821434300, 3.399999999999999900, 1.850000000000000500 ) ) ;
#637 = EDGE_CURVE ( 'NONE', #5314, #2673, #4469, .T. ) ;
#638 = ORIENTED_EDGE ( 'NONE', *, *, #608, .F. ) ;
#639 = DIRECTION ( 'NONE',  ( 0.0000000000000000000, -0.0000000000000000000, -1.000000000000000000 ) ) ;
#640 = PLANE ( 'NONE',  #9136 ) ;
#641 = CIRCLE ( 'NONE', #9306, 0.09999999999999982500 ) ;
#643 = DIRECTION ( 'NONE',  ( 0.0000000000000000000, 1.000000000000000000, 0.0000000000000000000 ) ) ;
#642 = VECTOR ( 'NONE', #3877, 1000.000000000000000 ) ;
#644 = VERTEX_POINT ( 'NONE', #3463 ) ;
#645 = EDGE_LOOP ( 'NONE', ( #8224, #1539, #7913, #6452 ) ) ;
#646 =( NAMED_UNIT ( * ) PLANE_ANGLE_UNIT ( ) SI_UNIT ( $, .RADIAN. ) );
#647 = CARTESIAN_POINT ( 'NONE',  ( -1.724999999999999600, 1.500000000000000000, -1.600000000000000800 ) ) ;
#648 = CARTESIAN_POINT ( 'NONE',  ( 5.204999999999999200, 0.2999999999999991600, -1.550000000000000300 ) ) ;
#649 = DIRECTION ( 'NONE',  ( 0.0000000000000000000, 0.0000000000000000000, -1.000000000000000000 ) ) ;
#650 = VECTOR ( 'NONE', #61, 1000.000000000000000 ) ;
#651 = VECTOR ( 'NONE', #8662, 1000.000000000000000 ) ;
#652 = EDGE_CURVE ( 'NONE', #381, #2400, #8800, .T. ) ;
#653 = ORIENTED_EDGE ( 'NONE', *, *, #149, .T. ) ;
#654 = CARTESIAN_POINT ( 'NONE',  ( -5.874999999999999100, 3.399999999999999900, 2.650000000000000400 ) ) ;
#655 = ORIENTED_EDGE ( 'NONE', *, *, #7306, .T. ) ;
#656 = ORIENTED_EDGE ( 'NONE', *, *, #3392, .F. ) ;
#657 = EDGE_CURVE ( 'NONE', #1349, #781, #3604, .T. ) ;
#658 = PLANE ( 'NONE',  #8660 ) ;
#659 = CARTESIAN_POINT ( 'NONE',  ( 5.274999999999998600, 0.5999999999999998700, 2.400000000000003000 ) ) ;
#660 = FACE_OUTER_BOUND ( 'NONE', #6835, .T. ) ;
#661 = ORIENTED_EDGE ( 'NONE', *, *, #5542, .F. ) ;
#662 = DIRECTION ( 'NONE',  ( -0.0000000000000000000, -0.0000000000000000000, -1.000000000000000000 ) ) ;
#663 = EDGE_LOOP ( 'NONE', ( #9138, #853, #1972, #854 ) ) ;
#664 = VERTEX_POINT ( 'NONE', #9715 ) ;
#665 = EDGE_CURVE ( 'NONE', #5286, #6551, #5312, .T. ) ;
#666 = CARTESIAN_POINT ( 'NONE',  ( -2.024999999999999500, 0.1000000000000000300, -2.649999999999999900 ) ) ;
#667 = VERTEX_POINT ( 'NONE', #4224 ) ;
#668 = CARTESIAN_POINT ( 'NONE',  ( -2.974999999999999200, 2.040000000000000000, -1.500000000000000700 ) ) ;
#669 = CARTESIAN_POINT ( 'NONE',  ( 5.274999999999998600, 2.999999999999999600, -1.000000000000000900 ) ) ;
#670 = DIRECTION ( 'NONE',  ( 0.0000000000000000000, -1.000000000000000000, 0.0000000000000000000 ) ) ;
#671 = VECTOR ( 'NONE', #7032, 1000.000000000000000 ) ;
#672 = AXIS2_PLACEMENT_3D ( 'NONE', #1435, #2278, #4587 ) ;
#673 = VERTEX_POINT ( 'NONE', #4976 ) ;
#674 = CARTESIAN_POINT ( 'NONE',  ( 0.7750000000000004700, 1.700000000000000000, 1.249999999999986000 ) ) ;
#675 = AXIS2_PLACEMENT_3D ( 'NONE', #9196, #2225, #597 ) ;
#676 = DIRECTION ( 'NONE',  ( 0.0000000000000000000, -1.000000000000000000, -5.421010862427532000E-016 ) ) ;
#677 = LINE ( 'NONE', #3200, #7554 ) ;
#678 = ORIENTED_EDGE ( 'NONE', *, *, #2910, .F. ) ;
#679 = LINE ( 'NONE', #2358, #5297 ) ;
#680 = VERTEX_POINT ( 'NONE', #1214 ) ;
#681 = DIRECTION ( 'NONE',  ( -0.0000000000000000000, 0.0000000000000000000, 1.000000000000000000 ) ) ;
#682 = EDGE_CURVE ( 'NONE', #2434, #4890, #2397, .T. ) ;
#683 = CARTESIAN_POINT ( 'NONE',  ( 4.440675499178566600, 1.034324500821434800, 1.850000000000000500 ) ) ;
#684 = VERTEX_POINT ( 'NONE', #337 ) ;
#685 = DIRECTION ( 'NONE',  ( 0.0000000000000000000, -1.000000000000000000, -3.614007241618353200E-016 ) ) ;
#686 = DIRECTION ( 'NONE',  ( 0.0000000000000000000, 0.0000000000000000000, -1.000000000000000000 ) ) ;
#687 = DIRECTION ( 'NONE',  ( 1.000000000000000000, 0.0000000000000000000, -0.0000000000000000000 ) ) ;
#688 = AXIS2_PLACEMENT_3D ( 'NONE', #8697, #8639, #8608 ) ;
#689 = VECTOR ( 'NONE', #9116, 1000.000000000000000 ) ;
#690 = ORIENTED_EDGE ( 'NONE', *, *, #4219, .T. ) ;
#691 = DIRECTION ( 'NONE',  ( 0.0000000000000000000, -4.015563601798169700E-016, 1.000000000000000000 ) ) ;
#692 = CIRCLE ( 'NONE', #3002, 0.1499999999999999700 ) ;
#693 = LINE ( 'NONE', #2823, #5659 ) ;
#694 = VERTEX_POINT ( 'NONE', #8017 ) ;
#695 = PLANE ( 'NONE',  #1567 ) ;
#696 = AXIS2_PLACEMENT_3D ( 'NONE', #7543, #5993, #5351 ) ;
#697 = SURFACE_STYLE_FILL_AREA ( #1897 ) ;
#698 = DIRECTION ( 'NONE',  ( -1.000000000000000000, -0.0000000000000000000, -0.0000000000000000000 ) ) ;
#699 = DIRECTION ( 'NONE',  ( 0.0000000000000000000, 0.0000000000000000000, -1.000000000000000000 ) ) ;
#700 = CARTESIAN_POINT ( 'NONE',  ( 4.225000000000001400, 0.5000000000000000000, -1.849999999999999900 ) ) ;
#701 = DIRECTION ( 'NONE',  ( -1.000000000000000000, 0.0000000000000000000, 0.0000000000000000000 ) ) ;
#702 = LINE ( 'NONE', #6167, #4216 ) ;
#703 = DIRECTION ( 'NONE',  ( 0.0000000000000000000, 0.0000000000000000000, -1.000000000000000000 ) ) ;
#704 = CARTESIAN_POINT ( 'NONE',  ( 2.025000000000000800, 0.1000000000000007100, -1.850000000000000100 ) ) ;
#705 = VECTOR ( 'NONE', #7622, 1000.000000000000000 ) ;
#706 = ORIENTED_EDGE ( 'NONE', *, *, #8579, .F. ) ;
#707 = DIRECTION ( 'NONE',  ( 0.0000000000000000000, 0.0000000000000000000, 1.000000000000000000 ) ) ;
#708 = LINE ( 'NONE', #4930, #111 ) ;
#709 = CARTESIAN_POINT ( 'NONE',  ( 0.4750000000000005900, 2.140000000000000100, -1.400000000000000600 ) ) ;
#710 = CARTESIAN_POINT ( 'NONE',  ( 2.989250837387210400, 0.9642508373872099600, 1.351399976863563800 ) ) ;
#711 = PRESENTATION_STYLE_ASSIGNMENT (( #4551 ) ) ;
#712 = LINE ( 'NONE', #315, #3484 ) ;
#713 = ORIENTED_EDGE ( 'NONE', *, *, #1377, .F. ) ;
#714 = DIRECTION ( 'NONE',  ( -1.000000000000000000, -0.0000000000000000000, -0.0000000000000000000 ) ) ;
#715 = VECTOR ( 'NONE', #8835, 1000.000000000000000 ) ;
#716 = ORIENTED_EDGE ( 'NONE', *, *, #5214, .T. ) ;
#717 = CARTESIAN_POINT ( 'NONE',  ( 0.7750000000000004700, 0.7999999999999999300, -1.400000000000000600 ) ) ;
#718 = EDGE_CURVE ( 'NONE', #4448, #7061, #4942, .T. ) ;
#719 = ORIENTED_EDGE ( 'NONE', *, *, #3571, .T. ) ;
#720 = EDGE_CURVE ( 'NONE', #1717, #7043, #2867, .T. ) ;
#721 = DIRECTION ( 'NONE',  ( -1.000000000000000000, -0.0000000000000000000, -0.0000000000000000000 ) ) ;
#723 = DIRECTION ( 'NONE',  ( -1.000000000000000000, -0.0000000000000000000, -0.0000000000000000000 ) ) ;
#722 = VECTOR ( 'NONE', #5868, 1000.000000000000000 ) ;
#724 = CARTESIAN_POINT ( 'NONE',  ( 5.874999999999999100, 2.499999999999999600, -1.550000000000000500 ) ) ;
#725 = DIRECTION ( 'NONE',  ( 0.0000000000000000000, 0.0000000000000000000, -1.000000000000000000 ) ) ;
#726 = EDGE_CURVE ( 'NONE', #9859, #5721, #5061, .T. ) ;
#727 = AXIS2_PLACEMENT_3D ( 'NONE', #5190, #543, #5956 ) ;
#728 = ORIENTED_EDGE ( 'NONE', *, *, #5849, .T. ) ;
#729 = VERTEX_POINT ( 'NONE', #5758 ) ;
#730 = ORIENTED_EDGE ( 'NONE', *, *, #9664, .F. ) ;
#731 = CARTESIAN_POINT ( 'NONE',  ( 2.025000000000000800, 2.140000000000000100, -1.500000000000000000 ) ) ;
#732 = PLANE ( 'NONE',  #3196 ) ;
#733 = ADVANCED_FACE ( 'NONE', ( #820 ), #8084, .F. ) ;
#734 = DIRECTION ( 'NONE',  ( 0.0000000000000000000, -1.000000000000000000, 0.0000000000000000000 ) ) ;
#735 = CIRCLE ( 'NONE', #3199, 0.09999999999999982500 ) ;
#736 = VECTOR ( 'NONE', #9089, 1000.000000000000000 ) ;
#737 = EDGE_CURVE ( 'NONE', #680, #2292, #3349, .T. ) ;
#738 = CARTESIAN_POINT ( 'NONE',  ( 5.874999999999999100, 0.2999999999999990500, -1.550000000000000300 ) ) ;
#739 = ORIENTED_EDGE ( 'NONE', *, *, #2283, .T. ) ;
#740 = ORIENTED_EDGE ( 'NONE', *, *, #3429, .T. ) ;
#741 = ORIENTED_EDGE ( 'NONE', *, *, #7052, .F. ) ;
#742 = DIRECTION ( 'NONE',  ( -1.000000000000000000, 0.0000000000000000000, 0.0000000000000000000 ) ) ;
#743 = CYLINDRICAL_SURFACE ( 'NONE', #223, 0.04999999999999883000 ) ;
#744 = DIRECTION ( 'NONE',  ( 0.0000000000000000000, 0.0000000000000000000, -1.000000000000000000 ) ) ;
#745 = PLANE ( 'NONE',  #5940 ) ;
#746 = LINE ( 'NONE', #3553, #3897 ) ;
#747 = FACE_OUTER_BOUND ( 'NONE', #3368, .T. ) ;
#748 = CARTESIAN_POINT ( 'NONE',  ( -5.274999999999999500, 2.179999999999998800, -12.21954250419119600 ) ) ;
#749 = ORIENTED_EDGE ( 'NONE', *, *, #1, .F. ) ;
#750 = VERTEX_POINT ( 'NONE', #2928 ) ;
#751 = VERTEX_POINT ( 'NONE', #5924 ) ;
#752 = ORIENTED_EDGE ( 'NONE', *, *, #7312, .T. ) ;
#753 = CARTESIAN_POINT ( 'NONE',  ( -1.724999999999999600, 0.1000000000000000300, -2.649999999999999900 ) ) ;
#754 = CARTESIAN_POINT ( 'NONE',  ( -3.274999999999999500, 0.7999999999999999300, -1.400000000000000600 ) ) ;
#755 = VECTOR ( 'NONE', #9488, 1000.000000000000000 ) ;
#756 = LINE ( 'NONE', #1418, #518 ) ;
#757 = DIRECTION ( 'NONE',  ( 0.0000000000000000000, 0.0000000000000000000, 1.000000000000000000 ) ) ;
#758 = AXIS2_PLACEMENT_3D ( 'NONE', #7684, #7780, #773 ) ;
#759 = ORIENTED_EDGE ( 'NONE', *, *, #7697, .F. ) ;
#760 = PLANE ( 'NONE',  #891 ) ;
#761 = ORIENTED_EDGE ( 'NONE', *, *, #9053, .F. ) ;
#762 = ORIENTED_EDGE ( 'NONE', *, *, #1576, .T. ) ;
#763 = CARTESIAN_POINT ( 'NONE',  ( -2.974999999999999200, 1.700000000000000000, 3.457774721070176100 ) ) ;
#764 = VECTOR ( 'NONE', #6476, 1000.000000000000000 ) ;
#765 = VECTOR ( 'NONE', #2479, 1000.000000000000000 ) ;
#766 = DIRECTION ( 'NONE',  ( 1.000000000000000000, 0.0000000000000000000, 0.0000000000000000000 ) ) ;
#767 = CARTESIAN_POINT ( 'NONE',  ( -0.7749999999999996900, 1.700000000000000000, 1.249999999999986000 ) ) ;
#768 = CARTESIAN_POINT ( 'NONE',  ( 4.525000000000001200, 1.700000000000000000, 1.249999999999986000 ) ) ;
#769 = EDGE_LOOP ( 'NONE', ( #529, #6658, #894, #968 ) ) ;
#770 = CARTESIAN_POINT ( 'NONE',  ( -5.875000000000000000, 0.2999999999999990500, -0.5499999999999997100 ) ) ;
#771 = VERTEX_POINT ( 'NONE', #8960 ) ;
#772 = EDGE_LOOP ( 'NONE', ( #2252, #5418, #8102, #690 ) ) ;
#773 = DIRECTION ( 'NONE',  ( 0.0000000000000000000, 0.0000000000000000000, -1.000000000000000000 ) ) ;
#774 = AXIS2_PLACEMENT_3D ( 'NONE', #5255, #2888, #9109 ) ;
#775 = LINE ( 'NONE', #6792, #2710 ) ;
#776 = ORIENTED_EDGE ( 'NONE', *, *, #21, .T. ) ;
#777 = CARTESIAN_POINT ( 'NONE',  ( 5.875000000000000000, 2.700000000000005500, -0.5499999999999997100 ) ) ;
#778 = DIRECTION ( 'NONE',  ( 0.0000000000000000000, -0.0000000000000000000, 1.000000000000000000 ) ) ;
#779 = DIRECTION ( 'NONE',  ( 1.000000000000000000, 1.162683294890621800E-016, -0.0000000000000000000 ) ) ;
#780 = ORIENTED_EDGE ( 'NONE', *, *, #8487, .T. ) ;
#781 = VERTEX_POINT ( 'NONE', #1391 ) ;
#782 = EDGE_CURVE ( 'NONE', #2493, #5942, #97, .T. ) ;
#783 = DIRECTION ( 'NONE',  ( 1.000000000000000000, 0.0000000000000000000, 0.0000000000000000000 ) ) ;
#784 = EDGE_CURVE ( 'NONE', #1375, #3878, #1313, .T. ) ;
#785 = VECTOR ( 'NONE', #4475, 1000.000000000000000 ) ;
#786 = ADVANCED_FACE ( 'NONE', ( #584 ), #5995, .F. ) ;
#787 = ORIENTED_EDGE ( 'NONE', *, *, #1385, .T. ) ;
#788 = EDGE_CURVE ( 'NONE', #9246, #6176, #2156, .T. ) ;
#789 = ORIENTED_EDGE ( 'NONE', *, *, #9164, .F. ) ;
#790 = EDGE_LOOP ( 'NONE', ( #7279, #6396, #2929, #7752 ) ) ;
#791 = AXIS2_PLACEMENT_3D ( 'NONE', #6734, #3631, #2877 ) ;
#792 = CARTESIAN_POINT ( 'NONE',  ( 4.225000000000001400, 1.399999999999999700, -1.700000000000000800 ) ) ;
#793 = LINE ( 'NONE', #10007, #7667 ) ;
#794 = ORIENTED_EDGE ( 'NONE', *, *, #6478, .F. ) ;
#795 = CARTESIAN_POINT ( 'NONE',  ( -5.524999999999999500, 3.399999999999999900, 2.650000000000000400 ) ) ;
#796 = VECTOR ( 'NONE', #9617, 1000.000000000000000 ) ;
#797 = ORIENTED_EDGE ( 'NONE', *, *, #665, .F. ) ;
#798 = EDGE_CURVE ( 'NONE', #1383, #1926, #3461, .T. ) ;
#799 = DIRECTION ( 'NONE',  ( -1.000000000000000000, 0.0000000000000000000, 0.0000000000000000000 ) ) ;
#800 = EDGE_CURVE ( 'NONE', #1926, #7781, #2985, .T. ) ;
#801 = CARTESIAN_POINT ( 'NONE',  ( 0.7750000000000004700, 0.7999999999999998200, -1.550000000000000300 ) ) ;
#802 = DIRECTION ( 'NONE',  ( -0.0000000000000000000, -1.000000000000000000, -0.0000000000000000000 ) ) ;
#803 = VECTOR ( 'NONE', #5522, 1000.000000000000000 ) ;
#804 = ORIENTED_EDGE ( 'NONE', *, *, #2412, .T. ) ;
#805 = CARTESIAN_POINT ( 'NONE',  ( 5.204999999999999200, -4.336808689942017700E-016, -0.5999999999999985300 ) ) ;
#806 = EDGE_CURVE ( 'NONE', #8115, #9642, #6737, .T. ) ;
#807 = DIRECTION ( 'NONE',  ( 1.000000000000000000, -0.0000000000000000000, 0.0000000000000000000 ) ) ;
#808 = LINE ( 'NONE', #180, #6023 ) ;
#809 = AXIS2_PLACEMENT_3D ( 'NONE', #7924, #5664, #953 ) ;
#810 = ORIENTED_EDGE ( 'NONE', *, *, #5336, .F. ) ;
#811 = DIRECTION ( 'NONE',  ( 0.0000000000000000000, -1.000000000000000000, 0.0000000000000000000 ) ) ;
#812 = ADVANCED_FACE ( 'NONE', ( #9546 ), #8307, .F. ) ;
#813 = DIRECTION ( 'NONE',  ( 0.0000000000000000000, -1.000000000000000000, 0.0000000000000000000 ) ) ;
#814 = LINE ( 'NONE', #6571, #9539 ) ;
#815 = ORIENTED_EDGE ( 'NONE', *, *, #4760, .T. ) ;
#816 = CARTESIAN_POINT ( 'NONE',  ( 3.275000000000000400, 1.399999999999999900, -2.299999999999999800 ) ) ;
#817 = EDGE_CURVE ( 'NONE', #1493, #4778, #7446, .T. ) ;
#818 = CARTESIAN_POINT ( 'NONE',  ( 2.975000000000000100, 0.4000000000000001900, -2.649999999999999900 ) ) ;
#819 = AXIS2_PLACEMENT_3D ( 'NONE', #3198, #7872, #1747 ) ;
#820 = FACE_OUTER_BOUND ( 'NONE', #9265, .T. ) ;
#821 = VECTOR ( 'NONE', #9911, 1000.000000000000000 ) ;
#822 = EDGE_LOOP ( 'NONE', ( #3532, #7921, #3678, #5896 ) ) ;
#823 = DIRECTION ( 'NONE',  ( -1.000000000000000000, -0.0000000000000000000, -0.0000000000000000000 ) ) ;
#824 = DIRECTION ( 'NONE',  ( -1.000000000000000000, -0.0000000000000000000, -0.0000000000000000000 ) ) ;
#825 =( NAMED_UNIT ( * ) SI_UNIT ( $, .STERADIAN. ) SOLID_ANGLE_UNIT ( ) );
#826 = VECTOR ( 'NONE', #8521, 1000.000000000000000 ) ;
#827 = LINE ( 'NONE', #7094, #6991 ) ;
#828 = ORIENTED_EDGE ( 'NONE', *, *, #4028, .T. ) ;
#829 = CARTESIAN_POINT ( 'NONE',  ( 3.275000000000000400, 0.7999999999999999300, -1.400000000000000600 ) ) ;
#830 = CARTESIAN_POINT ( 'NONE',  ( -5.204999999999999200, 0.0000000000000000000, 2.650000000000000400 ) ) ;
#831 = PLANE ( 'NONE',  #7325 ) ;
#832 = ADVANCED_FACE ( 'NONE', ( #8052 ), #9000, .T. ) ;
#833 = PLANE ( 'NONE',  #8165 ) ;
#834 = CARTESIAN_POINT ( 'NONE',  ( 4.525000000000001200, 0.5000000000000000000, -2.550000000000000300 ) ) ;
#835 = MANIFOLD_SOLID_BREP ( 'LPattern1[3]', #3872 ) ;
#836 = ORIENTED_EDGE ( 'NONE', *, *, #3452, .T. ) ;
#837 = CARTESIAN_POINT ( 'NONE',  ( 3.275000000000000400, 1.500000000000000000, -1.700000000000000800 ) ) ;
#838 = VECTOR ( 'NONE', #217, 1000.000000000000000 ) ;
#839 = VERTEX_POINT ( 'NONE', #2832 ) ;
#840 = EDGE_CURVE ( 'NONE', #7899, #5480, #4463, .T. ) ;
#841 = VECTOR ( 'NONE', #5218, 1000.000000000000000 ) ;
#842 = LINE ( 'NONE', #8919, #5571 ) ;
#843 = DIRECTION ( 'NONE',  ( -0.0000000000000000000, -0.0000000000000000000, -1.000000000000000000 ) ) ;
#844 = DIRECTION ( 'NONE',  ( -1.000000000000000000, -0.0000000000000000000, -0.0000000000000000000 ) ) ;
#845 = ORIENTED_EDGE ( 'NONE', *, *, #3643, .T. ) ;
#846 = EDGE_CURVE ( 'NONE', #847, #5314, #3594, .T. ) ;
#847 = VERTEX_POINT ( 'NONE', #2862 ) ;
#848 = LINE ( 'NONE', #4156, #1466 ) ;
#849 = VECTOR ( 'NONE', #2079, 1000.000000000000000 ) ;
#850 = EDGE_CURVE ( 'NONE', #394, #7420, #10021, .T. ) ;
#851 = DIRECTION ( 'NONE',  ( 0.0000000000000000000, 0.0000000000000000000, 1.000000000000000000 ) ) ;
#852 = EDGE_CURVE ( 'NONE', #8271, #4480, #5186, .T. ) ;
#853 = ORIENTED_EDGE ( 'NONE', *, *, #987, .F. ) ;
#854 = ORIENTED_EDGE ( 'NONE', *, *, #9101, .T. ) ;
#855 = ORIENTED_EDGE ( 'NONE', *, *, #2284, .F. ) ;
#856 = ADVANCED_FACE ( 'NONE', ( #4076 ), #2329, .F. ) ;
#857 = CARTESIAN_POINT ( 'NONE',  ( -5.874999999999999100, 2.499999999999999600, -1.400000000000000600 ) ) ;
#858 = EDGE_CURVE ( 'NONE', #3301, #4907, #1052, .T. ) ;
#859 = CIRCLE ( 'NONE', #8712, 0.1000000000000000500 ) ;
#860 = VECTOR ( 'NONE', #9943, 1000.000000000000000 ) ;
#861 = AXIS2_PLACEMENT_3D ( 'NONE', #2820, #9683, #4301 ) ;
#862 = ORIENTED_EDGE ( 'NONE', *, *, #8895, .F. ) ;
#863 = CARTESIAN_POINT ( 'NONE',  ( 5.274999999999998600, 2.999999999999999600, -12.21954250419119600 ) ) ;
#864 = VERTEX_POINT ( 'NONE', #6093 ) ;
#865 = VECTOR ( 'NONE', #2074, 1000.000000000000000 ) ;
#866 = ORIENTED_EDGE ( 'NONE', *, *, #665, .T. ) ;
#867 = EDGE_LOOP ( 'NONE', ( #2269, #9826, #1341, #6410 ) ) ;
#868 = PLANE ( 'NONE',  #3247 ) ;
#869 = DIRECTION ( 'NONE',  ( 1.000000000000000000, 0.0000000000000000000, 0.0000000000000000000 ) ) ;
#870 = EDGE_CURVE ( 'NONE', #85, #3453, #8924, .T. ) ;
#871 = CIRCLE ( 'NONE', #1189, 0.1000000000000002600 ) ;
#873 = PLANE ( 'NONE',  #1421 ) ;
#872 = FACE_OUTER_BOUND ( 'NONE', #7837, .T. ) ;
#874 = EDGE_LOOP ( 'NONE', ( #9688, #9263, #1171, #443 ) ) ;
#875 = ORIENTED_EDGE ( 'NONE', *, *, #6813, .T. ) ;
#876 = AXIS2_PLACEMENT_3D ( 'NONE', #4782, #5092, #9793 ) ;
#877 = DIRECTION ( 'NONE',  ( 0.0000000000000000000, 0.0000000000000000000, -1.000000000000000000 ) ) ;
#878 = ORIENTED_EDGE ( 'NONE', *, *, #7945, .F. ) ;
#879 = VERTEX_POINT ( 'NONE', #3819 ) ;
#880 = CARTESIAN_POINT ( 'NONE',  ( 0.4750000000000005900, 0.0000000000000000000, -1.950000000000000800 ) ) ;
#881 = VECTOR ( 'NONE', #8881, 1000.000000000000000 ) ;
#882 = LINE ( 'NONE', #2759, #7267 ) ;
#883 = VERTEX_POINT ( 'NONE', #1424 ) ;
#884 = ADVANCED_FACE ( 'NONE', ( #2273 ), #6914, .F. ) ;
#885 = EDGE_LOOP ( 'NONE', ( #2535, #5547, #347, #5498, #5140, #7751, #5273, #3870, #1723, #6037, #297, #3318, #6453, #283, #8637, #305, #8436 ) ) ;
#886 = DIRECTION ( 'NONE',  ( 0.0000000000000000000, 0.0000000000000000000, 1.000000000000000000 ) ) ;
#887 = VERTEX_POINT ( 'NONE', #1526 ) ;
#888 = FILL_AREA_STYLE_COLOUR ( '', #6933 ) ;
#889 = DIRECTION ( 'NONE',  ( 1.000000000000000000, 0.0000000000000000000, 0.0000000000000000000 ) ) ;
#890 = DIRECTION ( 'NONE',  ( 0.0000000000000000000, 3.614007241618353200E-016, -1.000000000000000000 ) ) ;
#891 = AXIS2_PLACEMENT_3D ( 'NONE', #1446, #2917, #2286 ) ;
#892 = VECTOR ( 'NONE', #2064, 1000.000000000000000 ) ;
#893 = CIRCLE ( 'NONE', #6343, 0.09999999999999982500 ) ;
#894 = ORIENTED_EDGE ( 'NONE', *, *, #7005, .F. ) ;
#895 = CARTESIAN_POINT ( 'NONE',  ( -5.204999999999999200, 0.2999999999999991600, -0.5999999999999998700 ) ) ;
#896 = UNCERTAINTY_MEASURE_WITH_UNIT (LENGTH_MEASURE( 1.000000000000000100E-005 ), #3508, 'distance_accuracy_value', 'NONE');
#897 = ORIENTED_EDGE ( 'NONE', *, *, #2094, .F. ) ;
#898 = ORIENTED_EDGE ( 'NONE', *, *, #9093, .T. ) ;
#899 = CARTESIAN_POINT ( 'NONE',  ( 0.6906754991785656300, 3.399999999999999900, 1.850000000000000500 ) ) ;
#900 = DIRECTION ( 'NONE',  ( -0.0000000000000000000, -0.0000000000000000000, -1.000000000000000000 ) ) ;
#901 = FACE_OUTER_BOUND ( 'NONE', #7647, .T. ) ;
#902 = DIRECTION ( 'NONE',  ( 0.0000000000000000000, -0.0000000000000000000, -1.000000000000000000 ) ) ;
#903 = ORIENTED_EDGE ( 'NONE', *, *, #7450, .F. ) ;
#904 = CARTESIAN_POINT ( 'NONE',  ( 3.275000000000000400, 1.250000000000000000, -2.449999999999999300 ) ) ;
#905 = AXIS2_PLACEMENT_3D ( 'NONE', #1384, #6710, #6775 ) ;
#906 = CARTESIAN_POINT ( 'NONE',  ( 0.7750000000000004700, 1.250000000000000000, -2.449999999999999300 ) ) ;
#907 = ORIENTED_EDGE ( 'NONE', *, *, #4742, .F. ) ;
#908 =( GEOMETRIC_REPRESENTATION_CONTEXT ( 3 ) GLOBAL_UNCERTAINTY_ASSIGNED_CONTEXT ( ( #5064 ) ) GLOBAL_UNIT_ASSIGNED_CONTEXT ( ( #2677, #8933, #1998 ) ) REPRESENTATION_CONTEXT ( 'NONE', 'WORKASPACE' ) );
#909 = EDGE_LOOP ( 'NONE', ( #5649, #780, #7251, #8140 ) ) ;
#910 = ADVANCED_FACE ( 'NONE', ( #8434 ), #9206, .F. ) ;
#911 = VECTOR ( 'NONE', #4688, 1000.000000000000000 ) ;
#912 = CARTESIAN_POINT ( 'NONE',  ( 0.3750000000000012200, 3.399999999999999900, 1.850000000000000500 ) ) ;
#913 = CARTESIAN_POINT ( 'NONE',  ( -0.4749999999999997600, 0.4000000000000001900, -2.550000000000000300 ) ) ;
#914 = CARTESIAN_POINT ( 'NONE',  ( -1.724999999999999600, 0.0000000000000000000, -1.950000000000000800 ) ) ;
#915 = ORIENTED_EDGE ( 'NONE', *, *, #8887, .T. ) ;
#916 = VECTOR ( 'NONE', #3736, 1000.000000000000000 ) ;
#917 = EDGE_CURVE ( 'NONE', #7372, #7632, #204, .T. ) ;
#918 = EDGE_CURVE ( 'NONE', #5795, #3056, #576, .T. ) ;
#919 = FACE_OUTER_BOUND ( 'NONE', #6693, .T. ) ;
#920 = ORIENTED_EDGE ( 'NONE', *, *, #8903, .F. ) ;
#921 = FACE_OUTER_BOUND ( 'NONE', #3849, .T. ) ;
#922 = EDGE_LOOP ( 'NONE', ( #9999, #3276, #1584, #7178 ) ) ;
#923 = EDGE_CURVE ( 'NONE', #6819, #4134, #7685, .T. ) ;
#924 = DIRECTION ( 'NONE',  ( 1.000000000000000000, 0.0000000000000000000, 1.146293045799652500E-016 ) ) ;
#925 = CARTESIAN_POINT ( 'NONE',  ( -0.4749999999999997600, 0.4000000000000001900, -2.649999999999999900 ) ) ;
#926 = DIRECTION ( 'NONE',  ( 0.0000000000000000000, 1.000000000000000000, 0.0000000000000000000 ) ) ;
#927 = CARTESIAN_POINT ( 'NONE',  ( -6.224999999999998800, 0.2999999999999989900, 1.850000000000000100 ) ) ;
#928 = VECTOR ( 'NONE', #3690, 1000.000000000000000 ) ;
#929 = ORIENTED_EDGE ( 'NONE', *, *, #9352, .F. ) ;
#930 = EDGE_CURVE ( 'NONE', #2385, #462, #1553, .T. ) ;
#931 = CARTESIAN_POINT ( 'NONE',  ( 7.374999999999999100, 1.999999999999999100, 2.250000000000000400 ) ) ;
#932 = CARTESIAN_POINT ( 'NONE',  ( -1.724999999999999600, 2.140000000000000100, -1.500000000000000000 ) ) ;
#933 = VECTOR ( 'NONE', #1950, 1000.000000000000000 ) ;
#934 = ADVANCED_FACE ( 'NONE', ( #1304 ), #732, .F. ) ;
#935 = AXIS2_PLACEMENT_3D ( 'NONE', #1092, #1742, #4047 ) ;
#936 = DIRECTION ( 'NONE',  ( -0.0000000000000000000, 0.0000000000000000000, 1.000000000000000000 ) ) ;
#937 = FACE_OUTER_BOUND ( 'NONE', #922, .T. ) ;
#938 = ORIENTED_EDGE ( 'NONE', *, *, #10012, .T. ) ;
#939 = AXIS2_PLACEMENT_3D ( 'NONE', #6759, #7522, #480 ) ;
#940 = DIRECTION ( 'NONE',  ( -0.0000000000000000000, -0.0000000000000000000, -1.000000000000000000 ) ) ;
#941 = EDGE_CURVE ( 'NONE', #9456, #2427, #7919, .T. ) ;
#942 = FACE_OUTER_BOUND ( 'NONE', #8225, .T. ) ;
#943 = DIRECTION ( 'NONE',  ( 0.0000000000000000000, -1.000000000000000000, -6.672013369141573100E-016 ) ) ;
#944 = VECTOR ( 'NONE', #1259, 1000.000000000000000 ) ;
#945 = ORIENTED_EDGE ( 'NONE', *, *, #3176, .F. ) ;
#946 = DIRECTION ( 'NONE',  ( 0.0000000000000000000, -0.9902680687415708100, -0.1391731009600621100 ) ) ;
#947 = PRESENTATION_LAYER_ASSIGNMENT (  '', '', ( #4971 ) ) ;
#948 = LINE ( 'NONE', #777, #8325 ) ;
#949 = LINE ( 'NONE', #3476, #2287 ) ;
#950 = FACE_OUTER_BOUND ( 'NONE', #1884, .T. ) ;
#951 = ORIENTED_EDGE ( 'NONE', *, *, #7764, .F. ) ;
#952 = CARTESIAN_POINT ( 'NONE',  ( 5.875000000000000000, 0.2999999999999990500, -0.5499999999999997100 ) ) ;
#953 = DIRECTION ( 'NONE',  ( 0.0000000000000000000, -0.0000000000000000000, 1.000000000000000000 ) ) ;
#954 = ADVANCED_FACE ( 'NONE', ( #8564 ), #9978, .F. ) ;
#955 = LINE ( 'NONE', #4959, #1205 ) ;
#957 = CARTESIAN_POINT ( 'NONE',  ( -3.374999999999999100, 1.034324500821434800, 1.850000000000000500 ) ) ;
#956 = VECTOR ( 'NONE', #9188, 1000.000000000000000 ) ;
#958 = MANIFOLD_SOLID_BREP ( 'LPattern1[2]', #4234 ) ;
#959 = VERTEX_POINT ( 'NONE', #6251 ) ;
#960 = CARTESIAN_POINT ( 'NONE',  ( 4.525000000000001200, 1.250000000000000000, -2.449999999999999300 ) ) ;
#961 = AXIS2_PLACEMENT_3D ( 'NONE', #6365, #4170, #1733 ) ;
#962 = EDGE_LOOP ( 'NONE', ( #5835, #1298, #5864, #730 ) ) ;
#963 = CARTESIAN_POINT ( 'NONE',  ( 5.204999999999999200, 0.2999999999999991600, -0.5999999999999985300 ) ) ;
#964 = CARTESIAN_POINT ( 'NONE',  ( 1.725000000000000800, 2.140000000000000100, -1.400000000000000600 ) ) ;
#965 = DIRECTION ( 'NONE',  ( -1.000000000000000000, -0.0000000000000000000, -0.0000000000000000000 ) ) ;
#966 = VECTOR ( 'NONE', #2569, 1000.000000000000000 ) ;
#967 = LINE ( 'NONE', #8388, #7122 ) ;
#968 = ORIENTED_EDGE ( 'NONE', *, *, #2536, .T. ) ;
#969 = EDGE_CURVE ( 'NONE', #6923, #847, #692, .T. ) ;
#970 = ORIENTED_EDGE ( 'NONE', *, *, #2489, .F. ) ;
#971 = ORIENTED_EDGE ( 'NONE', *, *, #1523, .T. ) ;
#972 = EDGE_CURVE ( 'NONE', #7899, #1615, #4808, .T. ) ;
#973 = DIRECTION ( 'NONE',  ( -0.1378445374916254000, -0.1378445374916254000, 0.9808148484639900300 ) ) ;
#974 = CARTESIAN_POINT ( 'NONE',  ( -7.374999999999999100, 1.999999999999999100, 2.250000000000000400 ) ) ;
#975 = LINE ( 'NONE', #9216, #7851 ) ;
#976 = VECTOR ( 'NONE', #1438, 1000.000000000000000 ) ;
#977 = EDGE_CURVE ( 'NONE', #2443, #162, #4581, .T. ) ;
#978 = EDGE_LOOP ( 'NONE', ( #740, #8129, #161, #7994 ) ) ;
#979 = ORIENTED_EDGE ( 'NONE', *, *, #652, .F. ) ;
#980 = ORIENTED_EDGE ( 'NONE', *, *, #6663, .T. ) ;
#981 = VERTEX_POINT ( 'NONE', #5576 ) ;
#982 = ADVANCED_FACE ( 'NONE', ( #2747 ), #831, .F. ) ;
#983 = EDGE_CURVE ( 'NONE', #7781, #864, #8175, .T. ) ;
#984 = CARTESIAN_POINT ( 'NONE',  ( -2.024999999999999500, 1.250000000000000000, -2.449999999999999300 ) ) ;
#985 = VECTOR ( 'NONE', #6592, 1000.000000000000000 ) ;
#986 = VECTOR ( 'NONE', #9580, 1000.000000000000000 ) ;
#987 = EDGE_CURVE ( 'NONE', #667, #9222, #2509, .T. ) ;
#988 = DIRECTION ( 'NONE',  ( 0.0000000000000000000, -0.0000000000000000000, 1.000000000000000000 ) ) ;
#989 = ORIENTED_EDGE ( 'NONE', *, *, #7321, .T. ) ;
#990 = VERTEX_POINT ( 'NONE', #5551 ) ;
#991 = VERTEX_POINT ( 'NONE', #7101 ) ;
#992 = ORIENTED_EDGE ( 'NONE', *, *, #414, .T. ) ;
#993 = AXIS2_PLACEMENT_3D ( 'NONE', #9218, #7559, #3757 ) ;
#994 = AXIS2_PLACEMENT_3D ( 'NONE', #126, #2494, #2462 ) ;
#995 = DIRECTION ( 'NONE',  ( 1.000000000000000000, 0.0000000000000000000, 0.0000000000000000000 ) ) ;
#996 = LINE ( 'NONE', #4690, #3665 ) ;
#997 = VECTOR ( 'NONE', #7581, 1000.000000000000000 ) ;
#998 = DIRECTION ( 'NONE',  ( 0.0000000000000000000, -1.000000000000000000, 0.0000000000000000000 ) ) ;
#999 = DIRECTION ( 'NONE',  ( -0.0000000000000000000, -0.0000000000000000000, 1.000000000000000000 ) ) ;
#1000 = ORIENTED_EDGE ( 'NONE', *, *, #2791, .F. ) ;
#1001 = DIRECTION ( 'NONE',  ( 0.0000000000000000000, -1.000000000000000000, 0.0000000000000000000 ) ) ;
#1002 = ORIENTED_EDGE ( 'NONE', *, *, #1386, .F. ) ;
#1003 = PLANE ( 'NONE',  #446 ) ;
#1004 = ORIENTED_EDGE ( 'NONE', *, *, #870, .F. ) ;
#1005 = EDGE_CURVE ( 'NONE', #1860, #4375, #3612, .T. ) ;
#1006 = CARTESIAN_POINT ( 'NONE',  ( -5.874999999999999100, 2.499999999999999600, -1.550000000000000500 ) ) ;
#1007 = LINE ( 'NONE', #5489, #650 ) ;
#1008 = LINE ( 'NONE', #7304, #9006 ) ;
#1009 = AXIS2_PLACEMENT_3D ( 'NONE', #2251, #6107, #2216 ) ;
#1010 = ADVANCED_FACE ( 'NONE', ( #4715 ), #5791, .T. ) ;
#1011 = EDGE_LOOP ( 'NONE', ( #6083, #54, #1124, #559 ) ) ;
#1012 = DIRECTION ( 'NONE',  ( -0.0000000000000000000, 0.0000000000000000000, -1.000000000000000000 ) ) ;
#1013 = DIRECTION ( 'NONE',  ( 0.0000000000000000000, 0.0000000000000000000, -1.000000000000000000 ) ) ;
#1014 = CARTESIAN_POINT ( 'NONE',  ( 0.7750000000000004700, 1.250000000000000000, -2.449999999999999300 ) ) ;
#1015 = DIRECTION ( 'NONE',  ( 0.0000000000000000000, 0.0000000000000000000, 1.000000000000000000 ) ) ;
#1016 = ORIENTED_EDGE ( 'NONE', *, *, #8364, .T. ) ;
#1017 = ORIENTED_EDGE ( 'NONE', *, *, #8703, .T. ) ;
#1019 = DIRECTION ( 'NONE',  ( 0.0000000000000000000, 0.0000000000000000000, -1.000000000000000000 ) ) ;
#1018 = LINE ( 'NONE', #4457, #4780 ) ;
#1020 = ORIENTED_EDGE ( 'NONE', *, *, #5555, .T. ) ;
#1021 = UNCERTAINTY_MEASURE_WITH_UNIT (LENGTH_MEASURE( 1.000000000000000100E-005 ), #351, 'distance_accuracy_value', 'NONE');
#1022 = CARTESIAN_POINT ( 'NONE',  ( 3.275000000000000400, 1.500000000000000000, -1.600000000000000800 ) ) ;
#1023 = ORIENTED_EDGE ( 'NONE', *, *, #6536, .T. ) ;
#1024 = ORIENTED_EDGE ( 'NONE', *, *, #5725, .F. ) ;
#1025 = DIRECTION ( 'NONE',  ( -1.000000000000000000, -0.0000000000000000000, -0.0000000000000000000 ) ) ;
#1026 = AXIS2_PLACEMENT_3D ( 'NONE', #1059, #2547, #7927 ) ;
#1027 = DIRECTION ( 'NONE',  ( 0.0000000000000000000, 0.0000000000000000000, 1.000000000000000000 ) ) ;
#1028 = SURFACE_STYLE_USAGE ( .BOTH. , #212 ) ;
#1029 = VECTOR ( 'NONE', #4188, 1000.000000000000000 ) ;
#1030 = ORIENTED_EDGE ( 'NONE', *, *, #201, .T. ) ;
#1031 = CARTESIAN_POINT ( 'NONE',  ( -6.874999999999995600, 0.2999999999999990500, -0.5499999999999997100 ) ) ;
#1032 = ORIENTED_EDGE ( 'NONE', *, *, #817, .F. ) ;
#1033 = CARTESIAN_POINT ( 'NONE',  ( 4.285000000000001000, 0.5999999999999998700, 1.250000000000000700 ) ) ;
#1034 = DIRECTION ( 'NONE',  ( 0.0000000000000000000, -0.0000000000000000000, -1.000000000000000000 ) ) ;
#1035 = LINE ( 'NONE', #6845, #1549 ) ;
#1036 = VERTEX_POINT ( 'NONE', #3127 ) ;
#1037 = ADVANCED_FACE ( 'NONE', ( #6747 ), #9367, .F. ) ;
#1038 = DIRECTION ( 'NONE',  ( 0.0000000000000000000, 0.0000000000000000000, -1.000000000000000000 ) ) ;
#1039 = FACE_OUTER_BOUND ( 'NONE', #3759, .T. ) ;
#1040 = VERTEX_POINT ( 'NONE', #3952 ) ;
#1041 = ORIENTED_EDGE ( 'NONE', *, *, #9425, .T. ) ;
#1042 = EDGE_CURVE ( 'NONE', #2141, #3037, #6614, .T. ) ;
#1043 = DIRECTION ( 'NONE',  ( -0.0000000000000000000, -1.000000000000000000, -0.0000000000000000000 ) ) ;
#1044 = DIRECTION ( 'NONE',  ( -1.000000000000000000, -0.0000000000000000000, -0.0000000000000000000 ) ) ;
#1045 = VECTOR ( 'NONE', #6161, 1000.000000000000000 ) ;
#1046 = ORIENTED_EDGE ( 'NONE', *, *, #6358, .T. ) ;
#1047 = DIRECTION ( 'NONE',  ( 0.0000000000000000000, 1.000000000000000000, 0.0000000000000000000 ) ) ;
#1048 = DIRECTION ( 'NONE',  ( -0.0000000000000000000, -0.0000000000000000000, 1.000000000000000000 ) ) ;
#1049 = LINE ( 'NONE', #795, #6363 ) ;
#1050 = EDGE_CURVE ( 'NONE', #2477, #5581, #9063, .T. ) ;
#1051 = EDGE_CURVE ( 'NONE', #3074, #5028, #1835, .T. ) ;
#1052 = LINE ( 'NONE', #8371, #4691 ) ;
#1053 = FACE_OUTER_BOUND ( 'NONE', #1426, .T. ) ;
#1054 = ORIENTED_EDGE ( 'NONE', *, *, #4495, .F. ) ;
#1055 = EDGE_CURVE ( 'NONE', #5626, #1737, #7744, .T. ) ;
#1056 =( GEOMETRIC_REPRESENTATION_CONTEXT ( 3 ) GLOBAL_UNCERTAINTY_ASSIGNED_CONTEXT ( ( #6120 ) ) GLOBAL_UNIT_ASSIGNED_CONTEXT ( ( #6602, #1727, #3611 ) ) REPRESENTATION_CONTEXT ( 'NONE', 'WORKASPACE' ) );
#1057 = CARTESIAN_POINT ( 'NONE',  ( -0.8749999999999990000, 1.615675499178565100, 1.850000000000000500 ) ) ;
#1058 = DIRECTION ( 'NONE',  ( -1.000000000000000000, -0.0000000000000000000, -0.0000000000000000000 ) ) ;
#1059 = CARTESIAN_POINT ( 'NONE',  ( 0.7750000000000004700, 1.700000000000000000, 1.249999999999986000 ) ) ;
#1060 = LINE ( 'NONE', #6512, #7205 ) ;
#1061 = ORIENTED_EDGE ( 'NONE', *, *, #3565, .T. ) ;
#1062 = EDGE_CURVE ( 'NONE', #5514, #1531, #9478, .T. ) ;
#1063 = CARTESIAN_POINT ( 'NONE',  ( 4.519299665045116900, 1.694299665045115900, 1.290559990745417100 ) ) ;
#1064 = DIRECTION ( 'NONE',  ( -1.000000000000000000, -0.0000000000000000000, -0.0000000000000000000 ) ) ;
#1065 = DIRECTION ( 'NONE',  ( 0.0000000000000000000, 0.0000000000000000000, 1.000000000000000000 ) ) ;
#1066 = CYLINDRICAL_SURFACE ( 'NONE', #3584, 0.1000000000000000500 ) ;
#1067 = CARTESIAN_POINT ( 'NONE',  ( 5.594999999999998000, 2.180000000000000200, -1.000000000000000700 ) ) ;
#1068 = CYLINDRICAL_SURFACE ( 'NONE', #6509, 0.1000000000000000500 ) ;
#1069 = ORIENTED_EDGE ( 'NONE', *, *, #6411, .T. ) ;
#1071 = CARTESIAN_POINT ( 'NONE',  ( 5.274999999999998600, 0.5999999999999998700, 2.400000000000003000 ) ) ;
#1070 = VECTOR ( 'NONE', #2428, 1000.000000000000000 ) ;
#1072 = CARTESIAN_POINT ( 'NONE',  ( 5.674999999999999800, -4.336808689942017700E-016, 1.700000000000001500 ) ) ;
#1073 = CARTESIAN_POINT ( 'NONE',  ( 5.594999999999998000, 1.430000000000000200, -1.000000000000000700 ) ) ;
#1074 = CARTESIAN_POINT ( 'NONE',  ( -0.4749999999999997600, 2.140000000000000100, -1.400000000000000600 ) ) ;
#1075 = ORIENTED_EDGE ( 'NONE', *, *, #7527, .F. ) ;
#1076 = ORIENTED_EDGE ( 'NONE', *, *, #4360, .F. ) ;
#1077 = AXIS2_PLACEMENT_3D ( 'NONE', #372, #8022, #4878 ) ;
#1078 = CARTESIAN_POINT ( 'NONE',  ( 2.025000000000000800, 0.5000000000000000000, -1.849999999999999900 ) ) ;
#1079 = ADVANCED_FACE ( 'NONE', ( #3660 ), #4010, .F. ) ;
#1080 = VECTOR ( 'NONE', #7468, 1000.000000000000000 ) ;
#1081 = VECTOR ( 'NONE', #714, 1000.000000000000000 ) ;
#1082 = CARTESIAN_POINT ( 'NONE',  ( 4.225000000000001400, 0.1000000000000000300, -2.649999999999999900 ) ) ;
#1083 = ORIENTED_EDGE ( 'NONE', *, *, #6131, .F. ) ;
#1084 = CARTESIAN_POINT ( 'NONE',  ( 3.275000000000000400, 0.4000000000000001900, -2.649999999999999900 ) ) ;
#1085 = ORIENTED_EDGE ( 'NONE', *, *, #2599, .T. ) ;
#1086 = CARTESIAN_POINT ( 'NONE',  ( 5.594999999999998000, 2.180000000000000200, 2.650000000000000400 ) ) ;
#1087 = VECTOR ( 'NONE', #1145, 1000.000000000000000 ) ;
#1088 = LINE ( 'NONE', #3918, #9098 ) ;
#1089 = AXIS2_PLACEMENT_3D ( 'NONE', #1224, #4379, #5159 ) ;
#1090 = ORIENTED_EDGE ( 'NONE', *, *, #8569, .T. ) ;
#1091 = AXIS2_PLACEMENT_3D ( 'NONE', #5173, #2083, #7457 ) ;
#1092 = CARTESIAN_POINT ( 'NONE',  ( -0.4749999999999997600, 1.700000000000000000, 3.457774721070176100 ) ) ;
#1093 = ORIENTED_EDGE ( 'NONE', *, *, #9469, .F. ) ;
#1094 = ORIENTED_EDGE ( 'NONE', *, *, #535, .T. ) ;
#1095 = DIRECTION ( 'NONE',  ( 1.000000000000000000, -0.0000000000000000000, 0.0000000000000000000 ) ) ;
#1096 = DIRECTION ( 'NONE',  ( 1.000000000000000000, 0.0000000000000000000, 0.0000000000000000000 ) ) ;
#1097 = LINE ( 'NONE', #3475, #5840 ) ;
#1099 = DIRECTION ( 'NONE',  ( -0.0000000000000000000, 0.0000000000000000000, -1.000000000000000000 ) ) ;
#1098 = VECTOR ( 'NONE', #6815, 1000.000000000000000 ) ;
#1100 = DIRECTION ( 'NONE',  ( -0.1378445374916254000, -0.1378445374916254000, -0.9808148484639900300 ) ) ;
#1101 = EDGE_CURVE ( 'NONE', #3814, #7362, #4027, .T. ) ;
#1102 = EDGE_CURVE ( 'NONE', #9383, #3561, #8737, .T. ) ;
#1103 = EDGE_LOOP ( 'NONE', ( #1492, #3761, #8632, #6822 ) ) ;
#1104 = DIRECTION ( 'NONE',  ( -0.0000000000000000000, 1.000000000000000000, -0.0000000000000000000 ) ) ;
#1105 = ADVANCED_FACE ( 'NONE', ( #9602 ), #6402, .F. ) ;
#1106 = EDGE_CURVE ( 'NONE', #3307, #5440, #514, .T. ) ;
#1107 = PLANE ( 'NONE',  #4037 ) ;
#1108 = ORIENTED_EDGE ( 'NONE', *, *, #5307, .F. ) ;
#1109 = ORIENTED_EDGE ( 'NONE', *, *, #8703, .F. ) ;
#1110 = PLANE ( 'NONE',  #4240 ) ;
#1111 = VECTOR ( 'NONE', #1976, 1000.000000000000000 ) ;
#1112 = EDGE_CURVE ( 'NONE', #6711, #4198, #1726, .T. ) ;
#1113 = LINE ( 'NONE', #3999, #4751 ) ;
#1114 = EDGE_LOOP ( 'NONE', ( #3692, #6082, #3583, #3328, #9824, #9495, #3904, #9194, #7595, #1655, #1479, #7492, #7887, #1857 ) ) ;
#1115 = CARTESIAN_POINT ( 'NONE',  ( 1.725000000000000800, 0.9499999999999998400, 1.249999999999986000 ) ) ;
#1116 = EDGE_LOOP ( 'NONE', ( #1164, #7846, #5660, #10006 ) ) ;
#1117 = ORIENTED_EDGE ( 'NONE', *, *, #1758, .T. ) ;
#1118 =( REPRESENTATION_RELATIONSHIP ('NONE','NONE', #1843, #4520 ) REPRESENTATION_RELATIONSHIP_WITH_TRANSFORMATION ( #1906 )SHAPE_REPRESENTATION_RELATIONSHIP( ) );
#1119 = EDGE_CURVE ( 'NONE', #5731, #7555, #7867, .T. ) ;
#1120 = LINE ( 'NONE', #5811, #7388 ) ;
#1121 = LINE ( 'NONE', #7974, #7515 ) ;
#1122 = DIRECTION ( 'NONE',  ( -1.000000000000000000, -0.0000000000000000000, -0.0000000000000000000 ) ) ;
#1123 = AXIS2_PLACEMENT_3D ( 'NONE', #4279, #489, #2782 ) ;
#1124 = ORIENTED_EDGE ( 'NONE', *, *, #6742, .F. ) ;
#1125 = ORIENTED_EDGE ( 'NONE', *, *, #6564, .T. ) ;
#1126 = AXIS2_PLACEMENT_3D ( 'NONE', #5232, #5934, #552 ) ;
#1127 = DIRECTION ( 'NONE',  ( -1.000000000000000000, 0.0000000000000000000, 0.0000000000000000000 ) ) ;
#1128 = DIRECTION ( 'NONE',  ( 0.0000000000000000000, -0.0000000000000000000, -1.000000000000000000 ) ) ;
#1129 = DIRECTION ( 'NONE',  ( 1.000000000000000000, 0.0000000000000000000, 0.0000000000000000000 ) ) ;
#1130 = ADVANCED_FACE ( 'NONE', ( #3271 ), #743, .F. ) ;
#1131 = LINE ( 'NONE', #6481, #892 ) ;
#1132 = VECTOR ( 'NONE', #9215, 1000.000000000000000 ) ;
#1133 = ADVANCED_FACE ( 'NONE', ( #2688 ), #7966, .F. ) ;
#1134 = CARTESIAN_POINT ( 'NONE',  ( -4.224999999999999600, 0.0000000000000000000, -1.950000000000000800 ) ) ;
#1135 = ORIENTED_EDGE ( 'NONE', *, *, #8251, .T. ) ;
#1136 = DIRECTION ( 'NONE',  ( 0.0000000000000000000, 0.0000000000000000000, 1.000000000000000000 ) ) ;
#1137 = EDGE_CURVE ( 'NONE', #5006, #4957, #8362, .T. ) ;
#1138 = DIRECTION ( 'NONE',  ( -0.0000000000000000000, 0.0000000000000000000, 1.000000000000000000 ) ) ;
#1139 = ORIENTED_EDGE ( 'NONE', *, *, #3662, .F. ) ;
#1140 = EDGE_LOOP ( 'NONE', ( #9404, #4900, #8238, #12 ) ) ;
#1141 = SURFACE_SIDE_STYLE ('',( #3778 ) ) ;
#1142 = AXIS2_PLACEMENT_3D ( 'NONE', #8086, #9004, #9718 ) ;
#1143 = LINE ( 'NONE', #1575, #6346 ) ;
#1144 = DIRECTION ( 'NONE',  ( 0.0000000000000000000, 1.000000000000000000, 5.421010862427532000E-016 ) ) ;
#1145 = DIRECTION ( 'NONE',  ( -1.000000000000000000, -0.0000000000000000000, -0.0000000000000000000 ) ) ;
#1146 = CARTESIAN_POINT ( 'NONE',  ( 3.275000000000000400, 2.040000000000000000, -1.500000000000000700 ) ) ;
#1147 = ORIENTED_EDGE ( 'NONE', *, *, #2182, .F. ) ;
#1148 = UNCERTAINTY_MEASURE_WITH_UNIT (LENGTH_MEASURE( 1.000000000000000100E-005 ), #468, 'distance_accuracy_value', 'NONE');
#1149 = EDGE_LOOP ( 'NONE', ( #2435, #5161, #3795, #7159 ) ) ;
#1150 = ORIENTED_EDGE ( 'NONE', *, *, #5534, .T. ) ;
#1151 = CARTESIAN_POINT ( 'NONE',  ( 3.275000000000000400, 0.6000000000000007500, -2.449999999999999700 ) ) ;
#1152 = ORIENTED_EDGE ( 'NONE', *, *, #2853, .F. ) ;
#1153 = VECTOR ( 'NONE', #326, 1000.000000000000000 ) ;
#1154 = ORIENTED_EDGE ( 'NONE', *, *, #1695, .F. ) ;
#1155 = FACE_OUTER_BOUND ( 'NONE', #4877, .T. ) ;
#1156 = DIRECTION ( 'NONE',  ( 1.000000000000000000, 0.0000000000000000000, 0.0000000000000000000 ) ) ;
#1157 = DIRECTION ( 'NONE',  ( 0.0000000000000000000, -1.000000000000000000, 0.0000000000000000000 ) ) ;
#1158 = AXIS2_PLACEMENT_3D ( 'NONE', #8936, #7283, #9687 ) ;
#1159 = CARTESIAN_POINT ( 'NONE',  ( 0.7750000000000004700, 0.1000000000000000500, -1.950000000000000200 ) ) ;
#1160 = ADVANCED_FACE ( 'NONE', ( #9350 ), #3322, .F. ) ;
#1161 = LINE ( 'NONE', #8417, #6723 ) ;
#1162 = ORIENTED_EDGE ( 'NONE', *, *, #1311, .F. ) ;
#1163 = PRESENTATION_STYLE_ASSIGNMENT (( #5545 ) ) ;
#1164 = ORIENTED_EDGE ( 'NONE', *, *, #1541, .T. ) ;
#1165 = DIRECTION ( 'NONE',  ( 0.0000000000000000000, 0.0000000000000000000, -1.000000000000000000 ) ) ;
#1166 = ORIENTED_EDGE ( 'NONE', *, *, #5555, .F. ) ;
#1167 = CARTESIAN_POINT ( 'NONE',  ( -1.724999999999999600, 0.5000000000000000000, -1.849999999999999900 ) ) ;
#1168 = EDGE_CURVE ( 'NONE', #5861, #2617, #7253, .T. ) ;
#1169 = CARTESIAN_POINT ( 'NONE',  ( 2.975000000000000100, 0.1000000000000000300, -2.550000000000000300 ) ) ;
#1170 = VECTOR ( 'NONE', #9007, 1000.000000000000000 ) ;
#1171 = ORIENTED_EDGE ( 'NONE', *, *, #9372, .F. ) ;
#1172 = DIRECTION ( 'NONE',  ( 0.0000000000000000000, -1.000000000000000000, 0.0000000000000000000 ) ) ;
#1173 = CARTESIAN_POINT ( 'NONE',  ( 2.025000000000000800, 2.140000000000000100, -1.500000000000000000 ) ) ;
#1174 = EDGE_CURVE ( 'NONE', #8839, #5846, #8624, .T. ) ;
#1175 = DIRECTION ( 'NONE',  ( -0.0000000000000000000, 0.0000000000000000000, -1.000000000000000000 ) ) ;
#1176 = VECTOR ( 'NONE', #9584, 1000.000000000000000 ) ;
#1177 = DIRECTION ( 'NONE',  ( 0.0000000000000000000, 0.0000000000000000000, -1.000000000000000000 ) ) ;
#1178 = DIRECTION ( 'NONE',  ( 0.0000000000000000000, 0.0000000000000000000, 1.000000000000000000 ) ) ;
#1179 = FACE_OUTER_BOUND ( 'NONE', #4981, .T. ) ;
#1180 = ORIENTED_EDGE ( 'NONE', *, *, #203, .F. ) ;
#1181 = EDGE_CURVE ( 'NONE', #9169, #7281, #1233, .T. ) ;
#1182 = CARTESIAN_POINT ( 'NONE',  ( -0.4749999999999997600, 2.040000000000000000, -1.500000000000000700 ) ) ;
#1183 = ADVANCED_FACE ( 'NONE', ( #5247 ), #6436, .F. ) ;
#1184 = LINE ( 'NONE', #8455, #6043 ) ;
#1185 = EDGE_CURVE ( 'NONE', #9289, #5206, #2209, .T. ) ;
#1186 = CARTESIAN_POINT ( 'NONE',  ( 3.584999999999999500, 3.469233347080714400, 2.650000000000000800 ) ) ;
#1187 = FACE_OUTER_BOUND ( 'NONE', #7588, .T. ) ;
#1188 = ORIENTED_EDGE ( 'NONE', *, *, #7954, .F. ) ;
#1189 = AXIS2_PLACEMENT_3D ( 'NONE', #8509, #18, #4653 ) ;
#1190 = CARTESIAN_POINT ( 'NONE',  ( -4.285000000000000100, 0.2999999999999991600, 1.250000000000000700 ) ) ;
#1191 = PLANE ( 'NONE',  #9430 ) ;
#1192 = CARTESIAN_POINT ( 'NONE',  ( 3.275000000000000400, 0.4000000000000001900, -2.649999999999999900 ) ) ;
#1193 = DIRECTION ( 'NONE',  ( -1.000000000000000000, 0.0000000000000000000, 0.0000000000000000000 ) ) ;
#1194 = VECTOR ( 'NONE', #1469, 1000.000000000000000 ) ;
#1195 = EDGE_CURVE ( 'NONE', #6507, #381, #5491, .T. ) ;
#1196 = LINE ( 'NONE', #1965, #8066 ) ;
#1197 = DIRECTION ( 'NONE',  ( 0.0000000000000000000, -1.000000000000000000, 0.0000000000000000000 ) ) ;
#1198 = LINE ( 'NONE', #4236, #1450 ) ;
#1199 = ORIENTED_EDGE ( 'NONE', *, *, #294, .T. ) ;
#1200 = FACE_OUTER_BOUND ( 'NONE', #3321, .T. ) ;
#1201 = CARTESIAN_POINT ( 'NONE',  ( 0.7750000000000004700, 0.5000000000000000000, -1.849999999999999900 ) ) ;
#1202 = DIRECTION ( 'NONE',  ( -1.000000000000000000, -0.0000000000000000000, -0.0000000000000000000 ) ) ;
#1203 = AXIS2_PLACEMENT_3D ( 'NONE', #4882, #415, #4342 ) ;
#1204 = CARTESIAN_POINT ( 'NONE',  ( 5.674999999999999800, -4.336808689942017700E-016, -0.5999999999999985300 ) ) ;
#1205 = VECTOR ( 'NONE', #5704, 1000.000000000000000 ) ;
#1206 = VECTOR ( 'NONE', #46, 1000.000000000000000 ) ;
#1207 = ORIENTED_EDGE ( 'NONE', *, *, #5231, .T. ) ;
#1208 = DIRECTION ( 'NONE',  ( 1.000000000000000000, 0.0000000000000000000, 0.0000000000000000000 ) ) ;
#1209 = VERTEX_POINT ( 'NONE', #2628 ) ;
#1210 = DIRECTION ( 'NONE',  ( -0.0000000000000000000, -0.0000000000000000000, -1.000000000000000000 ) ) ;
#1211 = ADVANCED_FACE ( 'NONE', ( #6903 ), #2588, .F. ) ;
#1212 = CARTESIAN_POINT ( 'NONE',  ( -2.024999999999999500, 1.700000000000000000, 1.249999999999986000 ) ) ;
#1213 = DIRECTION ( 'NONE',  ( -1.000000000000000000, 0.0000000000000000000, 0.0000000000000000000 ) ) ;
#1214 = CARTESIAN_POINT ( 'NONE',  ( -0.7749999999999996900, 1.399999999999999700, -1.700000000000000800 ) ) ;
#1215 = LINE ( 'NONE', #3172, #614 ) ;
#1216 = LINE ( 'NONE', #9017, #8469 ) ;
#1217 = CARTESIAN_POINT ( 'NONE',  ( -2.974999999999999200, 2.140000000000000100, -1.400000000000000600 ) ) ;
#1218 = ORIENTED_EDGE ( 'NONE', *, *, #6186, .T. ) ;
#1219 = AXIS2_PLACEMENT_3D ( 'NONE', #4572, #6054, #7507 ) ;
#1220 = ORIENTED_EDGE ( 'NONE', *, *, #4432, .F. ) ;
#1221 = ORIENTED_EDGE ( 'NONE', *, *, #4965, .T. ) ;
#1222 = VECTOR ( 'NONE', #6006, 1000.000000000000000 ) ;
#1223 = VECTOR ( 'NONE', #4924, 1000.000000000000000 ) ;
#1224 = CARTESIAN_POINT ( 'NONE',  ( 1.725000000000000800, 0.4000000000000001900, -2.550000000000000300 ) ) ;
#1225 = CARTESIAN_POINT ( 'NONE',  ( -0.4749999999999997600, 0.0000000000000000000, -1.950000000000000800 ) ) ;
#1226 = ORIENTED_EDGE ( 'NONE', *, *, #1385, .F. ) ;
#1227 = DIRECTION ( 'NONE',  ( -1.162683294890621800E-016, 1.000000000000000000, 0.0000000000000000000 ) ) ;
#1228 = CARTESIAN_POINT ( 'NONE',  ( -2.974999999999999200, 1.700000000000000000, 1.249999999999986000 ) ) ;
#1229 = CARTESIAN_POINT ( 'NONE',  ( -3.274999999999999500, 1.700000000000000000, -1.000000000000000700 ) ) ;
#1230 = VERTEX_POINT ( 'NONE', #6661 ) ;
#1231 = ORIENTED_EDGE ( 'NONE', *, *, #6201, .T. ) ;
#1232 = ORIENTED_EDGE ( 'NONE', *, *, #7187, .T. ) ;
#1233 = LINE ( 'NONE', #4107, #7029 ) ;
#1234 = DIRECTION ( 'NONE',  ( -1.000000000000000000, -0.0000000000000000000, -0.0000000000000000000 ) ) ;
#1235 =( GEOMETRIC_REPRESENTATION_CONTEXT ( 3 ) GLOBAL_UNCERTAINTY_ASSIGNED_CONTEXT ( ( #8601 ) ) GLOBAL_UNIT_ASSIGNED_CONTEXT ( ( #1520, #6904, #7672 ) ) REPRESENTATION_CONTEXT ( 'NONE', 'WORKASPACE' ) );
#1236 = LINE ( 'NONE', #9630, #4389 ) ;
#1237 = DIRECTION ( 'NONE',  ( -1.000000000000000000, -0.0000000000000000000, -0.0000000000000000000 ) ) ;
#1238 = AXIS2_PLACEMENT_3D ( 'NONE', #5362, #3106, #3003 ) ;
#1239 = VERTEX_POINT ( 'NONE', #8038 ) ;
#1240 = ADVANCED_FACE ( 'NONE', ( #4516 ), #8987, .F. ) ;
#1241 = ADVANCED_FACE ( 'NONE', ( #9464 ), #3455, .T. ) ;
#1242 = ORIENTED_EDGE ( 'NONE', *, *, #5592, .T. ) ;
#1243 = CARTESIAN_POINT ( 'NONE',  ( -4.224999999999999600, 0.7999999999999999300, -1.400000000000000600 ) ) ;
#1244 = CARTESIAN_POINT ( 'NONE',  ( -4.224999999999999600, 2.140000000000000100, -1.400000000000000600 ) ) ;
#1245 = ORIENTED_EDGE ( 'NONE', *, *, #1665, .T. ) ;
#1246 = ORIENTED_EDGE ( 'NONE', *, *, #3495, .F. ) ;
#1247 = VECTOR ( 'NONE', #1653, 1000.000000000000000 ) ;
#1248 = DIRECTION ( 'NONE',  ( -1.000000000000000000, -0.0000000000000000000, -0.0000000000000000000 ) ) ;
#1249 = EDGE_CURVE ( 'NONE', #3543, #2097, #5113, .T. ) ;
#1250 = VECTOR ( 'NONE', #1697, 1000.000000000000000 ) ;
#1251 = FACE_OUTER_BOUND ( 'NONE', #4694, .T. ) ;
#1252 = EDGE_CURVE ( 'NONE', #6761, #2311, #143, .T. ) ;
#1253 = DIRECTION ( 'NONE',  ( -0.7071067811865439100, -0.0000000000000000000, -0.7071067811865512400 ) ) ;
#1254 = DIRECTION ( 'NONE',  ( 0.0000000000000000000, -0.0000000000000000000, -1.000000000000000000 ) ) ;
#1255 =( NAMED_UNIT ( * ) PLANE_ANGLE_UNIT ( ) SI_UNIT ( $, .RADIAN. ) );
#1256 = ORIENTED_EDGE ( 'NONE', *, *, #4741, .F. ) ;
#1257 = ORIENTED_EDGE ( 'NONE', *, *, #2875, .F. ) ;
#1258 = EDGE_CURVE ( 'NONE', #6430, #8373, #7376, .T. ) ;
#1259 = DIRECTION ( 'NONE',  ( -1.000000000000000000, -0.0000000000000000000, -0.0000000000000000000 ) ) ;
#1260 = AXIS2_PLACEMENT_3D ( 'NONE', #4193, #506, #6683 ) ;
#1261 = LINE ( 'NONE', #2964, #6931 ) ;
#1263 = DIRECTION ( 'NONE',  ( 1.000000000000000000, 0.0000000000000000000, -0.0000000000000000000 ) ) ;
#1262 = FACE_OUTER_BOUND ( 'NONE', #101, .T. ) ;
#1264 = ORIENTED_EDGE ( 'NONE', *, *, #8286, .T. ) ;
#1265 =( LENGTH_UNIT ( ) NAMED_UNIT ( * ) SI_UNIT ( .MILLI., .METRE. ) );
#1266 = ORIENTED_EDGE ( 'NONE', *, *, #8508, .T. ) ;
#1267 = ORIENTED_EDGE ( 'NONE', *, *, #8982, .T. ) ;
#1268 = DIRECTION ( 'NONE',  ( -1.000000000000000000, -0.0000000000000000000, -0.0000000000000000000 ) ) ;
#1269 = EDGE_CURVE ( 'NONE', #3388, #3013, #9235, .T. ) ;
#1270 = CARTESIAN_POINT ( 'NONE',  ( -5.274999999999999500, 2.999999999999999600, -12.21954250419119600 ) ) ;
#1271 = DIRECTION ( 'NONE',  ( -1.000000000000000000, -1.162683294890621800E-016, 0.0000000000000000000 ) ) ;
#1272 = ADVANCED_FACE ( 'NONE', ( #4625 ), #5000, .F. ) ;
#1273 = LINE ( 'NONE', #4754, #8137 ) ;
#1274 = AXIS2_PLACEMENT_3D ( 'NONE', #7545, #2164, #1354 ) ;
#1275 = ORIENTED_EDGE ( 'NONE', *, *, #5277, .T. ) ;
#1276 = PLANE ( 'NONE',  #3573 ) ;
#1277 = VERTEX_POINT ( 'NONE', #1280 ) ;
#1278 = VERTEX_POINT ( 'NONE', #2014 ) ;
#1279 = DIRECTION ( 'NONE',  ( -0.0000000000000000000, 1.000000000000000000, -0.0000000000000000000 ) ) ;
#1280 = CARTESIAN_POINT ( 'NONE',  ( 5.674999999999999800, 0.2999999999999991600, -1.550000000000000300 ) ) ;
#1281 = LINE ( 'NONE', #4964, #9273 ) ;
#1282 = ORIENTED_EDGE ( 'NONE', *, *, #8598, .F. ) ;
#1283 = CARTESIAN_POINT ( 'NONE',  ( 3.275000000000000400, 0.5000000000000000000, -1.550000000000000300 ) ) ;
#1284 = MANIFOLD_SOLID_BREP ( 'Boss-Extrude4', #7654 ) ;
#1285 = DIRECTION ( 'NONE',  ( 0.0000000000000000000, 0.0000000000000000000, -1.000000000000000000 ) ) ;
#1286 = CLOSED_SHELL ( 'NONE', ( #786, #7103, #1578, #7398, #1183, #7423, #8605, #5764, #7662, #3507 ) ) ;
#1287 = ORIENTED_EDGE ( 'NONE', *, *, #4974, .T. ) ;
#1288 = DIRECTION ( 'NONE',  ( 1.000000000000000000, 0.0000000000000000000, 0.0000000000000000000 ) ) ;
#1289 = AXIS2_PLACEMENT_3D ( 'NONE', #3504, #4373, #8199 ) ;
#1290 = VECTOR ( 'NONE', #5916, 1000.000000000000000 ) ;
#1291 = ORIENTED_EDGE ( 'NONE', *, *, #5407, .T. ) ;
#1292 = FACE_OUTER_BOUND ( 'NONE', #7658, .T. ) ;
#1293 = VERTEX_POINT ( 'NONE', #1167 ) ;
#1294 = LINE ( 'NONE', #333, #2405 ) ;
#1295 = DIRECTION ( 'NONE',  ( 1.000000000000000000, 0.0000000000000000000, 0.0000000000000000000 ) ) ;
#1296 = CARTESIAN_POINT ( 'NONE',  ( 2.975000000000000100, 2.140000000000000100, -1.500000000000000000 ) ) ;
#1297 = VECTOR ( 'NONE', #5324, 1000.000000000000000 ) ;
#1298 = ORIENTED_EDGE ( 'NONE', *, *, #7255, .T. ) ;
#1299 = DIRECTION ( 'NONE',  ( -3.097720492815727200E-016, 0.0000000000000000000, 1.000000000000000000 ) ) ;
#1300 = AXIS2_PLACEMENT_3D ( 'NONE', #7763, #49, #7091 ) ;
#1301 = ORIENTED_EDGE ( 'NONE', *, *, #9198, .F. ) ;
#1302 = PLANE ( 'NONE',  #8575 ) ;
#1303 = AXIS2_PLACEMENT_3D ( 'NONE', #9145, #9043, #5288 ) ;
#1304 = FACE_OUTER_BOUND ( 'NONE', #2998, .T. ) ;
#1305 = LINE ( 'NONE', #7400, #7198 ) ;
#1306 = ORIENTED_EDGE ( 'NONE', *, *, #4466, .T. ) ;
#1307 = CARTESIAN_POINT ( 'NONE',  ( 3.275000000000000400, 1.399999999999999700, -2.299999999999999800 ) ) ;
#1308 = FACE_OUTER_BOUND ( 'NONE', #9059, .T. ) ;
#1309 = CARTESIAN_POINT ( 'NONE',  ( 3.275000000000000400, 0.0000000000000000000, -1.950000000000000800 ) ) ;
#1310 = EDGE_CURVE ( 'NONE', #9441, #2617, #9716, .T. ) ;
#1311 = EDGE_CURVE ( 'NONE', #5721, #771, #2559, .T. ) ;
#1312 = DIRECTION ( 'NONE',  ( -1.000000000000000000, -0.0000000000000000000, -0.0000000000000000000 ) ) ;
#1313 = LINE ( 'NONE', #9781, #1900 ) ;
#1314 = LINE ( 'NONE', #2333, #8571 ) ;
#1315 = ORIENTED_EDGE ( 'NONE', *, *, #3627, .F. ) ;
#1316 = CARTESIAN_POINT ( 'NONE',  ( -5.674999999999999800, 3.399999999999999900, 2.650000000000000400 ) ) ;
#1317 = EDGE_CURVE ( 'NONE', #9615, #1731, #4995, .T. ) ;
#1318 = DIRECTION ( 'NONE',  ( 0.0000000000000000000, -7.228014483236719200E-016, -1.000000000000000000 ) ) ;
#1319 = ADVANCED_FACE ( 'NONE', ( #8489 ), #4212, .F. ) ;
#1320 = DIRECTION ( 'NONE',  ( 0.0000000000000000000, -0.0000000000000000000, 1.000000000000000000 ) ) ;
#1321 = DIRECTION ( 'NONE',  ( -1.000000000000000000, 0.0000000000000000000, 0.0000000000000000000 ) ) ;
#1322 = FACE_OUTER_BOUND ( 'NONE', #5257, .T. ) ;
#1323 = CARTESIAN_POINT ( 'NONE',  ( -2.974999999999999200, 1.700000000000000000, 3.457774721070176100 ) ) ;
#1324 = ORIENTED_EDGE ( 'NONE', *, *, #9487, .T. ) ;
#1325 = EDGE_CURVE ( 'NONE', #7036, #4179, #8503, .T. ) ;
#1326 = CARTESIAN_POINT ( 'NONE',  ( -0.4807003349548838500, 0.9557003349548839300, 1.290559990745417100 ) ) ;
#1327 = LINE ( 'NONE', #6526, #7942 ) ;
#1328 = AXIS2_PLACEMENT_3D ( 'NONE', #109, #3866, #4679 ) ;
#1329 = ADVANCED_FACE ( 'NONE', ( #3570 ), #423, .F. ) ;
#1330 = PRESENTATION_LAYER_ASSIGNMENT (  '', '', ( #285 ) ) ;
#1331 = DIRECTION ( 'NONE',  ( 1.000000000000000000, 0.0000000000000000000, 0.0000000000000000000 ) ) ;
#1332 = CYLINDRICAL_SURFACE ( 'NONE', #2237, 0.1000000000000000500 ) ;
#1333 = CARTESIAN_POINT ( 'NONE',  ( 0.7750000000000004700, 2.039999999999999100, -1.600000000000000800 ) ) ;
#1334 = ORIENTED_EDGE ( 'NONE', *, *, #2475, .T. ) ;
#1335 = CARTESIAN_POINT ( 'NONE',  ( -4.224999999999999600, 0.7999999999999999300, -1.400000000000000600 ) ) ;
#1336 = DIRECTION ( 'NONE',  ( -0.0000000000000000000, 0.0000000000000000000, -1.000000000000000000 ) ) ;
#1337 = CIRCLE ( 'NONE', #1934, 0.1000000000000002600 ) ;
#1338 = VECTOR ( 'NONE', #7334, 1000.000000000000000 ) ;
#1339 = EDGE_CURVE ( 'NONE', #3152, #7781, #9278, .T. ) ;
#1340 = DIRECTION ( 'NONE',  ( 0.0000000000000000000, 5.421010862427532000E-016, -1.000000000000000000 ) ) ;
#1341 = ORIENTED_EDGE ( 'NONE', *, *, #5074, .F. ) ;
#1342 = ADVANCED_FACE ( 'NONE', ( #9163 ), #658, .F. ) ;
#1343 = ORIENTED_EDGE ( 'NONE', *, *, #4965, .F. ) ;
#1344 = ADVANCED_FACE ( 'NONE', ( #1651 ), #9863, .F. ) ;
#1345 = DIRECTION ( 'NONE',  ( 0.0000000000000000000, 1.000000000000000000, -7.228014483236719200E-016 ) ) ;
#1346 = MECHANICAL_DESIGN_GEOMETRIC_PRESENTATION_REPRESENTATION (  '', ( #4971 ), #2054 ) ;
#1347 = PRESENTATION_STYLE_ASSIGNMENT (( #5051 ) ) ;
#1348 = LINE ( 'NONE', #1585, #495 ) ;
#1349 = VERTEX_POINT ( 'NONE', #4392 ) ;
#1350 = CARTESIAN_POINT ( 'NONE',  ( -5.274999999999999500, 0.5999999999999998700, 2.400000000000003000 ) ) ;
#1351 = EDGE_LOOP ( 'NONE', ( #5178, #6882, #656, #491, #706, #3831, #4020, #6146, #10048, #3668, #6719, #5372, #9443, #1832, #9389, #7759, #6483 ) ) ;
#1352 = ORIENTED_EDGE ( 'NONE', *, *, #8010, .F. ) ;
#1353 = CARTESIAN_POINT ( 'NONE',  ( -0.7749999999999996900, 1.700000000000000000, 3.457774721070176100 ) ) ;
#1354 = DIRECTION ( 'NONE',  ( 0.0000000000000000000, 0.0000000000000000000, -1.000000000000000000 ) ) ;
#1355 = DIRECTION ( 'NONE',  ( -1.000000000000000000, -0.0000000000000000000, -0.0000000000000000000 ) ) ;
#1356 = DIRECTION ( 'NONE',  ( 0.0000000000000000000, -1.000000000000000000, 0.0000000000000000000 ) ) ;
#1357 = VECTOR ( 'NONE', #4659, 1000.000000000000000 ) ;
#1358 = PRESENTATION_LAYER_ASSIGNMENT (  '', '', ( #3950 ) ) ;
#1359 = ORIENTED_EDGE ( 'NONE', *, *, #6296, .F. ) ;
#1360 = DIRECTION ( 'NONE',  ( 0.0000000000000000000, 0.0000000000000000000, 1.000000000000000000 ) ) ;
#1361 = VECTOR ( 'NONE', #6104, 1000.000000000000000 ) ;
#1362 = ORIENTED_EDGE ( 'NONE', *, *, #4695, .F. ) ;
#1363 = ORIENTED_EDGE ( 'NONE', *, *, #4298, .T. ) ;
#1364 = EDGE_LOOP ( 'NONE', ( #4620, #2186, #2552, #6970 ) ) ;
#1365 = DIRECTION ( 'NONE',  ( -0.0000000000000000000, 0.0000000000000000000, 1.000000000000000000 ) ) ;
#1366 = PLANE ( 'NONE',  #1126 ) ;
#1367 = FILL_AREA_STYLE ('',( #8385 ) ) ;
#1368 = CIRCLE ( 'NONE', #156, 0.1000000000000002600 ) ;
#1369 = CIRCLE ( 'NONE', #6408, 0.1000000000000000500 ) ;
#1370 = CARTESIAN_POINT ( 'NONE',  ( -5.974999999999999600, 0.2999999999999989900, 1.850000000000000100 ) ) ;
#1371 = ADVANCED_FACE ( 'NONE', ( #3087 ), #7303, .F. ) ;
#1372 = ORIENTED_EDGE ( 'NONE', *, *, #6015, .F. ) ;
#1373 = EDGE_CURVE ( 'NONE', #5370, #9370, #7065, .T. ) ;
#1374 = ORIENTED_EDGE ( 'NONE', *, *, #5417, .F. ) ;
#1375 = VERTEX_POINT ( 'NONE', #5275 ) ;
#1376 = CARTESIAN_POINT ( 'NONE',  ( -0.7749999999999996900, 1.399999999999999700, -2.299999999999999800 ) ) ;
#1377 = EDGE_CURVE ( 'NONE', #1746, #2694, #9513, .T. ) ;
#1378 = FACE_OUTER_BOUND ( 'NONE', #6361, .T. ) ;
#1379 = LINE ( 'NONE', #4401, #2936 ) ;
#1380 = DIRECTION ( 'NONE',  ( -6.938893903907228400E-015, 1.000000000000000000, -0.0000000000000000000 ) ) ;
#1381 = VERTEX_POINT ( 'NONE', #5979 ) ;
#1382 = ORIENTED_EDGE ( 'NONE', *, *, #7171, .T. ) ;
#1383 = VERTEX_POINT ( 'NONE', #4496 ) ;
#1384 = CARTESIAN_POINT ( 'NONE',  ( 3.275000000000000400, 0.5000000000000000000, -1.550000000000000300 ) ) ;
#1385 = EDGE_CURVE ( 'NONE', #1876, #1763, #4304, .T. ) ;
#1386 = EDGE_CURVE ( 'NONE', #1531, #3308, #7550, .T. ) ;
#1387 = CARTESIAN_POINT ( 'NONE',  ( 5.274999999999998600, 0.5999999999999998700, 2.400000000000003000 ) ) ;
#1388 = FACE_OUTER_BOUND ( 'NONE', #1512, .T. ) ;
#1389 = VECTOR ( 'NONE', #8719, 1000.000000000000000 ) ;
#1390 = DIRECTION ( 'NONE',  ( -1.000000000000000000, -0.0000000000000000000, -0.0000000000000000000 ) ) ;
#1391 = CARTESIAN_POINT ( 'NONE',  ( 3.585000000000000400, 0.2999999999999991600, 1.250000000000000700 ) ) ;
#1392 = VERTEX_POINT ( 'NONE', #2185 ) ;
#1393 = EDGE_CURVE ( 'NONE', #1277, #883, #5533, .T. ) ;
#1394 = ORIENTED_EDGE ( 'NONE', *, *, #6700, .T. ) ;
#1395 = ORIENTED_EDGE ( 'NONE', *, *, #8171, .T. ) ;
#1396 = AXIS2_PLACEMENT_3D ( 'NONE', #168, #3232, #3297 ) ;
#1397 = VECTOR ( 'NONE', #1156, 1000.000000000000000 ) ;
#1398 = VERTEX_POINT ( 'NONE', #5174 ) ;
#1399 = CARTESIAN_POINT ( 'NONE',  ( 4.225000000000001400, 0.1000000000000000300, -2.550000000000000300 ) ) ;
#1400 = EDGE_CURVE ( 'NONE', #8645, #4595, #2000, .T. ) ;
#1401 = CARTESIAN_POINT ( 'NONE',  ( -5.874999999999999100, 0.2999999999999990500, -1.550000000000000300 ) ) ;
#1402 = CARTESIAN_POINT ( 'NONE',  ( 3.059324500821435100, 1.034324500821434800, 1.850000000000000500 ) ) ;
#1403 = ORIENTED_EDGE ( 'NONE', *, *, #4500, .F. ) ;
#1404 = VERTEX_POINT ( 'NONE', #5208 ) ;
#1405 = ORIENTED_EDGE ( 'NONE', *, *, #4226, .F. ) ;
#1406 = AXIS2_PLACEMENT_3D ( 'NONE', #9692, #8728, #4094 ) ;
#1407 = VECTOR ( 'NONE', #7340, 1000.000000000000000 ) ;
#1408 = CARTESIAN_POINT ( 'NONE',  ( 0.5593245008214354800, 1.034324500821434800, 1.850000000000000500 ) ) ;
#1409 = VERTEX_POINT ( 'NONE', #8292 ) ;
#1410 = LINE ( 'NONE', #8100, #1650 ) ;
#1411 = DIRECTION ( 'NONE',  ( 0.0000000000000000000, -0.0000000000000000000, 1.000000000000000000 ) ) ;
#1412 = DIRECTION ( 'NONE',  ( -0.0000000000000000000, 0.0000000000000000000, -1.000000000000000000 ) ) ;
#1413 = VECTOR ( 'NONE', #8379, 1000.000000000000000 ) ;
#1414 = ORIENTED_EDGE ( 'NONE', *, *, #6015, .T. ) ;
#1415 = DIRECTION ( 'NONE',  ( -0.7071067811865512400, -8.221412421894813300E-017, 0.7071067811865439100 ) ) ;
#1416 = VECTOR ( 'NONE', #3914, 1000.000000000000000 ) ;
#1417 = ORIENTED_EDGE ( 'NONE', *, *, #6293, .F. ) ;
#1418 = CARTESIAN_POINT ( 'NONE',  ( 5.274999999999998600, 0.5999999999999998700, -1.000000000000000900 ) ) ;
#1419 = ORIENTED_EDGE ( 'NONE', *, *, #7118, .T. ) ;
#1420 = DIRECTION ( 'NONE',  ( -1.000000000000000000, 0.0000000000000000000, 0.0000000000000000000 ) ) ;
#1421 = AXIS2_PLACEMENT_3D ( 'NONE', #7747, #7015, #3889 ) ;
#1422 = CARTESIAN_POINT ( 'NONE',  ( 2.975000000000000100, 0.0000000000000000000, -1.950000000000000800 ) ) ;
#1423 = DIRECTION ( 'NONE',  ( -1.000000000000000000, -0.0000000000000000000, -0.0000000000000000000 ) ) ;
#1424 = CARTESIAN_POINT ( 'NONE',  ( 5.674999999999999800, 0.2999999999999991600, -0.5999999999999985300 ) ) ;
#1425 = LINE ( 'NONE', #1326, #8168 ) ;
#1426 = EDGE_LOOP ( 'NONE', ( #9076, #1352, #1510, #3410 ) ) ;
#1427 = DIRECTION ( 'NONE',  ( -0.7071067811865430200, 0.7071067811865521200, 0.0000000000000000000 ) ) ;
#1428 = CARTESIAN_POINT ( 'NONE',  ( -1.724999999999999600, 1.700000000000000000, -1.000000000000000700 ) ) ;
#1429 = DIRECTION ( 'NONE',  ( 0.0000000000000000000, 0.0000000000000000000, -1.000000000000000000 ) ) ;
#1430 = ADVANCED_FACE ( 'NONE', ( #2488 ), #5943, .F. ) ;
#1431 = VECTOR ( 'NONE', #6605, 1000.000000000000000 ) ;
#1432 = ORIENTED_EDGE ( 'NONE', *, *, #6869, .F. ) ;
#1433 = CARTESIAN_POINT ( 'NONE',  ( -2.024999999999999500, 1.399999999999999900, -2.299999999999999800 ) ) ;
#1434 = MECHANICAL_DESIGN_GEOMETRIC_PRESENTATION_REPRESENTATION (  '', ( #5776 ), #1235 ) ;
#1435 = CARTESIAN_POINT ( 'NONE',  ( -2.974999999999999200, 0.1000000000000000500, -1.950000000000000200 ) ) ;
#1436 = DIRECTION ( 'NONE',  ( -1.000000000000000000, -4.170008355713473900E-017, -0.0000000000000000000 ) ) ;
#1437 = FACE_OUTER_BOUND ( 'NONE', #7529, .T. ) ;
#1438 = DIRECTION ( 'NONE',  ( 0.0000000000000000000, 1.000000000000000000, 4.015563601798170200E-016 ) ) ;
#1439 = VECTOR ( 'NONE', #3544, 1000.000000000000000 ) ;
#1440 = ORIENTED_EDGE ( 'NONE', *, *, #3836, .T. ) ;
#1441 = DIRECTION ( 'NONE',  ( -0.7071067811865497900, -0.7071067811865452400, 0.0000000000000000000 ) ) ;
#1442 = EDGE_CURVE ( 'NONE', #7017, #6112, #3938, .T. ) ;
#1443 = EDGE_CURVE ( 'NONE', #3160, #8008, #5282, .T. ) ;
#1444 = PLANE ( 'NONE',  #9821 ) ;
#1445 = VECTOR ( 'NONE', #6634, 1000.000000000000000 ) ;
#1446 = CARTESIAN_POINT ( 'NONE',  ( -0.4749999999999997600, 1.700000000000000000, 1.249999999999986000 ) ) ;
#1447 = LINE ( 'NONE', #6520, #4826 ) ;
#1448 = DIRECTION ( 'NONE',  ( 1.000000000000000000, 0.0000000000000000000, 0.0000000000000000000 ) ) ;
#1449 = EDGE_CURVE ( 'NONE', #1782, #3037, #2955, .T. ) ;
#1450 = VECTOR ( 'NONE', #3316, 1000.000000000000000 ) ;
#1451 = ORIENTED_EDGE ( 'NONE', *, *, #2590, .F. ) ;
#1452 = LINE ( 'NONE', #2944, #1921 ) ;
#1453 = AXIS2_PLACEMENT_3D ( 'NONE', #8687, #5586, #6414 ) ;
#1454 = PLANE ( 'NONE',  #3181 ) ;
#1455 = PLANE ( 'NONE',  #2265 ) ;
#1456 = DIRECTION ( 'NONE',  ( 0.1378445374916254000, -0.1378445374916254000, 0.9808148484639900300 ) ) ;
#1457 = COLOUR_RGB ( '',0.7921568627450980000, 0.8196078431372548800, 0.9333333333333333500 ) ;
#1458 = VECTOR ( 'NONE', #460, 1000.000000000000000 ) ;
#1459 = PLANE ( 'NONE',  #6125 ) ;
#1460 = DIRECTION ( 'NONE',  ( 0.0000000000000000000, -0.0000000000000000000, -1.000000000000000000 ) ) ;
#1461 = EDGE_CURVE ( 'NONE', #2322, #8457, #5172, .T. ) ;
#1462 = ORIENTED_EDGE ( 'NONE', *, *, #3105, .T. ) ;
#1463 = CARTESIAN_POINT ( 'NONE',  ( -2.024999999999999500, 1.399999999999999700, -2.299999999999999800 ) ) ;
#1464 = ORIENTED_EDGE ( 'NONE', *, *, #2431, .T. ) ;
#1465 = AXIS2_PLACEMENT_3D ( 'NONE', #9511, #3403, #437 ) ;
#1466 = VECTOR ( 'NONE', #8016, 1000.000000000000000 ) ;
#1467 = LINE ( 'NONE', #2873, #1807 ) ;
#1468 = STYLED_ITEM ( 'NONE', ( #1347 ), #9099 ) ;
#1469 = DIRECTION ( 'NONE',  ( 0.0000000000000000000, 0.0000000000000000000, -1.000000000000000000 ) ) ;
#1470 = PLANE ( 'NONE',  #5475 ) ;
#1471 = ORIENTED_EDGE ( 'NONE', *, *, #5715, .F. ) ;
#1472 = CARTESIAN_POINT ( 'NONE',  ( 5.524999999999997700, 3.399999999999999900, 2.650000000000000400 ) ) ;
#1473 = VERTEX_POINT ( 'NONE', #1309 ) ;
#1474 = ORIENTED_EDGE ( 'NONE', *, *, #525, .T. ) ;
#1475 = EDGE_CURVE ( 'NONE', #3208, #9169, #420, .T. ) ;
#1476 = VECTOR ( 'NONE', #843, 1000.000000000000000 ) ;
#1477 = VECTOR ( 'NONE', #3320, 1000.000000000000000 ) ;
#1478 = EDGE_LOOP ( 'NONE', ( #4829, #6714, #6682, #3839 ) ) ;
#1479 = ORIENTED_EDGE ( 'NONE', *, *, #3123, .T. ) ;
#1480 = AXIS2_PLACEMENT_3D ( 'NONE', #7549, #2932, #3724 ) ;
#1481 = EDGE_LOOP ( 'NONE', ( #5837, #6595, #5377, #2816 ) ) ;
#1482 = VERTEX_POINT ( 'NONE', #8543 ) ;
#1483 = DIRECTION ( 'NONE',  ( -1.000000000000000000, 0.0000000000000000000, 0.0000000000000000000 ) ) ;
#1484 = DIRECTION ( 'NONE',  ( 0.7071067811865451300, 0.0000000000000000000, -0.7071067811865500200 ) ) ;
#1485 = DIRECTION ( 'NONE',  ( -0.0000000000000000000, -0.0000000000000000000, 1.000000000000000000 ) ) ;
#1486 = VECTOR ( 'NONE', #2576, 1000.000000000000000 ) ;
#1487 = LINE ( 'NONE', #9181, #3044 ) ;
#1488 = CARTESIAN_POINT ( 'NONE',  ( 0.7692996650451163800, 1.694299665045115900, 1.290559990745417100 ) ) ;
#1489 = DIRECTION ( 'NONE',  ( 1.000000000000000000, 0.0000000000000000000, 0.0000000000000000000 ) ) ;
#1490 = ORIENTED_EDGE ( 'NONE', *, *, #1982, .T. ) ;
#1491 = DIRECTION ( 'NONE',  ( 1.000000000000000000, 0.0000000000000000000, 0.0000000000000000000 ) ) ;
#1492 = ORIENTED_EDGE ( 'NONE', *, *, #1, .T. ) ;
#1493 = VERTEX_POINT ( 'NONE', #717 ) ;
#1494 = CARTESIAN_POINT ( 'NONE',  ( -2.024999999999999500, 0.6000000000000007500, -2.550000000000000300 ) ) ;
#1495 = EDGE_CURVE ( 'NONE', #6071, #9845, #3823, .T. ) ;
#1496 = CARTESIAN_POINT ( 'NONE',  ( -0.7749999999999996900, 1.500000000000000000, -1.600000000000000800 ) ) ;
#1497 = AXIS2_PLACEMENT_3D ( 'NONE', #2648, #2514, #4916 ) ;
#1498 = LINE ( 'NONE', #6376, #6329 ) ;
#1499 = LINE ( 'NONE', #7538, #7868 ) ;
#1500 = CARTESIAN_POINT ( 'NONE',  ( 2.025000000000000800, 0.0000000000000000000, -1.950000000000000800 ) ) ;
#1501 = ORIENTED_EDGE ( 'NONE', *, *, #3293, .F. ) ;
#1502 = EDGE_LOOP ( 'NONE', ( #7217, #855, #3714, #2722 ) ) ;
#1503 = DIRECTION ( 'NONE',  ( 0.0000000000000000000, 0.0000000000000000000, -1.000000000000000000 ) ) ;
#1504 = CARTESIAN_POINT ( 'NONE',  ( 0.7750000000000004700, 0.7999999999999999300, -1.400000000000000600 ) ) ;
#1505 = EDGE_CURVE ( 'NONE', #2694, #9609, #74, .T. ) ;
#1506 = CARTESIAN_POINT ( 'NONE',  ( 2.975000000000000100, 1.250000000000000000, -2.449999999999999300 ) ) ;
#1507 = VECTOR ( 'NONE', #8848, 1000.000000000000000 ) ;
#1508 = LINE ( 'NONE', #8151, #6688 ) ;
#1509 = EDGE_CURVE ( 'NONE', #8872, #9448, #7414, .T. ) ;
#1510 = ORIENTED_EDGE ( 'NONE', *, *, #486, .F. ) ;
#1511 = VERTEX_POINT ( 'NONE', #8465 ) ;
#1512 = EDGE_LOOP ( 'NONE', ( #1359, #2584, #7560, #8464 ) ) ;
#1513 = EDGE_CURVE ( 'NONE', #6240, #1830, #8410, .T. ) ;
#1514 = CARTESIAN_POINT ( 'NONE',  ( -2.974999999999999200, 0.1000000000000000300, -2.649999999999999900 ) ) ;
#1515 = AXIS2_PLACEMENT_3D ( 'NONE', #3482, #1234, #7358 ) ;
#1516 = DIRECTION ( 'NONE',  ( 1.000000000000000000, 0.0000000000000000000, 0.0000000000000000000 ) ) ;
#1517 = CIRCLE ( 'NONE', #248, 0.1000000000000000500 ) ;
#1518 = VERTEX_POINT ( 'NONE', #2255 ) ;
#1519 = EDGE_LOOP ( 'NONE', ( #2870, #7355, #1301, #2826 ) ) ;
#1520 =( LENGTH_UNIT ( ) NAMED_UNIT ( * ) SI_UNIT ( .MILLI., .METRE. ) );
#1521 = ORIENTED_EDGE ( 'NONE', *, *, #1325, .T. ) ;
#1522 = ORIENTED_EDGE ( 'NONE', *, *, #6625, .F. ) ;
#1523 = EDGE_CURVE ( 'NONE', #1980, #490, #2113, .T. ) ;
#1524 = DIRECTION ( 'NONE',  ( -0.1378445374916254000, -0.1378445374916254000, 0.9808148484639900300 ) ) ;
#1525 = DIRECTION ( 'NONE',  ( 0.0000000000000000000, -1.000000000000000000, -6.672013369141573100E-016 ) ) ;
#1526 = CARTESIAN_POINT ( 'NONE',  ( 2.975000000000000100, 1.399999999999999700, -1.700000000000000800 ) ) ;
#1527 = FACE_OUTER_BOUND ( 'NONE', #1149, .T. ) ;
#1528 = VECTOR ( 'NONE', #6178, 1000.000000000000000 ) ;
#1529 = CARTESIAN_POINT ( 'NONE',  ( -7.374999999999998200, 0.8000000000000000400, 5.480194339616986100 ) ) ;
#1530 = EDGE_CURVE ( 'NONE', #5119, #9281, #3185, .T. ) ;
#1531 = VERTEX_POINT ( 'NONE', #8504 ) ;
#1532 = AXIS2_PLACEMENT_3D ( 'NONE', #5543, #2420, #890 ) ;
#1533 = ORIENTED_EDGE ( 'NONE', *, *, #6122, .T. ) ;
#1534 = FILL_AREA_STYLE ('',( #8452 ) ) ;
#1535 = VECTOR ( 'NONE', #10035, 1000.000000000000000 ) ;
#1536 = EDGE_LOOP ( 'NONE', ( #1859, #3828, #7900, #191 ) ) ;
#1537 = DIRECTION ( 'NONE',  ( 0.0000000000000000000, 1.000000000000000000, 4.015563601798170200E-016 ) ) ;
#1538 = VECTOR ( 'NONE', #7175, 1000.000000000000000 ) ;
#1539 = ORIENTED_EDGE ( 'NONE', *, *, #10, .F. ) ;
#1540 = CARTESIAN_POINT ( 'NONE',  ( 2.025000000000000800, 1.399999999999999900, -2.299999999999999800 ) ) ;
#1541 = EDGE_CURVE ( 'NONE', #4264, #664, #1628, .T. ) ;
#1542 = DIRECTION ( 'NONE',  ( 1.000000000000000000, 0.0000000000000000000, 0.0000000000000000000 ) ) ;
#1543 = CARTESIAN_POINT ( 'NONE',  ( -0.4749999999999997600, 0.4000000000000001900, -2.649999999999999900 ) ) ;
#1544 = DIRECTION ( 'NONE',  ( 0.0000000000000000000, 0.0000000000000000000, -1.000000000000000000 ) ) ;
#1545 = DIRECTION ( 'NONE',  ( -0.0000000000000000000, 1.000000000000000000, -0.0000000000000000000 ) ) ;
#1546 = AXIS2_PLACEMENT_3D ( 'NONE', #1952, #7343, #2740 ) ;
#1547 = FACE_OUTER_BOUND ( 'NONE', #6843, .T. ) ;
#1548 = VERTEX_POINT ( 'NONE', #1514 ) ;
#1549 = VECTOR ( 'NONE', #3847, 1000.000000000000000 ) ;
#1550 = ADVANCED_FACE ( 'NONE', ( #1308 ), #8574, .F. ) ;
#1551 = ORIENTED_EDGE ( 'NONE', *, *, #8150, .F. ) ;
#1552 = DIRECTION ( 'NONE',  ( -0.0000000000000000000, -0.0000000000000000000, 1.000000000000000000 ) ) ;
#1553 = LINE ( 'NONE', #2962, #5657 ) ;
#1554 = FILL_AREA_STYLE_COLOUR ( '', #4685 ) ;
#1555 = FACE_OUTER_BOUND ( 'NONE', #2352, .T. ) ;
#1556 = ORIENTED_EDGE ( 'NONE', *, *, #5526, .F. ) ;
#1557 = DIRECTION ( 'NONE',  ( 4.170008355713473900E-017, -1.000000000000000000, 0.0000000000000000000 ) ) ;
#1558 = CARTESIAN_POINT ( 'NONE',  ( -5.874999999999999100, 0.2999999999999990500, -1.550000000000000300 ) ) ;
#1559 = LINE ( 'NONE', #7273, #6035 ) ;
#1560 = ADVANCED_FACE ( 'NONE', ( #6865 ), #7090, .F. ) ;
#1561 = SURFACE_STYLE_FILL_AREA ( #7646 ) ;
#1562 = VERTEX_POINT ( 'NONE', #9447 ) ;
#1563 = DIRECTION ( 'NONE',  ( 0.0000000000000000000, 0.0000000000000000000, 1.000000000000000000 ) ) ;
#1564 = CARTESIAN_POINT ( 'NONE',  ( 0.7750000000000004700, 2.040000000000000000, -1.500000000000000700 ) ) ;
#1565 = LINE ( 'NONE', #617, #2755 ) ;
#1566 = PLANE ( 'NONE',  #4899 ) ;
#1567 = AXIS2_PLACEMENT_3D ( 'NONE', #6121, #1557, #6085 ) ;
#1568 = FACE_OUTER_BOUND ( 'NONE', #5536, .T. ) ;
#1569 = ORIENTED_EDGE ( 'NONE', *, *, #9871, .F. ) ;
#1570 = EDGE_CURVE ( 'NONE', #594, #2840, #5914, .T. ) ;
#1571 = LINE ( 'NONE', #7901, #5687 ) ;
#1572 = VERTEX_POINT ( 'NONE', #4750 ) ;
#1573 = EDGE_CURVE ( 'NONE', #6852, #2585, #4164, .T. ) ;
#1574 = VERTEX_POINT ( 'NONE', #6999 ) ;
#1575 = CARTESIAN_POINT ( 'NONE',  ( 5.594999999999998000, 2.180000000000000200, -1.000000000000000700 ) ) ;
#1576 = EDGE_CURVE ( 'NONE', #6024, #1239, #5385, .T. ) ;
#1577 = CARTESIAN_POINT ( 'NONE',  ( -3.585000000000000000, 0.2999999999999991600, 1.250000000000000700 ) ) ;
#1578 = ADVANCED_FACE ( 'NONE', ( #8519 ), #4036, .F. ) ;
#1579 = LINE ( 'NONE', #2961, #3988 ) ;
#1581 = CARTESIAN_POINT ( 'NONE',  ( -0.7749999999999996900, 0.9499999999999998400, -1.000000000000000700 ) ) ;
#1580 = VECTOR ( 'NONE', #9896, 1000.000000000000000 ) ;
#1582 = DIRECTION ( 'NONE',  ( -0.0000000000000000000, 1.000000000000000000, 6.672013369141573100E-016 ) ) ;
#1583 = EDGE_CURVE ( 'NONE', #9891, #2385, #7879, .T. ) ;
#1584 = ORIENTED_EDGE ( 'NONE', *, *, #5654, .F. ) ;
#1585 = CARTESIAN_POINT ( 'NONE',  ( 5.274999999999998600, 0.5999999999999998700, -1.000000000000000900 ) ) ;
#1586 = ORIENTED_EDGE ( 'NONE', *, *, #1325, .F. ) ;
#1587 = ORIENTED_EDGE ( 'NONE', *, *, #8235, .T. ) ;
#1588 = DIRECTION ( 'NONE',  ( 0.0000000000000000000, -6.672013369141573100E-016, 1.000000000000000000 ) ) ;
#1589 = DIRECTION ( 'NONE',  ( 0.0000000000000000000, 0.0000000000000000000, 1.000000000000000000 ) ) ;
#1590 = VECTOR ( 'NONE', #1047, 1000.000000000000000 ) ;
#1591 = FACE_OUTER_BOUND ( 'NONE', #1640, .T. ) ;
#1592 = MANIFOLD_SOLID_BREP ( 'LPattern3[3]', #1286 ) ;
#1593 = EDGE_CURVE ( 'NONE', #1868, #2242, #4630, .T. ) ;
#1594 = DIRECTION ( 'NONE',  ( -1.000000000000000000, -0.0000000000000000000, -0.0000000000000000000 ) ) ;
#1595 = VERTEX_POINT ( 'NONE', #984 ) ;
#1596 = ORIENTED_EDGE ( 'NONE', *, *, #6381, .F. ) ;
#1597 = ORIENTED_EDGE ( 'NONE', *, *, #4166, .F. ) ;
#1598 = DIRECTION ( 'NONE',  ( 1.000000000000000000, 0.0000000000000000000, 0.0000000000000000000 ) ) ;
#1599 = CARTESIAN_POINT ( 'NONE',  ( 2.025000000000000800, 2.140000000000000100, -1.400000000000000600 ) ) ;
#1600 = DIRECTION ( 'NONE',  ( 0.0000000000000000000, -6.672013369141573100E-016, 1.000000000000000000 ) ) ;
#1601 = LINE ( 'NONE', #4098, #5240 ) ;
#1602 = VECTOR ( 'NONE', #2126, 1000.000000000000000 ) ;
#1603 = ORIENTED_EDGE ( 'NONE', *, *, #652, .T. ) ;
#1604 = VERTEX_POINT ( 'NONE', #4716 ) ;
#1605 = ORIENTED_EDGE ( 'NONE', *, *, #1652, .F. ) ;
#1606 = ADVANCED_FACE ( 'NONE', ( #8497 ), #3180, .T. ) ;
#1607 = DIRECTION ( 'NONE',  ( -1.000000000000000000, -0.0000000000000000000, -0.0000000000000000000 ) ) ;
#1608 = DIRECTION ( 'NONE',  ( 0.1378445374916254000, -0.1378445374916254000, 0.9808148484639900300 ) ) ;
#1609 = LINE ( 'NONE', #7126, #755 ) ;
#1610 = CARTESIAN_POINT ( 'NONE',  ( 6.274999999999998600, 0.2999999999999989900, 1.850000000000000100 ) ) ;
#1611 = CARTESIAN_POINT ( 'NONE',  ( 2.975000000000000100, 0.9499999999999998400, 3.457774721070176100 ) ) ;
#1612 = AXIS2_PLACEMENT_3D ( 'NONE', #295, #7333, #4191 ) ;
#1613 = EDGE_LOOP ( 'NONE', ( #4387, #7614, #3728, #202 ) ) ;
#1614 = DIRECTION ( 'NONE',  ( 1.146293045799652500E-016, 0.0000000000000000000, -1.000000000000000000 ) ) ;
#1615 = VERTEX_POINT ( 'NONE', #5508 ) ;
#1616 = ORIENTED_EDGE ( 'NONE', *, *, #9179, .T. ) ;
#1617 = LINE ( 'NONE', #3195, #3414 ) ;
#1618 = LINE ( 'NONE', #974, #9260 ) ;
#1619 = DIRECTION ( 'NONE',  ( 0.0000000000000000000, 1.000000000000000000, 0.0000000000000000000 ) ) ;
#1620 = CARTESIAN_POINT ( 'NONE',  ( -4.524999999999999500, 1.700000000000000000, 1.249999999999986000 ) ) ;
#1621 = ORIENTED_EDGE ( 'NONE', *, *, #3763, .F. ) ;
#1622 = CARTESIAN_POINT ( 'NONE',  ( -2.974999999999999200, 0.1000000000000000300, -2.550000000000000300 ) ) ;
#1623 = VERTEX_POINT ( 'NONE', #7057 ) ;
#1624 = VERTEX_POINT ( 'NONE', #7891 ) ;
#1625 = DIRECTION ( 'NONE',  ( 0.0000000000000000000, 3.614007241618353200E-016, -1.000000000000000000 ) ) ;
#1626 = AXIS2_PLACEMENT_3D ( 'NONE', #6976, #8555, #3818 ) ;
#1627 = VECTOR ( 'NONE', #4418, 1000.000000000000000 ) ;
#1628 = LINE ( 'NONE', #7830, #1908 ) ;
#1629 = ADVANCED_FACE ( 'NONE', ( #3396 ), #3216, .T. ) ;
#1630 = ORIENTED_EDGE ( 'NONE', *, *, #5728, .T. ) ;
#1631 = DIRECTION ( 'NONE',  ( 0.0000000000000000000, 0.0000000000000000000, -1.000000000000000000 ) ) ;
#1632 = DIRECTION ( 'NONE',  ( 1.000000000000000000, 0.0000000000000000000, 0.0000000000000000000 ) ) ;
#1633 = EDGE_LOOP ( 'NONE', ( #8202, #8541, #4088, #7904 ) ) ;
#1634 = ORIENTED_EDGE ( 'NONE', *, *, #7826, .F. ) ;
#1635 = EDGE_CURVE ( 'NONE', #9388, #1562, #5717, .T. ) ;
#1636 = EDGE_CURVE ( 'NONE', #3108, #1623, #5961, .T. ) ;
#1637 = CIRCLE ( 'NONE', #3751, 0.1000000000000002600 ) ;
#1638 = ORIENTED_EDGE ( 'NONE', *, *, #4518, .T. ) ;
#1639 = EDGE_CURVE ( 'NONE', #5006, #462, #9596, .T. ) ;
#1640 = EDGE_LOOP ( 'NONE', ( #9679, #9972, #678, #7037 ) ) ;
#1641 = ORIENTED_EDGE ( 'NONE', *, *, #3836, .F. ) ;
#1642 = AXIS2_PLACEMENT_3D ( 'NONE', #4104, #4850, #2586 ) ;
#1643 = CARTESIAN_POINT ( 'NONE',  ( -0.4749999999999997600, 0.5000000000000000000, -1.849999999999999900 ) ) ;
#1644 = PLANE ( 'NONE',  #1532 ) ;
#1645 = ORIENTED_EDGE ( 'NONE', *, *, #5428, .T. ) ;
#1646 = DIRECTION ( 'NONE',  ( -1.000000000000000000, -0.0000000000000000000, -0.0000000000000000000 ) ) ;
#1647 = FACE_OUTER_BOUND ( 'NONE', #2723, .T. ) ;
#1648 = EDGE_LOOP ( 'NONE', ( #5402, #6189, #3575, #6333 ) ) ;
#1649 = VERTEX_POINT ( 'NONE', #7356 ) ;
#1650 = VECTOR ( 'NONE', #1193, 1000.000000000000000 ) ;
#1651 = FACE_OUTER_BOUND ( 'NONE', #8484, .T. ) ;
#1652 = EDGE_CURVE ( 'NONE', #5985, #5795, #9644, .T. ) ;
#1653 = DIRECTION ( 'NONE',  ( -1.000000000000000000, -0.0000000000000000000, -0.0000000000000000000 ) ) ;
#1654 = VECTOR ( 'NONE', #3960, 1000.000000000000000 ) ;
#1655 = ORIENTED_EDGE ( 'NONE', *, *, #5715, .T. ) ;
#1656 = ADVANCED_FACE ( 'NONE', ( #9881 ), #239, .F. ) ;
#1657 = DIRECTION ( 'NONE',  ( 0.0000000000000000000, 0.0000000000000000000, 1.000000000000000000 ) ) ;
#1658 = LINE ( 'NONE', #957, #6254 ) ;
#1659 = EDGE_LOOP ( 'NONE', ( #1093, #5953, #3178, #8157, #385, #3088, #1154, #7183, #5602, #4655, #9119, #7657, #5359, #8758, #789, #7741, #9321 ) ) ;
#1660 = ORIENTED_EDGE ( 'NONE', *, *, #6875, .T. ) ;
#1661 = CARTESIAN_POINT ( 'NONE',  ( -5.874999999999997300, 0.2999999999999990500, 2.650000000000000400 ) ) ;
#1662 = DIRECTION ( 'NONE',  ( 0.0000000000000000000, -7.228014483236719200E-016, -1.000000000000000000 ) ) ;
#1663 = LINE ( 'NONE', #9815, #442 ) ;
#1664 = ORIENTED_EDGE ( 'NONE', *, *, #6757, .F. ) ;
#1665 = EDGE_CURVE ( 'NONE', #7865, #4409, #3209, .T. ) ;
#1666 = AXIS2_PLACEMENT_3D ( 'NONE', #9429, #936, #3956 ) ;
#1667 = COLOUR_RGB ( '',0.7921568627450980000, 0.8196078431372548800, 0.9333333333333333500 ) ;
#1668 = ORIENTED_EDGE ( 'NONE', *, *, #3725, .F. ) ;
#1669 = CARTESIAN_POINT ( 'NONE',  ( -4.524999999999999500, 0.9499999999999998400, 1.249999999999986000 ) ) ;
#1670 = ADVANCED_FACE ( 'NONE', ( #7793 ), #6424, .F. ) ;
#1671 = CARTESIAN_POINT ( 'NONE',  ( -4.224999999999999600, 0.7999999999999998200, -1.550000000000000300 ) ) ;
#1672 = LINE ( 'NONE', #8600, #4477 ) ;
#1673 = LINE ( 'NONE', #8056, #9075 ) ;
#1674 = ORIENTED_EDGE ( 'NONE', *, *, #2859, .F. ) ;
#1675 = DIRECTION ( 'NONE',  ( -1.000000000000000000, 0.0000000000000000000, -1.146293045799652500E-016 ) ) ;
#1676 = VECTOR ( 'NONE', #3137, 1000.000000000000000 ) ;
#1677 = CARTESIAN_POINT ( 'NONE',  ( -0.4749999999999997600, 1.250000000000000000, -2.299999999999999800 ) ) ;
#1678 = FACE_OUTER_BOUND ( 'NONE', #635, .T. ) ;
#1679 = CARTESIAN_POINT ( 'NONE',  ( 0.0000000000000000000, 0.0000000000000000000, 0.0000000000000000000 ) ) ;
#1680 = FACE_OUTER_BOUND ( 'NONE', #772, .T. ) ;
#1681 = ORIENTED_EDGE ( 'NONE', *, *, #9888, .T. ) ;
#1683 = DIRECTION ( 'NONE',  ( -1.000000000000000000, -0.0000000000000000000, -0.0000000000000000000 ) ) ;
#1682 = VECTOR ( 'NONE', #1279, 1000.000000000000000 ) ;
#1684 = FACE_OUTER_BOUND ( 'NONE', #2885, .T. ) ;
#1685 = DIRECTION ( 'NONE',  ( -1.000000000000000000, 0.0000000000000000000, 0.0000000000000000000 ) ) ;
#1686 = CARTESIAN_POINT ( 'NONE',  ( 0.7750000000000004700, 0.0000000000000000000, -2.549999999999999400 ) ) ;
#1687 = CARTESIAN_POINT ( 'NONE',  ( 2.025000000000000800, 0.1000000000000000300, -2.550000000000000300 ) ) ;
#1688 = VERTEX_POINT ( 'NONE', #8976 ) ;
#1689 = EDGE_CURVE ( 'NONE', #2311, #6789, #1410, .T. ) ;
#1690 = ORIENTED_EDGE ( 'NONE', *, *, #7431, .F. ) ;
#1691 = ADVANCED_FACE ( 'NONE', ( #1155 ), #9521, .T. ) ;
#1692 = VECTOR ( 'NONE', #3367, 1000.000000000000000 ) ;
#1693 = LINE ( 'NONE', #1229, #2778 ) ;
#1694 = CARTESIAN_POINT ( 'NONE',  ( 3.885000000000000200, 0.2999999999999991600, 1.250000000000000700 ) ) ;
#1695 = EDGE_CURVE ( 'NONE', #3677, #6788, #6052, .T. ) ;
#1696 = ORIENTED_EDGE ( 'NONE', *, *, #5134, .F. ) ;
#1697 = DIRECTION ( 'NONE',  ( -0.0000000000000000000, -0.0000000000000000000, -1.000000000000000000 ) ) ;
#1698 = EDGE_LOOP ( 'NONE', ( #265, #175, #2825, #8787, #836, #5098, #5603, #4055, #9139, #1902, #719, #2802, #17, #7048, #1660, #2749, #1094 ) ) ;
#1699 = ORIENTED_EDGE ( 'NONE', *, *, #8392, .F. ) ;
#1700 = DIRECTION ( 'NONE',  ( -0.0000000000000000000, 1.000000000000000000, 6.672013369141573100E-016 ) ) ;
#1701 = EDGE_CURVE ( 'NONE', #1737, #5466, #5568, .T. ) ;
#1702 = LINE ( 'NONE', #5265, #13 ) ;
#1703 = VECTOR ( 'NONE', #603, 1000.000000000000000 ) ;
#1704 = AXIS2_PLACEMENT_3D ( 'NONE', #1939, #1095, #1038 ) ;
#1705 = DIRECTION ( 'NONE',  ( 0.0000000000000000000, -0.0000000000000000000, 1.000000000000000000 ) ) ;
#1706 = ORIENTED_EDGE ( 'NONE', *, *, #9093, .F. ) ;
#1707 = ORIENTED_EDGE ( 'NONE', *, *, #8759, .F. ) ;
#1708 = CARTESIAN_POINT ( 'NONE',  ( 2.025000000000000800, 1.399999999999999700, -2.299999999999999800 ) ) ;
#1709 = ORIENTED_EDGE ( 'NONE', *, *, #8087, .F. ) ;
#1710 = ORIENTED_EDGE ( 'NONE', *, *, #9026, .T. ) ;
#1711 = DIRECTION ( 'NONE',  ( 1.000000000000000000, 0.0000000000000000000, 0.0000000000000000000 ) ) ;
#1712 = DIRECTION ( 'NONE',  ( 0.0000000000000000000, 0.0000000000000000000, -1.000000000000000000 ) ) ;
#1713 = EDGE_CURVE ( 'NONE', #266, #5975, #9680, .T. ) ;
#1714 = LINE ( 'NONE', #6493, #8233 ) ;
#1716 = DIRECTION ( 'NONE',  ( 0.0000000000000000000, -0.0000000000000000000, 1.000000000000000000 ) ) ;
#1715 = FACE_OUTER_BOUND ( 'NONE', #1011, .T. ) ;
#1717 = VERTEX_POINT ( 'NONE', #5834 ) ;
#1718 = ORIENTED_EDGE ( 'NONE', *, *, #8358, .T. ) ;
#1719 =( GEOMETRIC_REPRESENTATION_CONTEXT ( 3 ) GLOBAL_UNCERTAINTY_ASSIGNED_CONTEXT ( ( #7824 ) ) GLOBAL_UNIT_ASSIGNED_CONTEXT ( ( #87, #2414, #208 ) ) REPRESENTATION_CONTEXT ( 'NONE', 'WORKASPACE' ) );
#1720 = ADVANCED_FACE ( 'NONE', ( #5331 ), #2045, .F. ) ;
#1721 = CARTESIAN_POINT ( 'NONE',  ( -3.585000000000000000, 0.5999999999999998700, 1.250000000000000700 ) ) ;
#1722 = ORIENTED_EDGE ( 'NONE', *, *, #2799, .T. ) ;
#1723 = ORIENTED_EDGE ( 'NONE', *, *, #6806, .T. ) ;
#1724 = CARTESIAN_POINT ( 'NONE',  ( -1.724999999999999600, 1.399999999999999900, -2.299999999999999800 ) ) ;
#1725 = DIRECTION ( 'NONE',  ( 7.228014483236700500E-016, 1.000000000000000000, 0.0000000000000000000 ) ) ;
#1726 = LINE ( 'NONE', #7259, #7150 ) ;
#1727 =( NAMED_UNIT ( * ) PLANE_ANGLE_UNIT ( ) SI_UNIT ( $, .RADIAN. ) );
#1728 = LINE ( 'NONE', #9666, #5981 ) ;
#1729 = LINE ( 'NONE', #8437, #9481 ) ;
#1730 = VERTEX_POINT ( 'NONE', #8938 ) ;
#1731 = VERTEX_POINT ( 'NONE', #5867 ) ;
#1732 = DIRECTION ( 'NONE',  ( 6.123233995736756200E-017, 1.000000000000000000, -0.0000000000000000000 ) ) ;
#1733 = DIRECTION ( 'NONE',  ( 0.0000000000000000000, 0.0000000000000000000, -1.000000000000000000 ) ) ;
#1734 = CARTESIAN_POINT ( 'NONE',  ( 2.025000000000000800, 0.0000000000000000000, -1.950000000000000800 ) ) ;
#1735 = VECTOR ( 'NONE', #9428, 1000.000000000000000 ) ;
#1736 = FACE_OUTER_BOUND ( 'NONE', #9522, .T. ) ;
#1737 = VERTEX_POINT ( 'NONE', #1022 ) ;
#1738 =( LENGTH_UNIT ( ) NAMED_UNIT ( * ) SI_UNIT ( .MILLI., .METRE. ) );
#1739 = EDGE_LOOP ( 'NONE', ( #8549, #5900, #5933, #2010, #3465 ) ) ;
#1740 = ORIENTED_EDGE ( 'NONE', *, *, #5557, .F. ) ;
#1741 = DIRECTION ( 'NONE',  ( 0.0000000000000000000, -1.000000000000000000, 0.0000000000000000000 ) ) ;
#1742 = DIRECTION ( 'NONE',  ( -1.000000000000000000, 0.0000000000000000000, 0.0000000000000000000 ) ) ;
#1743 = CIRCLE ( 'NONE', #1089, 0.09999999999999982500 ) ;
#1744 = ADVANCED_FACE ( 'NONE', ( #7346 ), #6628, .F. ) ;
#1745 = CARTESIAN_POINT ( 'NONE',  ( 2.025000000000000800, 0.0000000000000000000, -2.549999999999999400 ) ) ;
#1746 = VERTEX_POINT ( 'NONE', #1228 ) ;
#1747 = DIRECTION ( 'NONE',  ( 0.0000000000000000000, -1.000000000000000000, 0.0000000000000000000 ) ) ;
#1748 = AXIS2_PLACEMENT_3D ( 'NONE', #8552, #7702, #7734 ) ;
#1749 = CARTESIAN_POINT ( 'NONE',  ( 2.975000000000000100, 0.1000000000000000300, -2.649999999999999900 ) ) ;
#1750 = ORIENTED_EDGE ( 'NONE', *, *, #7546, .F. ) ;
#1751 = ORIENTED_EDGE ( 'NONE', *, *, #4881, .F. ) ;
#1752 = MECHANICAL_DESIGN_GEOMETRIC_PRESENTATION_REPRESENTATION (  '', ( #9407 ), #908 ) ;
#1753 = LINE ( 'NONE', #2295, #4058 ) ;
#1754 = DIRECTION ( 'NONE',  ( -1.000000000000000000, -0.0000000000000000000, -0.0000000000000000000 ) ) ;
#1755 = DIRECTION ( 'NONE',  ( -0.0000000000000000000, 1.000000000000000000, -0.0000000000000000000 ) ) ;
#1756 = DIRECTION ( 'NONE',  ( 0.0000000000000000000, -0.0000000000000000000, 1.000000000000000000 ) ) ;
#1757 = ORIENTED_EDGE ( 'NONE', *, *, #2536, .F. ) ;
#1758 = EDGE_CURVE ( 'NONE', #4784, #1572, #9396, .T. ) ;
#1759 = EDGE_CURVE ( 'NONE', #1867, #4284, #4992, .T. ) ;
#1760 = ORIENTED_EDGE ( 'NONE', *, *, #4703, .T. ) ;
#1761 = EDGE_CURVE ( 'NONE', #3037, #2218, #4914, .T. ) ;
#1762 = CIRCLE ( 'NONE', #7983, 0.1000000000000000500 ) ;
#1763 = VERTEX_POINT ( 'NONE', #3758 ) ;
#1764 = CYLINDRICAL_SURFACE ( 'NONE', #510, 0.09999999999999982500 ) ;
#1765 = ORIENTED_EDGE ( 'NONE', *, *, #1051, .T. ) ;
#1766 = EDGE_CURVE ( 'NONE', #5390, #4175, #3706, .T. ) ;
#1767 = CARTESIAN_POINT ( 'NONE',  ( 7.575000000000000200, 0.2500000000000000000, 1.850000000000000100 ) ) ;
#1768 = AXIS2_PLACEMENT_3D ( 'NONE', #3868, #685, #2389 ) ;
#1769 = DIRECTION ( 'NONE',  ( 0.0000000000000000000, 0.0000000000000000000, -1.000000000000000000 ) ) ;
#1770 = CARTESIAN_POINT ( 'NONE',  ( 1.940675499178566000, 3.399999999999999900, 1.850000000000000500 ) ) ;
#1771 = ADVANCED_FACE ( 'NONE', ( #1200 ), #5972, .F. ) ;
#1772 = VECTOR ( 'NONE', #7673, 1000.000000000000000 ) ;
#1773 = VERTEX_POINT ( 'NONE', #2872 ) ;
#1774 = LINE ( 'NONE', #6184, #9529 ) ;
#1775 = EDGE_CURVE ( 'NONE', #8077, #2694, #1452, .T. ) ;
#1776 = ORIENTED_EDGE ( 'NONE', *, *, #1137, .F. ) ;
#1777 = CARTESIAN_POINT ( 'NONE',  ( 4.239250837387211300, 0.9642508373872099600, 1.351399976863563800 ) ) ;
#1778 = VECTOR ( 'NONE', #9245, 1000.000000000000000 ) ;
#1779 = CARTESIAN_POINT ( 'NONE',  ( 2.025000000000000800, 2.040000000000000000, -1.500000000000000700 ) ) ;
#1780 = DIRECTION ( 'NONE',  ( 0.0000000000000000000, -1.000000000000000000, -5.421010862427532000E-016 ) ) ;
#1781 = FACE_OUTER_BOUND ( 'NONE', #8043, .T. ) ;
#1782 = VERTEX_POINT ( 'NONE', #9923 ) ;
#1783 = AXIS2_PLACEMENT_3D ( 'NONE', #2899, #516, #4381 ) ;
#1784 = CARTESIAN_POINT ( 'NONE',  ( -6.874999999999995600, 0.2999999999999990500, -0.5499999999999997100 ) ) ;
#1785 = VECTOR ( 'NONE', #7341, 1000.000000000000000 ) ;
#1786 = DIRECTION ( 'NONE',  ( 1.000000000000000000, 0.0000000000000000000, -0.0000000000000000000 ) ) ;
#1787 = CARTESIAN_POINT ( 'NONE',  ( -3.274999999999999500, 1.700000000000000000, 1.249999999999986000 ) ) ;
#1788 = LINE ( 'NONE', #9502, #4943 ) ;
#1789 = ORIENTED_EDGE ( 'NONE', *, *, #4358, .F. ) ;
#1790 = VECTOR ( 'NONE', #7616, 1000.000000000000000 ) ;
#1791 = DIRECTION ( 'NONE',  ( 0.0000000000000000000, -1.000000000000000000, -5.421010862427532000E-016 ) ) ;
#1792 = ADVANCED_FACE ( 'NONE', ( #9899 ), #5302, .F. ) ;
#1793 = LINE ( 'NONE', #3555, #5326 ) ;
#1794 = ORIENTED_EDGE ( 'NONE', *, *, #8152, .F. ) ;
#1795 = CARTESIAN_POINT ( 'NONE',  ( -4.524999999999999500, 0.9499999999999998400, 3.457774721070176100 ) ) ;
#1796 = CARTESIAN_POINT ( 'NONE',  ( -6.374999999999999100, 2.200000000000000200, -0.5499999999999997100 ) ) ;
#1797 = VECTOR ( 'NONE', #218, 1000.000000000000000 ) ;
#1798 = ORIENTED_EDGE ( 'NONE', *, *, #261, .F. ) ;
#1799 = CARTESIAN_POINT ( 'NONE',  ( 0.4750000000000005900, 0.5000000000000000000, -1.849999999999999900 ) ) ;
#1800 = AXIS2_PLACEMENT_3D ( 'NONE', #6067, #9887, #5264 ) ;
#1801 = ORIENTED_EDGE ( 'NONE', *, *, #3439, .T. ) ;
#1802 = CARTESIAN_POINT ( 'NONE',  ( -0.4749999999999997600, 1.399999999999999700, -2.299999999999999800 ) ) ;
#1803 = AXIS2_PLACEMENT_3D ( 'NONE', #6055, #2196, #9810 ) ;
#1804 = DIRECTION ( 'NONE',  ( 0.0000000000000000000, -1.000000000000000000, -4.015563601798169700E-016 ) ) ;
#1805 = DIRECTION ( 'NONE',  ( 0.0000000000000000000, -4.015563601798169700E-016, 1.000000000000000000 ) ) ;
#1806 = VECTOR ( 'NONE', #1456, 1000.000000000000000 ) ;
#1807 = VECTOR ( 'NONE', #3592, 1000.000000000000000 ) ;
#1808 = CARTESIAN_POINT ( 'NONE',  ( 4.525000000000001200, 0.9499999999999998400, 1.249999999999986000 ) ) ;
#1809 = EDGE_LOOP ( 'NONE', ( #7000, #1706, #5262, #7147 ) ) ;
#1810 = EDGE_CURVE ( 'NONE', #4125, #405, #5672, .T. ) ;
#1811 = ORIENTED_EDGE ( 'NONE', *, *, #7384, .T. ) ;
#1812 = ORIENTED_EDGE ( 'NONE', *, *, #9229, .T. ) ;
#1813 = EDGE_CURVE ( 'NONE', #8226, #2783, #4789, .T. ) ;
#1814 = CARTESIAN_POINT ( 'NONE',  ( 3.275000000000000400, 1.250000000000000000, -2.299999999999999800 ) ) ;
#1815 = ADVANCED_FACE ( 'NONE', ( #8499 ), #3667, .F. ) ;
#1816 = PLANE ( 'NONE',  #9049 ) ;
#1817 = CARTESIAN_POINT ( 'NONE',  ( 2.019299665045116500, 0.9557003349548839300, 1.290559990745417100 ) ) ;
#1818 = CARTESIAN_POINT ( 'NONE',  ( 1.250000000000000000, 0.0000000000000000000, -1.000000000000000700 ) ) ;
#1819 = DIRECTION ( 'NONE',  ( -1.000000000000000000, 0.0000000000000000000, 0.0000000000000000000 ) ) ;
#1820 = LINE ( 'NONE', #1014, #9585 ) ;
#1821 = CIRCLE ( 'NONE', #2028, 0.1499999999999999700 ) ;
#1822 = EDGE_CURVE ( 'NONE', #7281, #8619, #9204, .T. ) ;
#1823 = AXIS2_PLACEMENT_3D ( 'NONE', #562, #1340, #4615 ) ;
#1824 = VERTEX_POINT ( 'NONE', #7590 ) ;
#1825 = DIRECTION ( 'NONE',  ( 0.0000000000000000000, 0.0000000000000000000, -1.000000000000000000 ) ) ;
#1826 = ORIENTED_EDGE ( 'NONE', *, *, #16, .T. ) ;
#1827 = EDGE_LOOP ( 'NONE', ( #5130, #7125, #319, #5243 ) ) ;
#1828 = DIRECTION ( 'NONE',  ( -1.000000000000000000, -0.0000000000000000000, -0.0000000000000000000 ) ) ;
#1829 = EDGE_CURVE ( 'NONE', #4544, #2585, #9121, .T. ) ;
#1830 = VERTEX_POINT ( 'NONE', #2976 ) ;
#1831 = CARTESIAN_POINT ( 'NONE',  ( -2.974999999999999200, 0.4000000000000001900, -2.649999999999999900 ) ) ;
#1832 = ORIENTED_EDGE ( 'NONE', *, *, #7187, .F. ) ;
#1833 = ORIENTED_EDGE ( 'NONE', *, *, #2599, .F. ) ;
#1834 = EDGE_CURVE ( 'NONE', #8285, #4887, #4932, .T. ) ;
#1835 = LINE ( 'NONE', #3883, #6432 ) ;
#1836 = AXIS2_PLACEMENT_3D ( 'NONE', #2087, #2821, #4317 ) ;
#1837 = VECTOR ( 'NONE', #2229, 1000.000000000000000 ) ;
#1838 = DIRECTION ( 'NONE',  ( 3.097720492815726700E-016, 0.0000000000000000000, -1.000000000000000000 ) ) ;
#1839 = CARTESIAN_POINT ( 'NONE',  ( -4.224999999999999600, 2.140000000000000100, -1.400000000000000600 ) ) ;
#1840 = VERTEX_POINT ( 'NONE', #5333 ) ;
#1841 = ADVANCED_FACE ( 'NONE', ( #2137 ), #8317, .F. ) ;
#1842 = ADVANCED_FACE ( 'NONE', ( #8811 ), #8424, .F. ) ;
#1843 = SHAPE_REPRESENTATION ( '10114830-10108LF', ( #6982, #9734 ), #4422 ) ;
#1844 = CARTESIAN_POINT ( 'NONE',  ( 5.874999999999999100, 3.399999999999999900, -1.550000000000000500 ) ) ;
#1845 = ORIENTED_EDGE ( 'NONE', *, *, #2478, .F. ) ;
#1846 = DIRECTION ( 'NONE',  ( 0.0000000000000000000, 0.0000000000000000000, -1.000000000000000000 ) ) ;
#1847 = ORIENTED_EDGE ( 'NONE', *, *, #5903, .F. ) ;
#1848 = EDGE_CURVE ( 'NONE', #3022, #1868, #1673, .T. ) ;
#1849 = VECTOR ( 'NONE', #6604, 1000.000000000000000 ) ;
#1850 = LINE ( 'NONE', #8046, #280 ) ;
#1851 = CARTESIAN_POINT ( 'NONE',  ( 3.275000000000000400, 2.039999999999999100, -1.600000000000000800 ) ) ;
#1852 = ORIENTED_EDGE ( 'NONE', *, *, #5037, .F. ) ;
#1853 = CARTESIAN_POINT ( 'NONE',  ( 3.275000000000000400, 0.1000000000000000300, -2.649999999999999900 ) ) ;
#1854 = DIRECTION ( 'NONE',  ( 0.0000000000000000000, 5.421010862427532000E-016, -1.000000000000000000 ) ) ;
#1855 = CARTESIAN_POINT ( 'NONE',  ( 4.285000000000001000, 0.2999999999999991600, 6.505213034913026600E-016 ) ) ;
#1856 = ORIENTED_EDGE ( 'NONE', *, *, #8425, .T. ) ;
#1857 = ORIENTED_EDGE ( 'NONE', *, *, #7431, .T. ) ;
#1858 = LINE ( 'NONE', #10025, #4424 ) ;
#1859 = ORIENTED_EDGE ( 'NONE', *, *, #7630, .T. ) ;
#1860 = VERTEX_POINT ( 'NONE', #1335 ) ;
#1861 = VERTEX_POINT ( 'NONE', #6762 ) ;
#1862 = PRESENTATION_LAYER_ASSIGNMENT (  '', '', ( #3274 ) ) ;
#1863 = DIRECTION ( 'NONE',  ( -1.000000000000000000, -0.0000000000000000000, -0.0000000000000000000 ) ) ;
#1864 = ADVANCED_FACE ( 'NONE', ( #1568 ), #5081, .F. ) ;
#1865 = VECTOR ( 'NONE', #148, 1000.000000000000000 ) ;
#1866 = ORIENTED_EDGE ( 'NONE', *, *, #8826, .T. ) ;
#1867 = VERTEX_POINT ( 'NONE', #9003 ) ;
#1868 = VERTEX_POINT ( 'NONE', #7034 ) ;
#1869 = CARTESIAN_POINT ( 'NONE',  ( -1.724999999999999600, 0.7999999999999999300, -1.400000000000000600 ) ) ;
#1870 = VERTEX_POINT ( 'NONE', #8611 ) ;
#1871 = EDGE_CURVE ( 'NONE', #4887, #3286, #827, .T. ) ;
#1872 = PLANE ( 'NONE',  #1704 ) ;
#1873 = CARTESIAN_POINT ( 'NONE',  ( 3.185000000000000500, 0.5999999999999998700, 1.250000000000000700 ) ) ;
#1874 = LINE ( 'NONE', #7405, #5414 ) ;
#1875 = DIRECTION ( 'NONE',  ( -0.0000000000000000000, 1.000000000000000000, 6.672013369141573100E-016 ) ) ;
#1876 = VERTEX_POINT ( 'NONE', #683 ) ;
#1877 = CARTESIAN_POINT ( 'NONE',  ( 3.275000000000000400, 2.040000000000000000, -1.500000000000000700 ) ) ;
#1878 = VECTOR ( 'NONE', #3516, 1000.000000000000000 ) ;
#1879 = CARTESIAN_POINT ( 'NONE',  ( -4.624999999999999100, 1.034324500821434800, 1.850000000000000500 ) ) ;
#1880 = EDGE_CURVE ( 'NONE', #5028, #2425, #7703, .T. ) ;
#1881 = CARTESIAN_POINT ( 'NONE',  ( -1.809324500821434500, 1.034324500821434800, 1.850000000000000500 ) ) ;
#1882 = CARTESIAN_POINT ( 'NONE',  ( -5.674999999999999800, 0.2999999999999991600, 2.650000000000000400 ) ) ;
#1883 = LINE ( 'NONE', #8713, #9400 ) ;
#1884 = EDGE_LOOP ( 'NONE', ( #8340, #8873, #9106, #5605 ) ) ;
#1885 = DIRECTION ( 'NONE',  ( 0.0000000000000000000, 0.0000000000000000000, 1.000000000000000000 ) ) ;
#1886 = DIRECTION ( 'NONE',  ( 1.000000000000000000, 0.0000000000000000000, 0.0000000000000000000 ) ) ;
#1887 = VERTEX_POINT ( 'NONE', #3480 ) ;
#1888 = UNCERTAINTY_MEASURE_WITH_UNIT (LENGTH_MEASURE( 1.000000000000000100E-005 ), #1738, 'distance_accuracy_value', 'NONE');
#1889 = EDGE_CURVE ( 'NONE', #8226, #7739, #9912, .T. ) ;
#1890 = ORIENTED_EDGE ( 'NONE', *, *, #8230, .T. ) ;
#1891 = EDGE_CURVE ( 'NONE', #729, #9808, #3124, .T. ) ;
#1892 = PLANE ( 'NONE',  #5818 ) ;
#1893 = ADVANCED_FACE ( 'NONE', ( #2408 ), #2312, .F. ) ;
#1894 = LINE ( 'NONE', #7553, #689 ) ;
#1895 = VERTEX_POINT ( 'NONE', #4490 ) ;
#1896 = AXIS2_PLACEMENT_3D ( 'NONE', #2145, #2900, #5328 ) ;
#1897 = FILL_AREA_STYLE ('',( #9686 ) ) ;
#1898 = PRESENTATION_LAYER_ASSIGNMENT (  '', '', ( #6753 ) ) ;
#1899 =( LENGTH_UNIT ( ) NAMED_UNIT ( * ) SI_UNIT ( .MILLI., .METRE. ) );
#1900 = VECTOR ( 'NONE', #7407, 1000.000000000000000 ) ;
#1901 = VECTOR ( 'NONE', #545, 1000.000000000000000 ) ;
#1902 = ORIENTED_EDGE ( 'NONE', *, *, #7436, .T. ) ;
#1903 = EDGE_CURVE ( 'NONE', #1482, #1993, #7097, .T. ) ;
#1904 = DIRECTION ( 'NONE',  ( -1.000000000000000000, 0.0000000000000000000, 0.0000000000000000000 ) ) ;
#1905 = DIRECTION ( 'NONE',  ( -0.0000000000000000000, 1.000000000000000000, 0.0000000000000000000 ) ) ;
#1906 = ITEM_DEFINED_TRANSFORMATION ( 'NONE', 'NONE', #9734,  #7294 ) ;
#1907 = AXIS2_PLACEMENT_3D ( 'NONE', #483, #3310, #3556 ) ;
#1908 = VECTOR ( 'NONE', #5598, 1000.000000000000000 ) ;
#1909 = VECTOR ( 'NONE', #7790, 1000.000000000000000 ) ;
#1910 = FACE_OUTER_BOUND ( 'NONE', #909, .T. ) ;
#1911 = EDGE_LOOP ( 'NONE', ( #7146, #4561, #8250, #1645 ) ) ;
#1912 = CARTESIAN_POINT ( 'NONE',  ( 4.225000000000001400, 2.140000000000000100, -1.400000000000000600 ) ) ;
#1913 =( NAMED_UNIT ( * ) SI_UNIT ( $, .STERADIAN. ) SOLID_ANGLE_UNIT ( ) );
#1914 = ADVANCED_FACE ( 'NONE', ( #5681 ), #1068, .T. ) ;
#1915 = VECTOR ( 'NONE', #7284, 1000.000000000000000 ) ;
#1916 = DIRECTION ( 'NONE',  ( 0.0000000000000000000, 7.228014483236719200E-016, 1.000000000000000000 ) ) ;
#1917 = DIRECTION ( 'NONE',  ( 0.0000000000000000000, -1.000000000000000000, 0.0000000000000000000 ) ) ;
#1918 = LINE ( 'NONE', #6654, #5082 ) ;
#1919 = LINE ( 'NONE', #6351, #9920 ) ;
#1920 = ORIENTED_EDGE ( 'NONE', *, *, #1475, .F. ) ;
#1921 = VECTOR ( 'NONE', #8345, 1000.000000000000000 ) ;
#1922 = AXIS2_PLACEMENT_3D ( 'NONE', #3618, #1957, #8166 ) ;
#1923 = CARTESIAN_POINT ( 'NONE',  ( -3.274999999999999500, 1.500000000000000000, -1.600000000000000800 ) ) ;
#1924 = FACE_OUTER_BOUND ( 'NONE', #4668, .T. ) ;
#1925 = APPLICATION_CONTEXT ( 'automotive_design' ) ;
#1926 = VERTEX_POINT ( 'NONE', #3113 ) ;
#1927 = DIRECTION ( 'NONE',  ( -0.0000000000000000000, -0.0000000000000000000, -1.000000000000000000 ) ) ;
#1928 = VERTEX_POINT ( 'NONE', #8539 ) ;
#1929 = LINE ( 'NONE', #4364, #7222 ) ;
#1930 = LINE ( 'NONE', #590, #9214 ) ;
#1931 = CARTESIAN_POINT ( 'NONE',  ( 5.274999999999998600, 1.430000000000000200, -12.21954250419119600 ) ) ;
#1932 = DIRECTION ( 'NONE',  ( -0.0000000000000000000, -0.0000000000000000000, -1.000000000000000000 ) ) ;
#1933 = EDGE_LOOP ( 'NONE', ( #4570, #6831, #2713, #9512 ) ) ;
#1934 = AXIS2_PLACEMENT_3D ( 'NONE', #3099, #9298, #1589 ) ;
#1935 = CARTESIAN_POINT ( 'NONE',  ( -3.884999999999999800, 0.6000000000000012000, 2.400000000000001700 ) ) ;
#1936 = VERTEX_POINT ( 'NONE', #4682 ) ;
#1937 = VERTEX_POINT ( 'NONE', #3837 ) ;
#1938 = ADVANCED_FACE ( 'NONE', ( #4817 ), #5304, .F. ) ;
#1939 = CARTESIAN_POINT ( 'NONE',  ( -5.674999999999999800, -5.755839955992548600E-017, -1.550000000000000300 ) ) ;
#1940 = CARTESIAN_POINT ( 'NONE',  ( 4.525000000000001200, 1.250000000000000000, -2.299999999999999800 ) ) ;
#1941 = FACE_OUTER_BOUND ( 'NONE', #9639, .T. ) ;
#1942 = VECTOR ( 'NONE', #2959, 1000.000000000000000 ) ;
#1943 = ORIENTED_EDGE ( 'NONE', *, *, #1848, .T. ) ;
#1944 = EDGE_CURVE ( 'NONE', #959, #2915, #9315, .T. ) ;
#1945 = EDGE_CURVE ( 'NONE', #5480, #7555, #9556, .T. ) ;
#1946 = ORIENTED_EDGE ( 'NONE', *, *, #6942, .F. ) ;
#1947 = EDGE_LOOP ( 'NONE', ( #6944, #2545, #4541, #7791 ) ) ;
#1948 = VERTEX_POINT ( 'NONE', #7660 ) ;
#1949 = CARTESIAN_POINT ( 'NONE',  ( 2.025000000000000800, 0.4000000000000001900, -2.550000000000000300 ) ) ;
#1950 = DIRECTION ( 'NONE',  ( -0.7071067811865452400, 0.7071067811865497900, 0.0000000000000000000 ) ) ;
#1951 = EDGE_CURVE ( 'NONE', #6491, #7688, #346, .T. ) ;
#1952 = CARTESIAN_POINT ( 'NONE',  ( 4.225000000000001400, 0.9499999999999998400, 3.457774721070176100 ) ) ;
#1953 = LINE ( 'NONE', #2746, #5482 ) ;
#1954 = LINE ( 'NONE', #5990, #8856 ) ;
#1955 = AXIS2_PLACEMENT_3D ( 'NONE', #5647, #7847, #1012 ) ;
#1956 = ORIENTED_EDGE ( 'NONE', *, *, #7895, .F. ) ;
#1957 = DIRECTION ( 'NONE',  ( -1.000000000000000000, 0.0000000000000000000, -3.097720492815727200E-016 ) ) ;
#1958 = VERTEX_POINT ( 'NONE', #1506 ) ;
#1959 = ORIENTED_EDGE ( 'NONE', *, *, #1168, .T. ) ;
#1960 = EDGE_LOOP ( 'NONE', ( #1061, #6341, #4632, #4067 ) ) ;
#1961 = APPLICATION_CONTEXT ( 'automotive_design' ) ;
#1962 = CARTESIAN_POINT ( 'NONE',  ( 4.225000000000001400, 0.5000000000000000000, -1.550000000000000300 ) ) ;
#1963 = EDGE_CURVE ( 'NONE', #990, #3494, #5070, .T. ) ;
#1964 = CARTESIAN_POINT ( 'NONE',  ( 1.625000000000000700, 3.399999999999999900, 1.850000000000000500 ) ) ;
#1965 = CARTESIAN_POINT ( 'NONE',  ( -0.7749999999999996900, 0.9499999999999998400, 3.457774721070176100 ) ) ;
#1966 = VECTOR ( 'NONE', #1312, 1000.000000000000000 ) ;
#1967 = LINE ( 'NONE', #2935, #8730 ) ;
#1968 = DIRECTION ( 'NONE',  ( 6.938893903907228400E-015, -1.000000000000000000, 0.0000000000000000000 ) ) ;
#1969 = ADVANCED_FACE ( 'NONE', ( #3615 ), #6582, .F. ) ;
#1970 = ORIENTED_EDGE ( 'NONE', *, *, #7318, .F. ) ;
#1971 = MECHANICAL_DESIGN_GEOMETRIC_PRESENTATION_REPRESENTATION (  '', ( #7841 ), #2687 ) ;
#1972 = ORIENTED_EDGE ( 'NONE', *, *, #8291, .F. ) ;
#1973 = EDGE_LOOP ( 'NONE', ( #6257, #7536, #3248, #9501 ) ) ;
#1974 = PRESENTATION_LAYER_ASSIGNMENT (  '', '', ( #1468 ) ) ;
#1975 = CARTESIAN_POINT ( 'NONE',  ( -5.874999999999999100, 0.2999999999999990500, 2.650000000000000400 ) ) ;
#1976 = DIRECTION ( 'NONE',  ( -0.0000000000000000000, -0.0000000000000000000, 1.000000000000000000 ) ) ;
#1977 = VECTOR ( 'NONE', #1427, 999.9999999999998900 ) ;
#1978 = FACE_OUTER_BOUND ( 'NONE', #885, .T. ) ;
#1979 = CARTESIAN_POINT ( 'NONE',  ( -0.4749999999999997600, 1.399999999999999700, -2.299999999999999800 ) ) ;
#1980 = VERTEX_POINT ( 'NONE', #8760 ) ;
#1981 = DIRECTION ( 'NONE',  ( 0.0000000000000000000, -1.000000000000000000, 0.0000000000000000000 ) ) ;
#1982 = EDGE_CURVE ( 'NONE', #3494, #4179, #5205, .T. ) ;
#1983 = CARTESIAN_POINT ( 'NONE',  ( 4.225000000000001400, 0.1000000000000007100, -1.850000000000000100 ) ) ;
#1984 = CARTESIAN_POINT ( 'NONE',  ( -0.4749999999999997600, 0.9499999999999998400, 3.457774721070176100 ) ) ;
#1985 = ORIENTED_EDGE ( 'NONE', *, *, #2910, .T. ) ;
#1986 = ORIENTED_EDGE ( 'NONE', *, *, #1373, .T. ) ;
#1987 = CARTESIAN_POINT ( 'NONE',  ( 5.204999999999999200, 0.2999999999999991600, 1.700000000000001500 ) ) ;
#1988 = FACE_OUTER_BOUND ( 'NONE', #7517, .T. ) ;
#1989 = CARTESIAN_POINT ( 'NONE',  ( -4.224999999999999600, 0.5000000000000000000, -1.550000000000000300 ) ) ;
#1990 = ORIENTED_EDGE ( 'NONE', *, *, #972, .F. ) ;
#1991 = CARTESIAN_POINT ( 'NONE',  ( 6.374999999999999100, 2.200000000000000200, 2.250000000000000400 ) ) ;
#1992 = ORIENTED_EDGE ( 'NONE', *, *, #9543, .T. ) ;
#1993 = VERTEX_POINT ( 'NONE', #8232 ) ;
#1994 = DIRECTION ( 'NONE',  ( 0.0000000000000000000, 0.0000000000000000000, -1.000000000000000000 ) ) ;
#1995 = ADVANCED_FACE ( 'NONE', ( #5562 ), #6684, .F. ) ;
#1996 = VECTOR ( 'NONE', #6091, 1000.000000000000000 ) ;
#1997 = VECTOR ( 'NONE', #4524, 1000.000000000000000 ) ;
#1998 =( NAMED_UNIT ( * ) SI_UNIT ( $, .STERADIAN. ) SOLID_ANGLE_UNIT ( ) );
#1999 = VERTEX_POINT ( 'NONE', #9551 ) ;
#2000 = CIRCLE ( 'NONE', #37, 0.1000000000000002600 ) ;
#2001 = CARTESIAN_POINT ( 'NONE',  ( -7.575000000000000200, 0.2500000000000000000, 1.850000000000000100 ) ) ;
#2002 = CARTESIAN_POINT ( 'NONE',  ( 6.274999999999998600, 0.2500000000000000000, 1.850000000000000100 ) ) ;
#2003 = AXIS2_PLACEMENT_3D ( 'NONE', #3894, #4677, #2308 ) ;
#2004 = CARTESIAN_POINT ( 'NONE',  ( 2.025000000000000800, 1.700000000000000000, 1.249999999999986000 ) ) ;
#2005 = VERTEX_POINT ( 'NONE', #507 ) ;
#2006 = CARTESIAN_POINT ( 'NONE',  ( 2.025000000000000800, 2.140000000000000100, -1.500000000000000000 ) ) ;
#2007 = FACE_OUTER_BOUND ( 'NONE', #9902, .T. ) ;
#2008 = EDGE_LOOP ( 'NONE', ( #8812, #8322, #9973, #9244 ) ) ;
#2009 = VECTOR ( 'NONE', #7271, 1000.000000000000000 ) ;
#2010 = ORIENTED_EDGE ( 'NONE', *, *, #8570, .T. ) ;
#2011 = CARTESIAN_POINT ( 'NONE',  ( -5.874999999999999100, 3.399999999999999900, 1.850000000000000500 ) ) ;
#2012 = ORIENTED_EDGE ( 'NONE', *, *, #2906, .F. ) ;
#2013 = DIRECTION ( 'NONE',  ( 0.0000000000000000000, 0.0000000000000000000, -1.000000000000000000 ) ) ;
#2014 = CARTESIAN_POINT ( 'NONE',  ( -1.724999999999999600, 0.5000000000000000000, -2.550000000000000300 ) ) ;
#2015 = EDGE_CURVE ( 'NONE', #7486, #9647, #7455, .T. ) ;
#2016 = EDGE_CURVE ( 'NONE', #9383, #1746, #7822, .T. ) ;
#2017 = DIRECTION ( 'NONE',  ( 0.0000000000000000000, 1.000000000000000000, 5.421010862427532000E-016 ) ) ;
#2018 = DIRECTION ( 'NONE',  ( 0.0000000000000000000, 0.0000000000000000000, 1.000000000000000000 ) ) ;
#2019 = LINE ( 'NONE', #8930, #5895 ) ;
#2020 = VERTEX_POINT ( 'NONE', #8964 ) ;
#2021 = CARTESIAN_POINT ( 'NONE',  ( 3.275000000000000400, 2.140000000000000100, -1.400000000000000600 ) ) ;
#2022 = FACE_OUTER_BOUND ( 'NONE', #874, .T. ) ;
#2023 = PLANE ( 'NONE',  #1768 ) ;
#2024 = MANIFOLD_SOLID_BREP ( 'LPattern1[4]', #5457 ) ;
#2025 =( NAMED_UNIT ( * ) PLANE_ANGLE_UNIT ( ) SI_UNIT ( $, .RADIAN. ) );
#2026 = EDGE_CURVE ( 'NONE', #7351, #1595, #5322, .T. ) ;
#2027 = ORIENTED_EDGE ( 'NONE', *, *, #95, .F. ) ;
#2028 = AXIS2_PLACEMENT_3D ( 'NONE', #593, #9192, #9060 ) ;
#2029 = DIRECTION ( 'NONE',  ( 1.000000000000000000, 0.0000000000000000000, 0.0000000000000000000 ) ) ;
#2030 = ADVANCED_FACE ( 'NONE', ( #6751 ), #3236, .F. ) ;
#2031 = CARTESIAN_POINT ( 'NONE',  ( 0.7750000000000004700, 2.040000000000000000, -1.500000000000000700 ) ) ;
#2032 = DIRECTION ( 'NONE',  ( 0.0000000000000000000, 0.0000000000000000000, -1.000000000000000000 ) ) ;
#2033 = VECTOR ( 'NONE', #7469, 1000.000000000000000 ) ;
#2034 = DIRECTION ( 'NONE',  ( -0.0000000000000000000, 0.0000000000000000000, 1.000000000000000000 ) ) ;
#2035 = CIRCLE ( 'NONE', #2508, 0.09999999999999982500 ) ;
#2036 = ORIENTED_EDGE ( 'NONE', *, *, #8628, .F. ) ;
#2037 = EDGE_CURVE ( 'NONE', #3307, #9329, #6272, .T. ) ;
#2038 = DIRECTION ( 'NONE',  ( -1.000000000000000000, -0.0000000000000000000, -0.0000000000000000000 ) ) ;
#2039 = CIRCLE ( 'NONE', #6554, 0.09999999999999982500 ) ;
#2040 = LINE ( 'NONE', #770, #5794 ) ;
#2041 = EDGE_LOOP ( 'NONE', ( #7730, #9952, #8745, #186 ) ) ;
#2042 = AXIS2_PLACEMENT_3D ( 'NONE', #7861, #1025, #3377 ) ;
#2043 = DIRECTION ( 'NONE',  ( -0.0000000000000000000, -0.0000000000000000000, 1.000000000000000000 ) ) ;
#2044 = DIRECTION ( 'NONE',  ( 0.0000000000000000000, -1.000000000000000000, 0.0000000000000000000 ) ) ;
#2045 = PLANE ( 'NONE',  #9507 ) ;
#2046 = PLANE ( 'NONE',  #9418 ) ;
#2047 = EDGE_CURVE ( 'NONE', #4887, #1717, #2167, .T. ) ;
#2048 = FACE_OUTER_BOUND ( 'NONE', #8130, .T. ) ;
#2049 = CARTESIAN_POINT ( 'NONE',  ( -0.8749999999999990000, 3.399999999999999900, 1.850000000000000500 ) ) ;
#2050 = EDGE_LOOP ( 'NONE', ( #7918, #9600, #9742, #3890 ) ) ;
#2051 = DIRECTION ( 'NONE',  ( 0.0000000000000000000, 0.0000000000000000000, -1.000000000000000000 ) ) ;
#2052 = ADVANCED_FACE ( 'NONE', ( #1910 ), #6821, .F. ) ;
#2053 = DIRECTION ( 'NONE',  ( -1.000000000000000000, -0.0000000000000000000, -0.0000000000000000000 ) ) ;
#2054 =( GEOMETRIC_REPRESENTATION_CONTEXT ( 3 ) GLOBAL_UNCERTAINTY_ASSIGNED_CONTEXT ( ( #4748 ) ) GLOBAL_UNIT_ASSIGNED_CONTEXT ( ( #8445, #7743, #6158 ) ) REPRESENTATION_CONTEXT ( 'NONE', 'WORKASPACE' ) );
#2055 = VECTOR ( 'NONE', #1932, 1000.000000000000000 ) ;
#2056 = CARTESIAN_POINT ( 'NONE',  ( 5.204999999999999200, -4.336808689942017700E-016, 1.700000000000001500 ) ) ;
#2057 = ORIENTED_EDGE ( 'NONE', *, *, #9019, .F. ) ;
#2058 = ORIENTED_EDGE ( 'NONE', *, *, #7963, .T. ) ;
#2059 = DIRECTION ( 'NONE',  ( 0.0000000000000000000, -1.000000000000000000, 0.0000000000000000000 ) ) ;
#2060 = CARTESIAN_POINT ( 'NONE',  ( 6.274999999999998600, 0.2999999999999989900, -0.3500000000000000300 ) ) ;
#2061 = DIRECTION ( 'NONE',  ( -0.0000000000000000000, 1.000000000000000000, 0.0000000000000000000 ) ) ;
#2062 = LINE ( 'NONE', #6716, #2305 ) ;
#2063 = VECTOR ( 'NONE', #2310, 1000.000000000000000 ) ;
#2064 = DIRECTION ( 'NONE',  ( -0.0000000000000000000, -0.0000000000000000000, -1.000000000000000000 ) ) ;
#2065 = VERTEX_POINT ( 'NONE', #9949 ) ;
#2066 = AXIS2_PLACEMENT_3D ( 'NONE', #927, #5604, #2583 ) ;
#2067 = DIRECTION ( 'NONE',  ( 0.0000000000000000000, 0.0000000000000000000, -1.000000000000000000 ) ) ;
#2068 = ORIENTED_EDGE ( 'NONE', *, *, #2919, .T. ) ;
#2069 = ORIENTED_EDGE ( 'NONE', *, *, #95, .T. ) ;
#2070 = VECTOR ( 'NONE', #8203, 1000.000000000000000 ) ;
#2071 = LINE ( 'NONE', #1931, #3031 ) ;
#2072 = DIRECTION ( 'NONE',  ( 0.0000000000000000000, -0.0000000000000000000, -1.000000000000000000 ) ) ;
#2073 = CARTESIAN_POINT ( 'NONE',  ( 7.174999999999998900, 2.200000000000000200, 2.250000000000000400 ) ) ;
#2074 = DIRECTION ( 'NONE',  ( 0.0000000000000000000, 1.000000000000000000, 0.0000000000000000000 ) ) ;
#2075 = ORIENTED_EDGE ( 'NONE', *, *, #9550, .F. ) ;
#2076 = ADVANCED_FACE ( 'NONE', ( #1187 ), #4411, .T. ) ;
#2077 = VERTEX_POINT ( 'NONE', #5191 ) ;
#2078 = EDGE_LOOP ( 'NONE', ( #7410, #6720, #6443, #7959 ) ) ;
#2079 = DIRECTION ( 'NONE',  ( 0.0000000000000000000, 1.000000000000000000, 0.0000000000000000000 ) ) ;
#2080 = AXIS2_PLACEMENT_3D ( 'NONE', #9506, #1563, #9544 ) ;
#2081 = FACE_OUTER_BOUND ( 'NONE', #8821, .T. ) ;
#2082 = VECTOR ( 'NONE', #2924, 1000.000000000000000 ) ;
#2083 = DIRECTION ( 'NONE',  ( 1.000000000000000000, 0.0000000000000000000, -0.0000000000000000000 ) ) ;
#2084 = EDGE_CURVE ( 'NONE', #462, #6669, #4217, .T. ) ;
#2085 = CARTESIAN_POINT ( 'NONE',  ( -5.594999999999998900, 1.429999999999998800, -1.000000000000000700 ) ) ;
#2086 = ORIENTED_EDGE ( 'NONE', *, *, #6113, .T. ) ;
#2087 = CARTESIAN_POINT ( 'NONE',  ( -1.724999999999999600, 0.6000000000000007500, -2.550000000000000300 ) ) ;
#2088 = DIRECTION ( 'NONE',  ( -1.000000000000000000, -0.0000000000000000000, -0.0000000000000000000 ) ) ;
#2089 = EDGE_LOOP ( 'NONE', ( #8659, #3793, #8091, #8829 ) ) ;
#2090 = EDGE_LOOP ( 'NONE', ( #5954, #5171, #3633, #7317, #2892 ) ) ;
#2091 = EDGE_CURVE ( 'NONE', #6462, #680, #3975, .T. ) ;
#2092 = LINE ( 'NONE', #3737, #2212 ) ;
#2093 = LINE ( 'NONE', #2989, #7152 ) ;
#2094 = EDGE_CURVE ( 'NONE', #4982, #6915, #9193, .T. ) ;
#2095 = CARTESIAN_POINT ( 'NONE',  ( 4.225000000000001400, 1.700000000000000000, 1.249999999999986000 ) ) ;
#2096 = DIRECTION ( 'NONE',  ( 1.000000000000000000, 0.0000000000000000000, 0.0000000000000000000 ) ) ;
#2097 = VERTEX_POINT ( 'NONE', #5321 ) ;
#2098 = ORIENTED_EDGE ( 'NONE', *, *, #5709, .T. ) ;
#2099 = DIRECTION ( 'NONE',  ( 0.0000000000000000000, 0.0000000000000000000, 1.000000000000000000 ) ) ;
#2100 = EDGE_CURVE ( 'NONE', #9002, #2715, #4701, .T. ) ;
#2101 = CARTESIAN_POINT ( 'NONE',  ( -1.724999999999999600, 1.399999999999999700, -1.700000000000000800 ) ) ;
#2102 = AXIS2_PLACEMENT_3D ( 'NONE', #2031, #416, #3477 ) ;
#2103 = VECTOR ( 'NONE', #2053, 1000.000000000000000 ) ;
#2105 = DIRECTION ( 'NONE',  ( 0.0000000000000000000, -1.000000000000000000, 0.0000000000000000000 ) ) ;
#2104 = CYLINDRICAL_SURFACE ( 'NONE', #9733, 0.2999999999999990500 ) ;
#2106 = ADVANCED_FACE ( 'NONE', ( #4087 ), #640, .F. ) ;
#2107 = ORIENTED_EDGE ( 'NONE', *, *, #1891, .F. ) ;
#2108 = CLOSED_SHELL ( 'NONE', ( #3646, #2530, #4947, #6676, #3409, #6246, #2315, #324, #3861, #31, #910, #6428, #8717, #196, #6844, #4423, #1938, #2076, #3936 ) ) ;
#2109 = ORIENTED_EDGE ( 'NONE', *, *, #4113, .T. ) ;
#2110 = EDGE_CURVE ( 'NONE', #1746, #4969, #8054, .T. ) ;
#2111 = CARTESIAN_POINT ( 'NONE',  ( 3.190675499178565300, 3.399999999999999900, 1.850000000000000500 ) ) ;
#2112 = DIRECTION ( 'NONE',  ( -1.000000000000000000, 0.0000000000000000000, 0.0000000000000000000 ) ) ;
#2113 = LINE ( 'NONE', #3871, #3684 ) ;
#2114 = AXIS2_PLACEMENT_3D ( 'NONE', #3699, #9892, #5266 ) ;
#2115 = ORIENTED_EDGE ( 'NONE', *, *, #8459, .F. ) ;
#2116 = ORIENTED_EDGE ( 'NONE', *, *, #3381, .F. ) ;
#2117 = ORIENTED_EDGE ( 'NONE', *, *, #7450, .T. ) ;
#2118 = CARTESIAN_POINT ( 'NONE',  ( 2.975000000000000100, 0.6000000000000007500, -2.550000000000000300 ) ) ;
#2119 = DIRECTION ( 'NONE',  ( 0.0000000000000000000, 0.0000000000000000000, -1.000000000000000000 ) ) ;
#2120 = VECTOR ( 'NONE', #5254, 1000.000000000000000 ) ;
#2121 = CARTESIAN_POINT ( 'NONE',  ( -0.7749999999999996900, 0.9499999999999998400, 1.249999999999986000 ) ) ;
#2122 = ORIENTED_EDGE ( 'NONE', *, *, #3763, .T. ) ;
#2123 = CARTESIAN_POINT ( 'NONE',  ( -3.274999999999999500, 2.040000000000000000, -1.500000000000000700 ) ) ;
#2124 = ORIENTED_EDGE ( 'NONE', *, *, #5813, .F. ) ;
#2125 = ORIENTED_EDGE ( 'NONE', *, *, #1583, .F. ) ;
#2126 = DIRECTION ( 'NONE',  ( 1.000000000000000000, -6.123233995736757400E-017, -0.0000000000000000000 ) ) ;
#2127 = AXIS2_PLACEMENT_3D ( 'NONE', #3605, #8148, #9866 ) ;
#2128 = ADVANCED_FACE ( 'NONE', ( #6036 ), #2891, .F. ) ;
#2129 = VECTOR ( 'NONE', #3713, 1000.000000000000000 ) ;
#2130 = ORIENTED_EDGE ( 'NONE', *, *, #7123, .T. ) ;
#2131 = CARTESIAN_POINT ( 'NONE',  ( 3.885000000000000200, 0.5999999999999998700, 2.400000000000003000 ) ) ;
#2132 = CARTESIAN_POINT ( 'NONE',  ( 2.975000000000000100, 0.5000000000000000000, -1.849999999999999900 ) ) ;
#2133 = DIRECTION ( 'NONE',  ( 0.0000000000000000000, -0.0000000000000000000, 1.000000000000000000 ) ) ;
#2134 = VECTOR ( 'NONE', #9042, 1000.000000000000000 ) ;
#2135 = DIRECTION ( 'NONE',  ( 0.0000000000000000000, -1.000000000000000000, 0.0000000000000000000 ) ) ;
#2136 = VERTEX_POINT ( 'NONE', #2101 ) ;
#2137 = FACE_OUTER_BOUND ( 'NONE', #177, .T. ) ;
#2138 = CARTESIAN_POINT ( 'NONE',  ( 3.275000000000000400, 1.700000000000000000, 1.249999999999986000 ) ) ;
#2139 = LINE ( 'NONE', #1006, #8665 ) ;
#2140 = ORIENTED_EDGE ( 'NONE', *, *, #6177, .T. ) ;
#2141 = VERTEX_POINT ( 'NONE', #674 ) ;
#2142 = CARTESIAN_POINT ( 'NONE',  ( -2.024999999999999500, 0.7999999999999998200, -1.550000000000000300 ) ) ;
#2143 = DIRECTION ( 'NONE',  ( 0.0000000000000000000, 0.0000000000000000000, -1.000000000000000000 ) ) ;
#2144 = AXIS2_PLACEMENT_3D ( 'NONE', #1962, #9727, #445 ) ;
#2145 = CARTESIAN_POINT ( 'NONE',  ( -1.724999999999999600, 0.1000000000000000500, -1.950000000000000200 ) ) ;
#2146 = EDGE_LOOP ( 'NONE', ( #6212, #4810, #1776, #3268 ) ) ;
#2147 = DIRECTION ( 'NONE',  ( 0.0000000000000000000, -4.015563601798169700E-016, 1.000000000000000000 ) ) ;
#2148 = VECTOR ( 'NONE', #2038, 1000.000000000000000 ) ;
#2149 = ORIENTED_EDGE ( 'NONE', *, *, #4380, .F. ) ;
#2150 = CARTESIAN_POINT ( 'NONE',  ( 5.205000000000000100, 0.0000000000000000000, -1.550000000000000500 ) ) ;
#2151 = UNCERTAINTY_MEASURE_WITH_UNIT (LENGTH_MEASURE( 1.000000000000000100E-005 ), #3608, 'distance_accuracy_value', 'NONE');
#2152 = EDGE_CURVE ( 'NONE', #9814, #8612, #2642, .T. ) ;
#2153 = EDGE_CURVE ( 'NONE', #2543, #631, #10032, .T. ) ;
#2154 = EDGE_CURVE ( 'NONE', #7282, #2301, #5439, .T. ) ;
#2155 = CARTESIAN_POINT ( 'NONE',  ( -3.274999999999999500, 0.1000000000000000300, -2.649999999999999900 ) ) ;
#2156 = LINE ( 'NONE', #4407, #9786 ) ;
#2157 = CARTESIAN_POINT ( 'NONE',  ( 2.025000000000000800, 1.250000000000000000, -2.449999999999999300 ) ) ;
#2158 = VECTOR ( 'NONE', #8596, 1000.000000000000000 ) ;
#2159 = ORIENTED_EDGE ( 'NONE', *, *, #9425, .F. ) ;
#2160 = EDGE_CURVE ( 'NONE', #5477, #5042, #9787, .T. ) ;
#2161 = AXIS2_PLACEMENT_3D ( 'NONE', #4790, #3157, #1705 ) ;
#2162 = DIRECTION ( 'NONE',  ( 0.0000000000000000000, 0.0000000000000000000, -1.000000000000000000 ) ) ;
#2163 = CARTESIAN_POINT ( 'NONE',  ( 3.885000000000000200, 0.2999999999999991600, 1.250000000000000700 ) ) ;
#2164 = DIRECTION ( 'NONE',  ( -1.000000000000000000, -0.0000000000000000000, -0.0000000000000000000 ) ) ;
#2165 = FACE_OUTER_BOUND ( 'NONE', #4159, .T. ) ;
#2166 = DIRECTION ( 'NONE',  ( 0.0000000000000000000, -0.0000000000000000000, -1.000000000000000000 ) ) ;
#2167 = LINE ( 'NONE', #4370, #8060 ) ;
#2168 = EDGE_LOOP ( 'NONE', ( #4023, #9738, #4726, #6800 ) ) ;
#2169 = EDGE_CURVE ( 'NONE', #7061, #5854, #4470, .T. ) ;
#2170 = DIRECTION ( 'NONE',  ( -1.000000000000000000, -0.0000000000000000000, -0.0000000000000000000 ) ) ;
#2171 = VECTOR ( 'NONE', #3632, 1000.000000000000000 ) ;
#2172 = AXIS2_PLACEMENT_3D ( 'NONE', #9498, #5706, #2553 ) ;
#2173 = AXIS2_PLACEMENT_3D ( 'NONE', #2060, #5080, #1213 ) ;
#2174 = LINE ( 'NONE', #5699, #3240 ) ;
#2175 = DIRECTION ( 'NONE',  ( -0.0000000000000000000, -0.0000000000000000000, 1.000000000000000000 ) ) ;
#2176 = CARTESIAN_POINT ( 'NONE',  ( -0.4749999999999997600, 2.140000000000000100, -1.500000000000000000 ) ) ;
#2177 = VECTOR ( 'NONE', #531, 1000.000000000000000 ) ;
#2178 = EDGE_LOOP ( 'NONE', ( #794, #5165, #1668, #8350 ) ) ;
#2179 = CARTESIAN_POINT ( 'NONE',  ( 0.4750000000000005900, 1.700000000000000000, -1.000000000000000700 ) ) ;
#2180 = VECTOR ( 'NONE', #8334, 1000.000000000000000 ) ;
#2181 = FACE_OUTER_BOUND ( 'NONE', #1478, .T. ) ;
#2182 = EDGE_CURVE ( 'NONE', #2953, #5942, #8690, .T. ) ;
#2183 = DIRECTION ( 'NONE',  ( -1.000000000000000000, -0.0000000000000000000, -0.0000000000000000000 ) ) ;
#2184 = EDGE_LOOP ( 'NONE', ( #9041, #2626, #5361, #2444, #4852 ) ) ;
#2185 = CARTESIAN_POINT ( 'NONE',  ( 0.4750000000000005900, 0.0000000000000000000, -2.549999999999999400 ) ) ;
#2186 = ORIENTED_EDGE ( 'NONE', *, *, #5628, .F. ) ;
#2187 = DIRECTION ( 'NONE',  ( 0.0000000000000000000, 1.000000000000000000, 0.0000000000000000000 ) ) ;
#2188 = LINE ( 'NONE', #8893, #3995 ) ;
#2190 = DIRECTION ( 'NONE',  ( 0.0000000000000000000, 0.0000000000000000000, -1.000000000000000000 ) ) ;
#2189 = LINE ( 'NONE', #3672, #5343 ) ;
#2191 = CARTESIAN_POINT ( 'NONE',  ( -5.874999999999999100, 2.700000000000005500, 5.480194339616986100 ) ) ;
#2192 = VERTEX_POINT ( 'NONE', #7680 ) ;
#2193 = CARTESIAN_POINT ( 'NONE',  ( -4.524999999999999500, 0.5000000000000000000, -1.849999999999999900 ) ) ;
#2194 = ORIENTED_EDGE ( 'NONE', *, *, #15, .F. ) ;
#2195 = ORIENTED_EDGE ( 'NONE', *, *, #354, .F. ) ;
#2196 = DIRECTION ( 'NONE',  ( -0.0000000000000000000, 0.0000000000000000000, 1.000000000000000000 ) ) ;
#2197 = CARTESIAN_POINT ( 'NONE',  ( -5.274999999999999500, 0.5999999999999998700, 2.400000000000003000 ) ) ;
#2198 = CARTESIAN_POINT ( 'NONE',  ( -2.124999999999999100, 3.399999999999999900, 1.850000000000000500 ) ) ;
#2199 = CARTESIAN_POINT ( 'NONE',  ( -0.4749999999999997600, 0.7999999999999998200, -1.550000000000000300 ) ) ;
#2200 = VECTOR ( 'NONE', #616, 1000.000000000000000 ) ;
#2201 = LINE ( 'NONE', #2886, #3898 ) ;
#2202 = AXIS2_PLACEMENT_3D ( 'NONE', #9123, #3694, #4483 ) ;
#2203 = ORIENTED_EDGE ( 'NONE', *, *, #2671, .F. ) ;
#2204 = CARTESIAN_POINT ( 'NONE',  ( 4.525000000000001200, 2.040000000000000000, -1.500000000000000700 ) ) ;
#2205 = DIRECTION ( 'NONE',  ( 0.0000000000000000000, -1.000000000000000000, 0.0000000000000000000 ) ) ;
#2206 = ORIENTED_EDGE ( 'NONE', *, *, #2999, .F. ) ;
#2207 = EDGE_LOOP ( 'NONE', ( #1242, #8338, #1108, #141, #310 ) ) ;
#2208 = ORIENTED_EDGE ( 'NONE', *, *, #9800, .T. ) ;
#2209 = LINE ( 'NONE', #8776, #8727 ) ;
#2210 = DIRECTION ( 'NONE',  ( 1.000000000000000000, 0.0000000000000000000, 0.0000000000000000000 ) ) ;
#2211 = CARTESIAN_POINT ( 'NONE',  ( -1.809324500821434500, 1.615675499178565100, 1.850000000000000500 ) ) ;
#2212 = VECTOR ( 'NONE', #628, 1000.000000000000000 ) ;
#2213 = VECTOR ( 'NONE', #6953, 1000.000000000000000 ) ;
#2214 = CARTESIAN_POINT ( 'NONE',  ( 3.275000000000000400, 1.700000000000000000, 3.457774721070176100 ) ) ;
#2215 = ORIENTED_EDGE ( 'NONE', *, *, #5925, .F. ) ;
#2216 = DIRECTION ( 'NONE',  ( 0.0000000000000000000, -0.0000000000000000000, -1.000000000000000000 ) ) ;
#2217 = EDGE_CURVE ( 'NONE', #4245, #7054, #6388, .T. ) ;
#2218 = VERTEX_POINT ( 'NONE', #9303 ) ;
#2219 = EDGE_LOOP ( 'NONE', ( #1709, #4759, #9458, #5746 ) ) ;
#2220 = VERTEX_POINT ( 'NONE', #3925 ) ;
#2221 = EDGE_CURVE ( 'NONE', #9009, #3743, #1314, .T. ) ;
#2222 = DIRECTION ( 'NONE',  ( 1.000000000000000000, 0.0000000000000000000, 0.0000000000000000000 ) ) ;
#2223 = CIRCLE ( 'NONE', #1836, 0.1000000000000002600 ) ;
#2224 = FACE_OUTER_BOUND ( 'NONE', #1633, .T. ) ;
#2225 = DIRECTION ( 'NONE',  ( -1.000000000000000000, -0.0000000000000000000, -0.0000000000000000000 ) ) ;
#2226 = CARTESIAN_POINT ( 'NONE',  ( -0.7749999999999996900, 0.1000000000000000300, -2.550000000000000300 ) ) ;
#2227 = ORIENTED_EDGE ( 'NONE', *, *, #3662, .T. ) ;
#2228 = ORIENTED_EDGE ( 'NONE', *, *, #6837, .T. ) ;
#2229 = DIRECTION ( 'NONE',  ( -0.1378445374916254000, -0.1378445374916254000, 0.9808148484639900300 ) ) ;
#2230 = EDGE_CURVE ( 'NONE', #5091, #631, #9901, .T. ) ;
#2231 = CARTESIAN_POINT ( 'NONE',  ( -2.024999999999999500, 0.9499999999999998400, 1.249999999999986000 ) ) ;
#2232 = LINE ( 'NONE', #1745, #8389 ) ;
#2233 = LINE ( 'NONE', #2972, #1627 ) ;
#2234 = CARTESIAN_POINT ( 'NONE',  ( 6.874999999999995600, 0.2999999999999990500, 5.480194339616986100 ) ) ;
#2235 = VERTEX_POINT ( 'NONE', #4578 ) ;
#2236 = CARTESIAN_POINT ( 'NONE',  ( 6.374999999999999100, 2.200000000000000200, -0.5499999999999997100 ) ) ;
#2237 = AXIS2_PLACEMENT_3D ( 'NONE', #1159, #4954, #4884 ) ;
#2238 = CARTESIAN_POINT ( 'NONE',  ( -3.585000000000000000, 3.469233347080714400, 1.250000000000000700 ) ) ;
#2239 = ORIENTED_EDGE ( 'NONE', *, *, #6536, .F. ) ;
#2240 = ORIENTED_EDGE ( 'NONE', *, *, #3392, .T. ) ;
#2241 = VECTOR ( 'NONE', #515, 1000.000000000000000 ) ;
#2242 = VERTEX_POINT ( 'NONE', #8560 ) ;
#2243 = CARTESIAN_POINT ( 'NONE',  ( 2.025000000000000800, 2.039999999999999100, -1.600000000000000800 ) ) ;
#2244 = EDGE_CURVE ( 'NONE', #1392, #5863, #3727, .T. ) ;
#2245 = CARTESIAN_POINT ( 'NONE',  ( -7.374999999999999100, 1.999999999999999100, 5.480194339616986100 ) ) ;
#2246 = DIRECTION ( 'NONE',  ( 0.0000000000000000000, -1.000000000000000000, 0.0000000000000000000 ) ) ;
#2247 = ORIENTED_EDGE ( 'NONE', *, *, #7392, .T. ) ;
#2248 = ORIENTED_EDGE ( 'NONE', *, *, #5904, .T. ) ;
#2249 = DIRECTION ( 'NONE',  ( 0.0000000000000000000, 0.0000000000000000000, 1.000000000000000000 ) ) ;
#2250 = DIRECTION ( 'NONE',  ( 1.000000000000000000, -0.0000000000000000000, 0.0000000000000000000 ) ) ;
#2251 = CARTESIAN_POINT ( 'NONE',  ( -2.974999999999999200, 2.140000000000000100, -1.500000000000000000 ) ) ;
#2252 = ORIENTED_EDGE ( 'NONE', *, *, #2529, .T. ) ;
#2253 = CIRCLE ( 'NONE', #9081, 0.1000000000000000500 ) ;
#2254 = EDGE_LOOP ( 'NONE', ( #8981, #5285, #8691, #5844 ) ) ;
#2255 = CARTESIAN_POINT ( 'NONE',  ( -5.874999999999999100, 0.4999999999999995600, -1.550000000000000500 ) ) ;
#2256 = ORIENTED_EDGE ( 'NONE', *, *, #7493, .F. ) ;
#2257 = FACE_OUTER_BOUND ( 'NONE', #2313, .T. ) ;
#2258 = ORIENTED_EDGE ( 'NONE', *, *, #9412, .F. ) ;
#2259 = CARTESIAN_POINT ( 'NONE',  ( -3.584999999999999500, 0.2999999999999991600, 2.650000000000000800 ) ) ;
#2260 = VECTOR ( 'NONE', #6678, 1000.000000000000000 ) ;
#2261 = ORIENTED_EDGE ( 'NONE', *, *, #6403, .T. ) ;
#2262 = VERTEX_POINT ( 'NONE', #4665 ) ;
#2263 = ORIENTED_EDGE ( 'NONE', *, *, #3362, .T. ) ;
#2264 = DIRECTION ( 'NONE',  ( -0.0000000000000000000, -0.0000000000000000000, -1.000000000000000000 ) ) ;
#2265 = AXIS2_PLACEMENT_3D ( 'NONE', #6818, #9842, #9174 ) ;
#2266 = CARTESIAN_POINT ( 'NONE',  ( -7.174999999999998900, 2.199999999999999700, 2.250000000000000400 ) ) ;
#2267 = FILL_AREA_STYLE_COLOUR ( '', #449 ) ;
#2268 = FACE_OUTER_BOUND ( 'NONE', #9880, .T. ) ;
#2269 = ORIENTED_EDGE ( 'NONE', *, *, #8970, .T. ) ;
#2270 = CARTESIAN_POINT ( 'NONE',  ( -5.874999999999999100, 3.399999999999999900, 2.650000000000000400 ) ) ;
#2271 = FILL_AREA_STYLE_COLOUR ( '', #1667 ) ;
#2272 = CARTESIAN_POINT ( 'NONE',  ( 4.225000000000001400, 1.700000000000000000, 1.249999999999986000 ) ) ;
#2273 = FACE_OUTER_BOUND ( 'NONE', #1116, .T. ) ;
#2274 = CARTESIAN_POINT ( 'NONE',  ( -2.024999999999999500, 0.9499999999999998400, 1.249999999999986000 ) ) ;
#2275 = VECTOR ( 'NONE', #4248, 1000.000000000000000 ) ;
#2276 = ORIENTED_EDGE ( 'NONE', *, *, #3131, .F. ) ;
#2277 = CARTESIAN_POINT ( 'NONE',  ( -4.224999999999999600, 0.4000000000000001900, -2.649999999999999900 ) ) ;
#2278 = DIRECTION ( 'NONE',  ( 1.000000000000000000, 0.0000000000000000000, 0.0000000000000000000 ) ) ;
#2279 = VECTOR ( 'NONE', #3299, 1000.000000000000000 ) ;
#2280 = LINE ( 'NONE', #3288, #100 ) ;
#2281 = ORIENTED_EDGE ( 'NONE', *, *, #6888, .F. ) ;
#2282 = CARTESIAN_POINT ( 'NONE',  ( 2.975000000000000100, 1.700000000000000000, 1.249999999999986000 ) ) ;
#2283 = EDGE_CURVE ( 'NONE', #4000, #9409, #2040, .T. ) ;
#2284 = EDGE_CURVE ( 'NONE', #1623, #405, #6496, .T. ) ;
#2285 = CIRCLE ( 'NONE', #2846, 0.1499999999999999700 ) ;
#2286 = DIRECTION ( 'NONE',  ( 0.0000000000000000000, -1.000000000000000000, 0.0000000000000000000 ) ) ;
#2287 = VECTOR ( 'NONE', #1863, 1000.000000000000000 ) ;
#2288 = DIRECTION ( 'NONE',  ( 1.000000000000000000, 0.0000000000000000000, 0.0000000000000000000 ) ) ;
#2289 = DIRECTION ( 'NONE',  ( -1.000000000000000000, -0.0000000000000000000, -0.0000000000000000000 ) ) ;
#2290 = EDGE_CURVE ( 'NONE', #4595, #2953, #3350, .T. ) ;
#2291 = LINE ( 'NONE', #9785, #4594 ) ;
#2292 = VERTEX_POINT ( 'NONE', #1496 ) ;
#2293 = AXIS2_PLACEMENT_3D ( 'NONE', #3111, #5332, #9157 ) ;
#2294 = CARTESIAN_POINT ( 'NONE',  ( -7.374999999999998200, 0.8000000000000000400, -0.5499999999999997100 ) ) ;
#2295 = CARTESIAN_POINT ( 'NONE',  ( -2.124999999999999100, 1.034324500821434800, 1.850000000000000500 ) ) ;
#2296 = DIRECTION ( 'NONE',  ( 0.0000000000000000000, 0.0000000000000000000, -1.000000000000000000 ) ) ;
#2297 = CARTESIAN_POINT ( 'NONE',  ( -2.974999999999999200, 0.0000000000000000000, -1.950000000000000800 ) ) ;
#2298 = LINE ( 'NONE', #7100, #715 ) ;
#2299 = CARTESIAN_POINT ( 'NONE',  ( 4.525000000000001200, 0.9499999999999998400, -1.000000000000000700 ) ) ;
#2300 = EDGE_CURVE ( 'NONE', #3533, #1349, #8188, .T. ) ;
#2301 = VERTEX_POINT ( 'NONE', #834 ) ;
#2302 = CARTESIAN_POINT ( 'NONE',  ( -0.4749999999999997600, 1.399999999999999900, -2.299999999999999800 ) ) ;
#2303 = ORIENTED_EDGE ( 'NONE', *, *, #7693, .T. ) ;
#2304 = AXIS2_PLACEMENT_3D ( 'NONE', #8681, #7137, #1804 ) ;
#2305 = VECTOR ( 'NONE', #6028, 1000.000000000000000 ) ;
#2306 = CIRCLE ( 'NONE', #465, 0.1499999999999999700 ) ;
#2307 = AXIS2_PLACEMENT_3D ( 'NONE', #9790, #9154, #2072 ) ;
#2308 = DIRECTION ( 'NONE',  ( 0.0000000000000000000, -0.0000000000000000000, -1.000000000000000000 ) ) ;
#2309 = CARTESIAN_POINT ( 'NONE',  ( -3.274999999999999500, 0.4000000000000001900, -2.550000000000000300 ) ) ;
#2310 = DIRECTION ( 'NONE',  ( -0.0000000000000000000, -0.0000000000000000000, 1.000000000000000000 ) ) ;
#2311 = VERTEX_POINT ( 'NONE', #2399 ) ;
#2312 = PLANE ( 'NONE',  #9703 ) ;
#2313 = EDGE_LOOP ( 'NONE', ( #6960, #5594, #8466, #6373 ) ) ;
#2314 = ORIENTED_EDGE ( 'NONE', *, *, #7895, .T. ) ;
#2315 = ADVANCED_FACE ( 'NONE', ( #3116 ), #338, .T. ) ;
#2316 = LINE ( 'NONE', #7884, #623 ) ;
#2317 = LINE ( 'NONE', #5131, #6524 ) ;
#2318 = ORIENTED_EDGE ( 'NONE', *, *, #657, .F. ) ;
#2319 = DIRECTION ( 'NONE',  ( 0.0000000000000000000, 0.0000000000000000000, -1.000000000000000000 ) ) ;
#2320 = AXIS2_PLACEMENT_3D ( 'NONE', #9682, #1994, #4414 ) ;
#2321 = ORIENTED_EDGE ( 'NONE', *, *, #7513, .F. ) ;
#2322 = VERTEX_POINT ( 'NONE', #33 ) ;
#2323 = FACE_OUTER_BOUND ( 'NONE', #8360, .T. ) ;
#2324 = VECTOR ( 'NONE', #3023, 1000.000000000000000 ) ;
#2325 = CARTESIAN_POINT ( 'NONE',  ( 5.874999999999999100, 0.2999999999999990500, -1.550000000000000300 ) ) ;
#2326 = EDGE_LOOP ( 'NONE', ( #2792, #554, #3927, #1641 ) ) ;
#2327 = CARTESIAN_POINT ( 'NONE',  ( -3.274999999999999500, 0.1000000000000000300, -2.550000000000000300 ) ) ;
#2328 = ORIENTED_EDGE ( 'NONE', *, *, #7719, .T. ) ;
#2329 = PLANE ( 'NONE',  #5806 ) ;
#2330 = EDGE_LOOP ( 'NONE', ( #749, #3698, #6940, #9011 ) ) ;
#2331 = ORIENTED_EDGE ( 'NONE', *, *, #3118, .T. ) ;
#2332 = DIRECTION ( 'NONE',  ( 0.0000000000000000000, 0.0000000000000000000, -1.000000000000000000 ) ) ;
#2333 = CARTESIAN_POINT ( 'NONE',  ( 5.874999999999999100, 2.499999999999999600, -1.400000000000000600 ) ) ;
#2334 = MANIFOLD_SOLID_BREP ( 'LPattern3[2]', #5025 ) ;
#2335 = CYLINDRICAL_SURFACE ( 'NONE', #8096, 0.1499999999999999700 ) ;
#2337 = CARTESIAN_POINT ( 'NONE',  ( 1.725000000000000800, 1.700000000000000000, 1.249999999999986000 ) ) ;
#2336 = COLOUR_RGB ( '',0.7921568627450980000, 0.8196078431372548800, 0.9333333333333333500 ) ;
#2338 = AXIS2_PLACEMENT_3D ( 'NONE', #8407, #4573, #1489 ) ;
#2339 = VERTEX_POINT ( 'NONE', #7012 ) ;
#2340 = ADVANCED_FACE ( 'NONE', ( #8313 ), #6881, .F. ) ;
#2341 = ORIENTED_EDGE ( 'NONE', *, *, #4741, .T. ) ;
#2342 = EDGE_LOOP ( 'NONE', ( #7874, #5109, #1403, #7442, #9670, #6702, #2905, #56, #9159, #523, #5573, #6000, #7211, #8643, #1004, #6913, #4001 ) ) ;
#2343 = CARTESIAN_POINT ( 'NONE',  ( -0.4749999999999997600, 0.4000000000000001900, -2.649999999999999900 ) ) ;
#2344 = CARTESIAN_POINT ( 'NONE',  ( -5.874999999999999100, 2.700000000000005500, -0.5499999999999997100 ) ) ;
#2345 = DIRECTION ( 'NONE',  ( -1.000000000000000000, 0.0000000000000000000, 0.0000000000000000000 ) ) ;
#2346 = EDGE_CURVE ( 'NONE', #5870, #1958, #9304, .T. ) ;
#2347 = DIRECTION ( 'NONE',  ( -1.000000000000000000, -0.0000000000000000000, -0.0000000000000000000 ) ) ;
#2348 = CYLINDRICAL_SURFACE ( 'NONE', #9496, 0.09999999999999982500 ) ;
#2349 = LINE ( 'NONE', #6325, #526 ) ;
#2350 = EDGE_CURVE ( 'NONE', #412, #1392, #8446, .T. ) ;
#2351 = VERTEX_POINT ( 'NONE', #4766 ) ;
#2352 = EDGE_LOOP ( 'NONE', ( #9860, #4657, #9247, #9817, #2195, #7594, #7579, #4158, #5213, #2856, #1207, #9773, #9805, #6389, #1017, #5964, #739, #2795, #9841, #4854, #9638, #8741, #5987, #1085, #6699, #9788, #6648, #1414, #3948, #1990, #8261, #6289, #3644, #568, #9627, #2518, #2387, #3551, #4471, #1162, #5965, #3050, #9566, #2318 ) ) ;
#2353 = ORIENTED_EDGE ( 'NONE', *, *, #8917, .T. ) ;
#2354 = EDGE_CURVE ( 'NONE', #8980, #9441, #9064, .T. ) ;
#2355 = DIRECTION ( 'NONE',  ( -1.000000000000000000, -0.0000000000000000000, -0.0000000000000000000 ) ) ;
#2356 = FACE_OUTER_BOUND ( 'NONE', #167, .T. ) ;
#2357 = EDGE_LOOP ( 'NONE', ( #4168, #6225, #9698, #19 ) ) ;
#2358 = CARTESIAN_POINT ( 'NONE',  ( 5.874999999999999100, 3.399999999999999900, 1.700000000000000600 ) ) ;
#2359 = PLANE ( 'NONE',  #1748 ) ;
#2360 = VERTEX_POINT ( 'NONE', #5642 ) ;
#2361 = ORIENTED_EDGE ( 'NONE', *, *, #1766, .F. ) ;
#2362 = EDGE_CURVE ( 'NONE', #4179, #4175, #2280, .T. ) ;
#2363 = DIRECTION ( 'NONE',  ( -1.000000000000000000, 0.0000000000000000000, 0.0000000000000000000 ) ) ;
#2364 = PLANE ( 'NONE',  #6721 ) ;
#2365 = CARTESIAN_POINT ( 'NONE',  ( -2.024999999999999500, 1.700000000000000000, 1.249999999999986000 ) ) ;
#2366 = CARTESIAN_POINT ( 'NONE',  ( 0.7750000000000004700, 1.250000000000000000, -2.299999999999999800 ) ) ;
#2367 = FACE_OUTER_BOUND ( 'NONE', #131, .T. ) ;
#2368 = ADVANCED_FACE ( 'NONE', ( #4337 ), #8654, .F. ) ;
#2369 = EDGE_CURVE ( 'NONE', #6669, #4795, #6980, .T. ) ;
#2370 = EDGE_LOOP ( 'NONE', ( #5046, #2465, #9434, #9233 ) ) ;
#2371 = DIRECTION ( 'NONE',  ( 1.000000000000000000, -0.0000000000000000000, -0.0000000000000000000 ) ) ;
#2372 = AXIS2_PLACEMENT_3D ( 'NONE', #8397, #6115, #1412 ) ;
#2373 = EDGE_LOOP ( 'NONE', ( #4277, #4438, #6832, #5886, #5636, #1664 ) ) ;
#2374 = ORIENTED_EDGE ( 'NONE', *, *, #1813, .F. ) ;
#2375 = FACE_OUTER_BOUND ( 'NONE', #5253, .T. ) ;
#2376 = EDGE_LOOP ( 'NONE', ( #6369, #2149, #7309, #7161 ) ) ;
#2377 = PLANE ( 'NONE',  #4019 ) ;
#2378 = LINE ( 'NONE', #7204, #7670 ) ;
#2379 = VERTEX_POINT ( 'NONE', #3227 ) ;
#2380 = EDGE_CURVE ( 'NONE', #5119, #6465, #1788, .T. ) ;
#2381 = DIRECTION ( 'NONE',  ( -3.097720492815727200E-016, 0.0000000000000000000, -1.000000000000000000 ) ) ;
#2382 = ORIENTED_EDGE ( 'NONE', *, *, #3174, .T. ) ;
#2383 = AXIS2_PLACEMENT_3D ( 'NONE', #8374, #8414, #5998 ) ;
#2384 = LINE ( 'NONE', #3165, #1045 ) ;
#2385 = VERTEX_POINT ( 'NONE', #6377 ) ;
#2386 = CARTESIAN_POINT ( 'NONE',  ( 3.275000000000000400, 1.700000000000000000, -1.000000000000000700 ) ) ;
#2387 = ORIENTED_EDGE ( 'NONE', *, *, #5786, .F. ) ;
#2388 = CARTESIAN_POINT ( 'NONE',  ( -2.974999999999999200, 0.9499999999999998400, -1.000000000000000700 ) ) ;
#2389 = DIRECTION ( 'NONE',  ( 0.0000000000000000000, 3.614007241618353200E-016, -1.000000000000000000 ) ) ;
#2390 = ADVANCED_FACE ( 'NONE', ( #7447 ), #224, .F. ) ;
#2391 = CARTESIAN_POINT ( 'NONE',  ( 0.4750000000000005900, 1.250000000000000000, -2.449999999999999300 ) ) ;
#2392 = CIRCLE ( 'NONE', #4721, 0.1499999999999999700 ) ;
#2393 = ORIENTED_EDGE ( 'NONE', *, *, #6293, .T. ) ;
#2394 = DIRECTION ( 'NONE',  ( 0.0000000000000000000, -1.000000000000000000, 0.0000000000000000000 ) ) ;
#2395 = AXIS2_PLACEMENT_3D ( 'NONE', #3329, #3920, #4112 ) ;
#2396 = DIRECTION ( 'NONE',  ( -1.000000000000000000, -0.0000000000000000000, -0.0000000000000000000 ) ) ;
#2397 = LINE ( 'NONE', #367, #9182 ) ;
#2398 = CARTESIAN_POINT ( 'NONE',  ( -4.524999999999999500, 0.0000000000000000000, -1.950000000000000800 ) ) ;
#2399 = CARTESIAN_POINT ( 'NONE',  ( -3.884999999999999800, 0.3499999999999998100, 2.650000000000000400 ) ) ;
#2400 = VERTEX_POINT ( 'NONE', #2463 ) ;
#2401 = CARTESIAN_POINT ( 'NONE',  ( 2.019299665045116500, 1.694299665045115900, 1.290559990745417100 ) ) ;
#2402 = EDGE_CURVE ( 'NONE', #1518, #3351, #461, .T. ) ;
#2403 = DIRECTION ( 'NONE',  ( 0.0000000000000000000, -1.000000000000000000, 0.0000000000000000000 ) ) ;
#2404 = DIRECTION ( 'NONE',  ( 0.0000000000000000000, 0.0000000000000000000, 1.000000000000000000 ) ) ;
#2405 = VECTOR ( 'NONE', #9581, 1000.000000000000000 ) ;
#2406 = DIRECTION ( 'NONE',  ( -0.0000000000000000000, 1.000000000000000000, -0.0000000000000000000 ) ) ;
#2407 = DIRECTION ( 'NONE',  ( 1.000000000000000000, 0.0000000000000000000, -0.0000000000000000000 ) ) ;
#2408 = FACE_OUTER_BOUND ( 'NONE', #7623, .T. ) ;
#2409 = VERTEX_POINT ( 'NONE', #127 ) ;
#2410 = EDGE_CURVE ( 'NONE', #2311, #2379, #8927, .T. ) ;
#2411 = ADVANCED_FACE ( 'NONE', ( #8801 ), #2429, .F. ) ;
#2412 = EDGE_CURVE ( 'NONE', #6788, #2673, #4934, .T. ) ;
#2413 = EDGE_LOOP ( 'NONE', ( #5401, #6518, #3636, #10017, #4664 ) ) ;
#2414 =( NAMED_UNIT ( * ) PLANE_ANGLE_UNIT ( ) SI_UNIT ( $, .RADIAN. ) );
#2415 = EDGE_CURVE ( 'NONE', #3074, #1293, #7326, .T. ) ;
#2416 = PRESENTATION_STYLE_ASSIGNMENT (( #287 ) ) ;
#2417 = ORIENTED_EDGE ( 'NONE', *, *, #6201, .F. ) ;
#2418 = CARTESIAN_POINT ( 'NONE',  ( 7.374999999999998200, 0.8000000000000000400, 2.250000000000000400 ) ) ;
#2419 = EDGE_CURVE ( 'NONE', #751, #250, #9294, .T. ) ;
#2420 = DIRECTION ( 'NONE',  ( 0.0000000000000000000, -1.000000000000000000, -3.614007241618353200E-016 ) ) ;
#2421 = LINE ( 'NONE', #899, #9811 ) ;
#2422 = VECTOR ( 'NONE', #1436, 1000.000000000000000 ) ;
#2423 = EDGE_CURVE ( 'NONE', #4268, #5227, #6379, .T. ) ;
#2424 = AXIS2_PLACEMENT_3D ( 'NONE', #2753, #8144, #5946 ) ;
#2425 = VERTEX_POINT ( 'NONE', #5711 ) ;
#2426 = CARTESIAN_POINT ( 'NONE',  ( 5.874999999999999100, 3.000000000000000000, 1.700000000000000600 ) ) ;
#2427 = VERTEX_POINT ( 'NONE', #4109 ) ;
#2428 = DIRECTION ( 'NONE',  ( -0.0000000000000000000, -0.0000000000000000000, 1.000000000000000000 ) ) ;
#2429 = PLANE ( 'NONE',  #819 ) ;
#2430 = FACE_OUTER_BOUND ( 'NONE', #7416, .T. ) ;
#2431 = EDGE_CURVE ( 'NONE', #6934, #2916, #2863, .T. ) ;
#2432 = DIRECTION ( 'NONE',  ( 0.0000000000000000000, 1.000000000000000000, 0.0000000000000000000 ) ) ;
#2433 = ORIENTED_EDGE ( 'NONE', *, *, #9752, .F. ) ;
#2434 = VERTEX_POINT ( 'NONE', #8073 ) ;
#2435 = ORIENTED_EDGE ( 'NONE', *, *, #9503, .T. ) ;
#2436 = ADVANCED_FACE ( 'NONE', ( #7569 ), #8883, .F. ) ;
#2437 = DIRECTION ( 'NONE',  ( -1.000000000000000000, 0.0000000000000000000, 0.0000000000000000000 ) ) ;
#2438 = CARTESIAN_POINT ( 'NONE',  ( -5.874999999999999100, 0.3499999999999996400, 2.650000000000000400 ) ) ;
#2439 = CARTESIAN_POINT ( 'NONE',  ( -4.285000000000000100, 0.2999999999999991600, 6.505213034913026600E-016 ) ) ;
#2440 = CIRCLE ( 'NONE', #939, 0.2999999999999997100 ) ;
#2441 = ORIENTED_EDGE ( 'NONE', *, *, #2154, .T. ) ;
#2442 = ORIENTED_EDGE ( 'NONE', *, *, #8291, .T. ) ;
#2443 = VERTEX_POINT ( 'NONE', #9572 ) ;
#2444 = ORIENTED_EDGE ( 'NONE', *, *, #9479, .F. ) ;
#2445 = VECTOR ( 'NONE', #3527, 1000.000000000000000 ) ;
#2446 = DIRECTION ( 'NONE',  ( 1.000000000000000000, 0.0000000000000000000, -0.0000000000000000000 ) ) ;
#2447 = VECTOR ( 'NONE', #3771, 1000.000000000000000 ) ;
#2448 = DIRECTION ( 'NONE',  ( -0.0000000000000000000, -0.0000000000000000000, 1.000000000000000000 ) ) ;
#2449 = CARTESIAN_POINT ( 'NONE',  ( 1.725000000000000800, 2.039999999999999100, -1.600000000000000800 ) ) ;
#2450 = AXIS2_PLACEMENT_3D ( 'NONE', #2302, #9336, #1625 ) ;
#2451 = ORIENTED_EDGE ( 'NONE', *, *, #4618, .T. ) ;
#2452 = VERTEX_POINT ( 'NONE', #4214 ) ;
#2453 = ORIENTED_EDGE ( 'NONE', *, *, #5223, .T. ) ;
#2454 = ORIENTED_EDGE ( 'NONE', *, *, #5733, .F. ) ;
#2455 = UNCERTAINTY_MEASURE_WITH_UNIT (LENGTH_MEASURE( 1.000000000000000100E-005 ), #5572, 'distance_accuracy_value', 'NONE');
#2456 = CARTESIAN_POINT ( 'NONE',  ( 0.7750000000000004700, 2.140000000000000100, -1.400000000000000600 ) ) ;
#2457 = LINE ( 'NONE', #7220, #881 ) ;
#2458 = FACE_OUTER_BOUND ( 'NONE', #6079, .T. ) ;
#2459 = DIRECTION ( 'NONE',  ( -1.000000000000000000, -0.0000000000000000000, -0.0000000000000000000 ) ) ;
#2460 = ORIENTED_EDGE ( 'NONE', *, *, #2999, .T. ) ;
#2461 = ADVANCED_FACE ( 'NONE', ( #1555 ), #7969, .F. ) ;
#2462 = DIRECTION ( 'NONE',  ( 0.0000000000000000000, 1.000000000000000000, 0.0000000000000000000 ) ) ;
#2463 = CARTESIAN_POINT ( 'NONE',  ( -0.7749999999999996900, 2.140000000000000100, -1.400000000000000600 ) ) ;
#2464 = ORIENTED_EDGE ( 'NONE', *, *, #2431, .F. ) ;
#2465 = ORIENTED_EDGE ( 'NONE', *, *, #6804, .T. ) ;
#2466 = DIRECTION ( 'NONE',  ( 0.0000000000000000000, 0.0000000000000000000, -1.000000000000000000 ) ) ;
#2467 = VECTOR ( 'NONE', #6032, 1000.000000000000000 ) ;
#2468 = FACE_OUTER_BOUND ( 'NONE', #2041, .T. ) ;
#2469 = ORIENTED_EDGE ( 'NONE', *, *, #9550, .T. ) ;
#2470 = DIRECTION ( 'NONE',  ( 0.1378445374916254000, -0.1378445374916254000, 0.9808148484639900300 ) ) ;
#2471 = ORIENTED_EDGE ( 'NONE', *, *, #8355, .F. ) ;
#2472 = VERTEX_POINT ( 'NONE', #4931 ) ;
#2473 = EDGE_CURVE ( 'NONE', #6640, #365, #4330, .T. ) ;
#2474 = EDGE_CURVE ( 'NONE', #4890, #6280, #6857, .T. ) ;
#2475 = EDGE_CURVE ( 'NONE', #4195, #9448, #6151, .T. ) ;
#2476 = CIRCLE ( 'NONE', #6855, 0.1000000000000000500 ) ;
#2477 = VERTEX_POINT ( 'NONE', #1844 ) ;
#2478 = EDGE_CURVE ( 'NONE', #5390, #1482, #814, .T. ) ;
#2479 = DIRECTION ( 'NONE',  ( -0.0000000000000000000, 1.000000000000000000, -0.0000000000000000000 ) ) ;
#2480 = EDGE_LOOP ( 'NONE', ( #1023, #6553, #6847, #7671 ) ) ;
#2481 = ORIENTED_EDGE ( 'NONE', *, *, #260, .T. ) ;
#2482 = CARTESIAN_POINT ( 'NONE',  ( 3.275000000000000400, 1.700000000000000000, 1.249999999999986000 ) ) ;
#2483 = CARTESIAN_POINT ( 'NONE',  ( 1.725000000000000800, 0.9499999999999998400, 3.457774721070176100 ) ) ;
#2484 = ORIENTED_EDGE ( 'NONE', *, *, #9827, .F. ) ;
#2485 = ADVANCED_FACE ( 'NONE', ( #1781 ), #4809, .F. ) ;
#2486 = CIRCLE ( 'NONE', #8798, 0.09999999999999982500 ) ;
#2487 = EDGE_LOOP ( 'NONE', ( #1621, #3125, #9650, #4935 ) ) ;
#2488 = FACE_OUTER_BOUND ( 'NONE', #7190, .T. ) ;
#2489 = EDGE_CURVE ( 'NONE', #7696, #3417, #2035, .T. ) ;
#2490 = DIRECTION ( 'NONE',  ( -0.1378445374916254000, -0.1378445374916254000, -0.9808148484639900300 ) ) ;
#2491 = DIRECTION ( 'NONE',  ( 0.0000000000000000000, -0.9902680687415708100, -0.1391731009600621100 ) ) ;
#2492 = VECTOR ( 'NONE', #4602, 1000.000000000000000 ) ;
#2493 = VERTEX_POINT ( 'NONE', #7221 ) ;
#2494 = DIRECTION ( 'NONE',  ( 0.7071067811865451300, 0.0000000000000000000, -0.7071067811865500200 ) ) ;
#2495 = AXIS2_PLACEMENT_3D ( 'NONE', #7149, #2534, #7916 ) ;
#2496 = CYLINDRICAL_SURFACE ( 'NONE', #8272, 0.2999999999999990500 ) ;
#2497 = VERTEX_POINT ( 'NONE', #6532 ) ;
#2498 = MECHANICAL_DESIGN_GEOMETRIC_PRESENTATION_REPRESENTATION (  '', ( #1468 ), #3522 ) ;
#2499 = ORIENTED_EDGE ( 'NONE', *, *, #6328, .F. ) ;
#2500 = ORIENTED_EDGE ( 'NONE', *, *, #8917, .F. ) ;
#2501 = CARTESIAN_POINT ( 'NONE',  ( 4.525000000000001200, 1.399999999999999700, -2.299999999999999800 ) ) ;
#2502 = DIRECTION ( 'NONE',  ( 0.0000000000000000000, 0.0000000000000000000, 1.000000000000000000 ) ) ;
#2503 = CYLINDRICAL_SURFACE ( 'NONE', #3341, 0.09999999999999982500 ) ;
#2504 = VERTEX_POINT ( 'NONE', #8040 ) ;
#2505 = EDGE_CURVE ( 'NONE', #5691, #1209, #9414, .T. ) ;
#2506 = CARTESIAN_POINT ( 'NONE',  ( 5.874999999999999100, 0.4999999999999995600, -1.550000000000000500 ) ) ;
#2507 = CARTESIAN_POINT ( 'NONE',  ( 2.025000000000000800, 2.140000000000000100, -1.500000000000000000 ) ) ;
#2508 = AXIS2_PLACEMENT_3D ( 'NONE', #2727, #2659, #5781 ) ;
#2509 = LINE ( 'NONE', #6977, #3132 ) ;
#2510 = ADVANCED_FACE ( 'NONE', ( #6617 ), #6732, .T. ) ;
#2511 = VECTOR ( 'NONE', #2088, 1000.000000000000000 ) ;
#2512 = ORIENTED_EDGE ( 'NONE', *, *, #2350, .T. ) ;
#2513 = DIRECTION ( 'NONE',  ( -1.000000000000000000, 2.168404344970999500E-016, 0.0000000000000000000 ) ) ;
#2514 = DIRECTION ( 'NONE',  ( -1.000000000000000000, -0.0000000000000000000, -0.0000000000000000000 ) ) ;
#2515 = DIRECTION ( 'NONE',  ( 1.000000000000000000, 0.0000000000000000000, 0.0000000000000000000 ) ) ;
#2516 = LINE ( 'NONE', #2604, #2645 ) ;
#2517 = EDGE_CURVE ( 'NONE', #3905, #1595, #5553, .T. ) ;
#2518 = ORIENTED_EDGE ( 'NONE', *, *, #6433, .T. ) ;
#2519 = AXIS2_PLACEMENT_3D ( 'NONE', #816, #72, #6232 ) ;
#2520 = SURFACE_SIDE_STYLE ('',( #3620 ) ) ;
#2521 = CARTESIAN_POINT ( 'NONE',  ( -5.674999999999999800, 0.2999999999999991600, -1.550000000000000300 ) ) ;
#2522 = VECTOR ( 'NONE', #3, 1000.000000000000000 ) ;
#2523 = CARTESIAN_POINT ( 'NONE',  ( 6.274999999999998600, -4.336808689942017700E-016, 1.850000000000000100 ) ) ;
#2524 = DIRECTION ( 'NONE',  ( 0.0000000000000000000, 0.0000000000000000000, -1.000000000000000000 ) ) ;
#2525 = DIRECTION ( 'NONE',  ( 1.000000000000000000, 0.0000000000000000000, -0.0000000000000000000 ) ) ;
#2526 = CARTESIAN_POINT ( 'NONE',  ( 3.885000000000000200, 0.2999999999999991600, 2.650000000000000800 ) ) ;
#2527 = CYLINDRICAL_SURFACE ( 'NONE', #861, 0.1000000000000002600 ) ;
#2528 = EDGE_LOOP ( 'NONE', ( #241, #7770, #3867, #1722 ) ) ;
#2529 = EDGE_CURVE ( 'NONE', #3056, #6241, #3107, .T. ) ;
#2530 = ADVANCED_FACE ( 'NONE', ( #2634 ), #7330, .F. ) ;
#2531 = CARTESIAN_POINT ( 'NONE',  ( -1.730700334954883700, 1.694299665045115900, 1.290559990745417100 ) ) ;
#2532 = DIRECTION ( 'NONE',  ( -1.000000000000000000, 0.0000000000000000000, 0.0000000000000000000 ) ) ;
#2533 = CARTESIAN_POINT ( 'NONE',  ( 3.885000000000000200, 3.469233347080714400, 1.250000000000000700 ) ) ;
#2534 = DIRECTION ( 'NONE',  ( -1.000000000000000000, -0.0000000000000000000, -0.0000000000000000000 ) ) ;
#2535 = ORIENTED_EDGE ( 'NONE', *, *, #7005, .T. ) ;
#2536 = EDGE_CURVE ( 'NONE', #365, #7975, #8177, .T. ) ;
#2537 = VERTEX_POINT ( 'NONE', #8184 ) ;
#2538 = LINE ( 'NONE', #8440, #9927 ) ;
#2539 = CIRCLE ( 'NONE', #5144, 0.2999999999999997100 ) ;
#2540 = DIRECTION ( 'NONE',  ( -0.0000000000000000000, -0.0000000000000000000, -1.000000000000000000 ) ) ;
#2541 = CARTESIAN_POINT ( 'NONE',  ( 1.725000000000000800, 0.1000000000000000500, -1.950000000000000200 ) ) ;
#2542 = EDGE_CURVE ( 'NONE', #5826, #2554, #9058, .T. ) ;
#2543 = VERTEX_POINT ( 'NONE', #5877 ) ;
#2544 = DIRECTION ( 'NONE',  ( -0.0000000000000000000, -0.0000000000000000000, -1.000000000000000000 ) ) ;
#2545 = ORIENTED_EDGE ( 'NONE', *, *, #6804, .F. ) ;
#2546 = ORIENTED_EDGE ( 'NONE', *, *, #7636, .T. ) ;
#2547 = DIRECTION ( 'NONE',  ( -0.9902680687415708100, -0.0000000000000000000, -0.1391731009600621100 ) ) ;
#2548 = EDGE_CURVE ( 'NONE', #8485, #2097, #10023, .T. ) ;
#2549 = LINE ( 'NONE', #4711, #4848 ) ;
#2550 = VECTOR ( 'NONE', #7838, 1000.000000000000000 ) ;
#2551 = CARTESIAN_POINT ( 'NONE',  ( 5.274999999999998600, 2.180000000000000200, 2.400000000000003500 ) ) ;
#2552 = ORIENTED_EDGE ( 'NONE', *, *, #8693, .F. ) ;
#2553 = DIRECTION ( 'NONE',  ( 0.0000000000000000000, 0.0000000000000000000, 1.000000000000000000 ) ) ;
#2554 = VERTEX_POINT ( 'NONE', #5947 ) ;
#2555 = EDGE_LOOP ( 'NONE', ( #6537, #2374, #3485, #66 ) ) ;
#2556 = ADVANCED_FACE ( 'NONE', ( #1179 ), #5062, .T. ) ;
#2557 = CARTESIAN_POINT ( 'NONE',  ( -2.974999999999999200, 2.140000000000000100, -1.500000000000000000 ) ) ;
#2558 = DIRECTION ( 'NONE',  ( -0.0000000000000000000, -0.0000000000000000000, -1.000000000000000000 ) ) ;
#2559 = LINE ( 'NONE', #8837, #1111 ) ;
#2560 = DIRECTION ( 'NONE',  ( 1.000000000000000000, 0.0000000000000000000, 0.0000000000000000000 ) ) ;
#2561 = DIRECTION ( 'NONE',  ( 0.0000000000000000000, -0.0000000000000000000, 1.000000000000000000 ) ) ;
#2562 = EDGE_CURVE ( 'NONE', #6724, #85, #3464, .T. ) ;
#2563 = ORIENTED_EDGE ( 'NONE', *, *, #1252, .T. ) ;
#2564 = VECTOR ( 'NONE', #2513, 1000.000000000000000 ) ;
#2565 = ORIENTED_EDGE ( 'NONE', *, *, #6625, .T. ) ;
#2566 = ORIENTED_EDGE ( 'NONE', *, *, #9290, .F. ) ;
#2567 = ORIENTED_EDGE ( 'NONE', *, *, #7829, .F. ) ;
#2568 = DIRECTION ( 'NONE',  ( -1.000000000000000000, -0.0000000000000000000, -0.0000000000000000000 ) ) ;
#2569 = DIRECTION ( 'NONE',  ( 0.0000000000000000000, -1.000000000000000000, 0.0000000000000000000 ) ) ;
#2570 = DIRECTION ( 'NONE',  ( 1.000000000000000000, 1.162683294890621800E-016, 0.0000000000000000000 ) ) ;
#2571 = LINE ( 'NONE', #3015, #3907 ) ;
#2572 = VECTOR ( 'NONE', #10037, 1000.000000000000000 ) ;
#2573 = VERTEX_POINT ( 'NONE', #9029 ) ;
#2574 = EDGE_LOOP ( 'NONE', ( #6072, #3441, #3947, #4372 ) ) ;
#2575 = CARTESIAN_POINT ( 'NONE',  ( -2.024999999999999500, 1.700000000000000000, 1.249999999999986000 ) ) ;
#2576 = DIRECTION ( 'NONE',  ( -1.000000000000000000, -0.0000000000000000000, -0.0000000000000000000 ) ) ;
#2577 = DIRECTION ( 'NONE',  ( 0.1378445374916254000, -0.1378445374916254000, -0.9808148484639900300 ) ) ;
#2578 = LINE ( 'NONE', #2398, #9736 ) ;
#2579 = LINE ( 'NONE', #8078, #4886 ) ;
#2580 = CARTESIAN_POINT ( 'NONE',  ( -4.224999999999999600, 2.140000000000000100, -1.400000000000000600 ) ) ;
#2581 = ADVANCED_FACE ( 'NONE', ( #1053 ), #5905, .T. ) ;
#2582 = ORIENTED_EDGE ( 'NONE', *, *, #8251, .F. ) ;
#2583 = DIRECTION ( 'NONE',  ( 0.0000000000000000000, -0.0000000000000000000, -1.000000000000000000 ) ) ;
#2584 = ORIENTED_EDGE ( 'NONE', *, *, #269, .T. ) ;
#2585 = VERTEX_POINT ( 'NONE', #9974 ) ;
#2586 = DIRECTION ( 'NONE',  ( 0.0000000000000000000, -0.0000000000000000000, -1.000000000000000000 ) ) ;
#2587 = PLANE ( 'NONE',  #6106 ) ;
#2588 = PLANE ( 'NONE',  #4050 ) ;
#2589 = LINE ( 'NONE', #3140, #8530 ) ;
#2590 = EDGE_CURVE ( 'NONE', #5440, #3689, #3848, .T. ) ;
#2591 = VECTOR ( 'NONE', #2981, 1000.000000000000000 ) ;
#2592 = CARTESIAN_POINT ( 'NONE',  ( 3.275000000000000400, 0.4000000000000001900, -2.649999999999999900 ) ) ;
#2593 = ORIENTED_EDGE ( 'NONE', *, *, #3452, .F. ) ;
#2594 = DIRECTION ( 'NONE',  ( 0.0000000000000000000, 3.614007241618353200E-016, -1.000000000000000000 ) ) ;
#2595 = CARTESIAN_POINT ( 'NONE',  ( 4.225000000000001400, 0.9499999999999998400, 1.249999999999986000 ) ) ;
#2596 = STYLED_ITEM ( 'NONE', ( #147 ), #5751 ) ;
#2597 = CARTESIAN_POINT ( 'NONE',  ( -4.224999999999999600, 1.700000000000000000, -1.000000000000000700 ) ) ;
#2598 = ORIENTED_EDGE ( 'NONE', *, *, #2169, .F. ) ;
#2599 = EDGE_CURVE ( 'NONE', #7688, #244, #4078, .T. ) ;
#2600 = CARTESIAN_POINT ( 'NONE',  ( -1.724999999999999600, 1.250000000000000000, -2.449999999999999300 ) ) ;
#2601 = CIRCLE ( 'NONE', #4420, 0.04999999999999883000 ) ;
#2602 = DIRECTION ( 'NONE',  ( -0.7071067811865483500, -0.7071067811865466800, 0.0000000000000000000 ) ) ;
#2603 = CARTESIAN_POINT ( 'NONE',  ( 5.674999999999999800, -5.755839955992548600E-017, -1.550000000000000300 ) ) ;
#2604 = CARTESIAN_POINT ( 'NONE',  ( 7.374999999999998200, 0.8000000000000000400, -0.5499999999999997100 ) ) ;
#2605 = VERTEX_POINT ( 'NONE', #8259 ) ;
#2606 = EDGE_CURVE ( 'NONE', #5655, #594, #693, .T. ) ;
#2607 = ORIENTED_EDGE ( 'NONE', *, *, #9101, .F. ) ;
#2608 = ORIENTED_EDGE ( 'NONE', *, *, #8154, .T. ) ;
#2609 = EDGE_CURVE ( 'NONE', #7043, #8285, #3228, .T. ) ;
#2610 = DIRECTION ( 'NONE',  ( 0.0000000000000000000, 1.000000000000000000, 0.0000000000000000000 ) ) ;
#2611 = FACE_OUTER_BOUND ( 'NONE', #9227, .T. ) ;
#2612 = ORIENTED_EDGE ( 'NONE', *, *, #7940, .T. ) ;
#2613 = ADVANCED_FACE ( 'NONE', ( #937 ), #7920, .F. ) ;
#2614 = CYLINDRICAL_SURFACE ( 'NONE', #5698, 0.1000000000000000500 ) ;
#2615 = EDGE_LOOP ( 'NONE', ( #2321, #8666, #1135, #7612 ) ) ;
#2616 = EDGE_CURVE ( 'NONE', #9329, #3689, #8683, .T. ) ;
#2617 = VERTEX_POINT ( 'NONE', #5345 ) ;
#2618 = VERTEX_POINT ( 'NONE', #3776 ) ;
#2619 = AXIS2_PLACEMENT_3D ( 'NONE', #7576, #9910, #2166 ) ;
#2620 = DIRECTION ( 'NONE',  ( -0.0000000000000000000, 0.0000000000000000000, 1.000000000000000000 ) ) ;
#2621 = CARTESIAN_POINT ( 'NONE',  ( -7.374999999999999100, 1.999999999999999600, 2.250000000000000400 ) ) ;
#2622 = DIRECTION ( 'NONE',  ( 0.0000000000000000000, 0.0000000000000000000, -1.000000000000000000 ) ) ;
#2623 = VECTOR ( 'NONE', #4704, 1000.000000000000000 ) ;
#2624 = VERTEX_POINT ( 'NONE', #6706 ) ;
#2625 = EDGE_CURVE ( 'NONE', #5238, #8368, #1305, .T. ) ;
#2626 = ORIENTED_EDGE ( 'NONE', *, *, #7360, .T. ) ;
#2627 = CARTESIAN_POINT ( 'NONE',  ( -3.190675499178564400, 1.615675499178565100, 1.850000000000000500 ) ) ;
#2628 = CARTESIAN_POINT ( 'NONE',  ( 4.525000000000001200, 1.399999999999999700, -1.700000000000000800 ) ) ;
#2629 = VECTOR ( 'NONE', #6127, 1000.000000000000000 ) ;
#2630 = DIRECTION ( 'NONE',  ( 0.0000000000000000000, -1.000000000000000000, 0.0000000000000000000 ) ) ;
#2631 = AXIS2_PLACEMENT_3D ( 'NONE', #5041, #8143, #358 ) ;
#2632 = DIRECTION ( 'NONE',  ( 0.0000000000000000000, 1.000000000000000000, 0.0000000000000000000 ) ) ;
#2633 = DIRECTION ( 'NONE',  ( -1.000000000000000000, 0.0000000000000000000, 0.0000000000000000000 ) ) ;
#2634 = FACE_OUTER_BOUND ( 'NONE', #6469, .T. ) ;
#2635 = VERTEX_POINT ( 'NONE', #530 ) ;
#2636 = PLANE ( 'NONE',  #1612 ) ;
#2637 = DIRECTION ( 'NONE',  ( 0.0000000000000000000, -7.228014483236719200E-016, -1.000000000000000000 ) ) ;
#2638 = DIRECTION ( 'NONE',  ( 1.000000000000000000, 0.0000000000000000000, 0.0000000000000000000 ) ) ;
#2639 = ADVANCED_FACE ( 'NONE', ( #2748 ), #4285, .T. ) ;
#2640 = DIRECTION ( 'NONE',  ( -0.0000000000000000000, -1.000000000000000000, -0.0000000000000000000 ) ) ;
#2641 = VECTOR ( 'NONE', #6746, 1000.000000000000000 ) ;
#2642 = CIRCLE ( 'NONE', #432, 0.09999999999999982500 ) ;
#2643 = ORIENTED_EDGE ( 'NONE', *, *, #9681, .T. ) ;
#2644 = CARTESIAN_POINT ( 'NONE',  ( -4.524999999999999500, 0.4000000000000001900, -2.649999999999999900 ) ) ;
#2645 = VECTOR ( 'NONE', #1725, 1000.000000000000000 ) ;
#2646 = VECTOR ( 'NONE', #3580, 1000.000000000000000 ) ;
#2647 = ORIENTED_EDGE ( 'NONE', *, *, #9744, .F. ) ;
#2648 = CARTESIAN_POINT ( 'NONE',  ( 3.275000000000000400, 0.4000000000000001900, -2.550000000000000300 ) ) ;
#2649 = DIRECTION ( 'NONE',  ( -0.0000000000000000000, -0.0000000000000000000, 1.000000000000000000 ) ) ;
#2650 = VECTOR ( 'NONE', #9758, 1000.000000000000000 ) ;
#2651 = EDGE_LOOP ( 'NONE', ( #1024, #6009, #498, #9987 ) ) ;
#2652 = AXIS2_PLACEMENT_3D ( 'NONE', #2575, #3314, #2680 ) ;
#2653 = CIRCLE ( 'NONE', #3126, 0.09999999999999982500 ) ;
#2654 = ORIENTED_EDGE ( 'NONE', *, *, #2666, .T. ) ;
#2655 = CARTESIAN_POINT ( 'NONE',  ( -7.174999999999998900, 2.200000000000000200, -0.5499999999999997100 ) ) ;
#2656 = AXIS2_PLACEMENT_3D ( 'NONE', #3951, #9497, #7067 ) ;
#2657 =( NAMED_UNIT ( * ) PLANE_ANGLE_UNIT ( ) SI_UNIT ( $, .RADIAN. ) );
#2658 = ADVANCED_FACE ( 'NONE', ( #9782 ), #2754, .T. ) ;
#2659 = DIRECTION ( 'NONE',  ( 1.000000000000000000, 0.0000000000000000000, 0.0000000000000000000 ) ) ;
#2660 = FACE_OUTER_BOUND ( 'NONE', #9724, .T. ) ;
#2661 = LINE ( 'NONE', #9922, #3139 ) ;
#2662 = ORIENTED_EDGE ( 'NONE', *, *, #7762, .T. ) ;
#2663 = CARTESIAN_POINT ( 'NONE',  ( -5.204999999999999200, 0.2999999999999991600, -1.550000000000000300 ) ) ;
#2664 = EDGE_CURVE ( 'NONE', #7632, #250, #6261, .T. ) ;
#2665 = ORIENTED_EDGE ( 'NONE', *, *, #5980, .T. ) ;
#2666 = EDGE_CURVE ( 'NONE', #5042, #5691, #6606, .T. ) ;
#2667 = DIRECTION ( 'NONE',  ( 0.0000000000000000000, 7.228014483236719200E-016, 1.000000000000000000 ) ) ;
#2668 = DIRECTION ( 'NONE',  ( 0.5773502691896264000, -0.5773502691896285100, 0.5773502691896224000 ) ) ;
#2669 = CARTESIAN_POINT ( 'NONE',  ( -4.224999999999999600, 0.6000000000000007500, -2.449999999999999700 ) ) ;
#2670 = FACE_OUTER_BOUND ( 'NONE', #7968, .T. ) ;
#2671 = EDGE_CURVE ( 'NONE', #7351, #9020, #5305, .T. ) ;
#2672 = AXIS2_PLACEMENT_3D ( 'NONE', #7591, #2147, #8346 ) ;
#2673 = VERTEX_POINT ( 'NONE', #3021 ) ;
#2674 = DIRECTION ( 'NONE',  ( 0.0000000000000000000, 0.0000000000000000000, 1.000000000000000000 ) ) ;
#2675 = EDGE_LOOP ( 'NONE', ( #9944, #8026, #9993, #4416 ) ) ;
#2676 = ORIENTED_EDGE ( 'NONE', *, *, #1062, .F. ) ;
#2677 =( LENGTH_UNIT ( ) NAMED_UNIT ( * ) SI_UNIT ( .MILLI., .METRE. ) );
#2678 = VECTOR ( 'NONE', #2043, 1000.000000000000000 ) ;
#2679 = LINE ( 'NONE', #8404, #8352 ) ;
#2680 = DIRECTION ( 'NONE',  ( 0.0000000000000000000, 1.000000000000000000, 0.0000000000000000000 ) ) ;
#2681 = DIRECTION ( 'NONE',  ( -1.000000000000000000, -0.0000000000000000000, -0.0000000000000000000 ) ) ;
#2682 = CARTESIAN_POINT ( 'NONE',  ( 5.674999999999999800, -5.755839955992548600E-017, -1.550000000000000300 ) ) ;
#2683 = VERTEX_POINT ( 'NONE', #9268 ) ;
#2684 = ADVANCED_FACE ( 'NONE', ( #9408 ), #4575, .F. ) ;
#2685 = VERTEX_POINT ( 'NONE', #9623 ) ;
#2686 = ORIENTED_EDGE ( 'NONE', *, *, #3709, .F. ) ;
#2687 =( GEOMETRIC_REPRESENTATION_CONTEXT ( 3 ) GLOBAL_UNCERTAINTY_ASSIGNED_CONTEXT ( ( #534 ) ) GLOBAL_UNIT_ASSIGNED_CONTEXT ( ( #5112, #1255, #6642 ) ) REPRESENTATION_CONTEXT ( 'NONE', 'WORKASPACE' ) );
#2688 = FACE_OUTER_BOUND ( 'NONE', #3187, .T. ) ;
#2689 = AXIS2_PLACEMENT_3D ( 'NONE', #6962, #6166, #3041 ) ;
#2690 = PLANE ( 'NONE',  #8761 ) ;
#2691 = VECTOR ( 'NONE', #4720, 1000.000000000000000 ) ;
#2692 = CARTESIAN_POINT ( 'NONE',  ( 2.025000000000000800, 1.250000000000000000, -2.449999999999999300 ) ) ;
#2693 = ORIENTED_EDGE ( 'NONE', *, *, #535, .F. ) ;
#2694 = VERTEX_POINT ( 'NONE', #8823 ) ;
#2695 = CARTESIAN_POINT ( 'NONE',  ( -1.724999999999999600, 1.700000000000000000, 1.249999999999986000 ) ) ;
#2696 = DIRECTION ( 'NONE',  ( 0.0000000000000000000, -3.614007241618353200E-016, 1.000000000000000000 ) ) ;
#2697 = ORIENTED_EDGE ( 'NONE', *, *, #1310, .F. ) ;
#2698 = ORIENTED_EDGE ( 'NONE', *, *, #2283, .F. ) ;
#2699 = EDGE_CURVE ( 'NONE', #4533, #6123, #6368, .T. ) ;
#2700 = DIRECTION ( 'NONE',  ( 0.0000000000000000000, -1.000000000000000000, 0.0000000000000000000 ) ) ;
#2701 = LINE ( 'NONE', #2557, #8635 ) ;
#2702 = PRESENTATION_STYLE_ASSIGNMENT (( #4592 ) ) ;
#2703 = CARTESIAN_POINT ( 'NONE',  ( 2.025000000000000800, 0.7999999999999999300, -1.400000000000000600 ) ) ;
#2704 = VERTEX_POINT ( 'NONE', #7209 ) ;
#2705 = DIRECTION ( 'NONE',  ( 1.000000000000000000, 0.0000000000000000000, 0.0000000000000000000 ) ) ;
#2706 = DIRECTION ( 'NONE',  ( 1.000000000000000000, -0.0000000000000000000, -0.0000000000000000000 ) ) ;
#2707 = VERTEX_POINT ( 'NONE', #2644 ) ;
#2708 = ORIENTED_EDGE ( 'NONE', *, *, #9226, .T. ) ;
#2709 = FACE_OUTER_BOUND ( 'NONE', #5274, .T. ) ;
#2711 = PLANE ( 'NONE',  #2320 ) ;
#2710 = VECTOR ( 'NONE', #6726, 1000.000000000000000 ) ;
#2712 = ADVANCED_FACE ( 'NONE', ( #2268 ), #1892, .F. ) ;
#2713 = ORIENTED_EDGE ( 'NONE', *, *, #9131, .F. ) ;
#2714 = CARTESIAN_POINT ( 'NONE',  ( 0.0000000000000000000, 0.0000000000000000000, 0.0000000000000000000 ) ) ;
#2715 = VERTEX_POINT ( 'NONE', #3440 ) ;
#2716 = ORIENTED_EDGE ( 'NONE', *, *, #5542, .T. ) ;
#2717 = CARTESIAN_POINT ( 'NONE',  ( 5.274999999999998600, 0.5999999999999998700, -12.21954250419119600 ) ) ;
#2718 = CARTESIAN_POINT ( 'NONE',  ( -2.024999999999999500, 1.700000000000000000, -1.000000000000000700 ) ) ;
#2719 = AXIS2_PLACEMENT_3D ( 'NONE', #3109, #6102, #744 ) ;
#2720 = FACE_OUTER_BOUND ( 'NONE', #7263, .T. ) ;
#2721 = VERTEX_POINT ( 'NONE', #4980 ) ;
#2722 = ORIENTED_EDGE ( 'NONE', *, *, #9046, .T. ) ;
#2723 = EDGE_LOOP ( 'NONE', ( #4398, #3622, #7648, #4680 ) ) ;
#2724 = CARTESIAN_POINT ( 'NONE',  ( -0.4807003349548838500, 1.694299665045115900, 1.290559990745417100 ) ) ;
#2725 = ORIENTED_EDGE ( 'NONE', *, *, #6808, .F. ) ;
#2726 = EDGE_CURVE ( 'NONE', #2683, #3336, #7316, .T. ) ;
#2727 = CARTESIAN_POINT ( 'NONE',  ( -0.4749999999999997600, 0.1000000000000000300, -2.550000000000000300 ) ) ;
#2728 = VECTOR ( 'NONE', #1423, 1000.000000000000000 ) ;
#2729 = VECTOR ( 'NONE', #1608, 1000.000000000000000 ) ;
#2730 = EDGE_LOOP ( 'NONE', ( #2353, #7909, #4779, #9769, #655, #4114, #3781, #3903, #1363, #8551, #4781, #2662, #339, #549, #8757, #3025, #189 ) ) ;
#2731 = CARTESIAN_POINT ( 'NONE',  ( -4.224999999999999600, 0.5000000000000000000, -1.550000000000000300 ) ) ;
#2732 = EDGE_CURVE ( 'NONE', #1937, #7604, #7912, .T. ) ;
#2733 = DIRECTION ( 'NONE',  ( -1.000000000000000000, -0.0000000000000000000, -0.0000000000000000000 ) ) ;
#2734 = ADVANCED_FACE ( 'NONE', ( #3838 ), #5024, .T. ) ;
#2735 = FACE_OUTER_BOUND ( 'NONE', #374, .T. ) ;
#2736 = ORIENTED_EDGE ( 'NONE', *, *, #788, .F. ) ;
#2737 = DIRECTION ( 'NONE',  ( -1.000000000000000000, -0.0000000000000000000, -0.0000000000000000000 ) ) ;
#2738 = VECTOR ( 'NONE', #3188, 1000.000000000000000 ) ;
#2739 = ORIENTED_EDGE ( 'NONE', *, *, #2606, .F. ) ;
#2740 = DIRECTION ( 'NONE',  ( 0.0000000000000000000, -0.0000000000000000000, 1.000000000000000000 ) ) ;
#2741 = EDGE_CURVE ( 'NONE', #1649, #5985, #5648, .T. ) ;
#2742 = VECTOR ( 'NONE', #2105, 1000.000000000000000 ) ;
#2743 = ORIENTED_EDGE ( 'NONE', *, *, #8965, .T. ) ;
#2744 = AXIS2_PLACEMENT_3D ( 'NONE', #9595, #314, #7213 ) ;
#2745 = CARTESIAN_POINT ( 'NONE',  ( 2.025000000000000800, 1.399999999999999700, -1.700000000000000800 ) ) ;
#2746 = CARTESIAN_POINT ( 'NONE',  ( -0.4749999999999997600, 1.500000000000000000, -1.600000000000000800 ) ) ;
#2747 = FACE_OUTER_BOUND ( 'NONE', #290, .T. ) ;
#2748 = FACE_OUTER_BOUND ( 'NONE', #8372, .T. ) ;
#2749 = ORIENTED_EDGE ( 'NONE', *, *, #7697, .T. ) ;
#2750 = EDGE_CURVE ( 'NONE', #7499, #4288, #8677, .T. ) ;
#2751 = CARTESIAN_POINT ( 'NONE',  ( 5.594999999999998000, 1.430000000000000200, 2.650000000000000400 ) ) ;
#2752 = ADVANCED_FACE ( 'NONE', ( #4202 ), #9516, .F. ) ;
#2753 = CARTESIAN_POINT ( 'NONE',  ( 3.275000000000000400, 0.6000000000000007500, -2.550000000000000300 ) ) ;
#2754 = PLANE ( 'NONE',  #9444 ) ;
#2755 = VECTOR ( 'NONE', #588, 1000.000000000000000 ) ;
#2756 = PLANE ( 'NONE',  #2127 ) ;
#2757 = LINE ( 'NONE', #7173, #8321 ) ;
#2758 = ORIENTED_EDGE ( 'NONE', *, *, #4160, .T. ) ;
#2759 = CARTESIAN_POINT ( 'NONE',  ( 5.874999999999999100, 0.4999999999999995600, -1.400000000000000600 ) ) ;
#2760 = DIRECTION ( 'NONE',  ( 0.0000000000000000000, -0.9902680687415708100, -0.1391731009600621100 ) ) ;
#2761 = LINE ( 'NONE', #6922, #6871 ) ;
#2762 = DIRECTION ( 'NONE',  ( -1.000000000000000000, -0.0000000000000000000, -0.0000000000000000000 ) ) ;
#2763 = DIRECTION ( 'NONE',  ( 1.000000000000000000, 0.0000000000000000000, 0.0000000000000000000 ) ) ;
#2764 = LINE ( 'NONE', #7354, #6165 ) ;
#2765 = ORIENTED_EDGE ( 'NONE', *, *, #5597, .F. ) ;
#2766 = AXIS2_PLACEMENT_3D ( 'NONE', #3245, #8676, #4042 ) ;
#2767 = CARTESIAN_POINT ( 'NONE',  ( -0.7607491626127893500, 0.9642508373872099600, 1.351399976863563800 ) ) ;
#2768 = LINE ( 'NONE', #7997, #3128 ) ;
#2769 = CARTESIAN_POINT ( 'NONE',  ( -1.724999999999999600, 2.140000000000000100, -1.400000000000000600 ) ) ;
#2770 = DIRECTION ( 'NONE',  ( 0.0000000000000000000, 0.0000000000000000000, 1.000000000000000000 ) ) ;
#2771 = PLANE ( 'NONE',  #7353 ) ;
#2772 = ORIENTED_EDGE ( 'NONE', *, *, #8356, .F. ) ;
#2773 = DIRECTION ( 'NONE',  ( -1.000000000000000000, -0.0000000000000000000, -0.0000000000000000000 ) ) ;
#2774 = DIRECTION ( 'NONE',  ( 1.000000000000000000, 0.0000000000000000000, 0.0000000000000000000 ) ) ;
#2775 = VERTEX_POINT ( 'NONE', #9553 ) ;
#2776 = ADVANCED_FACE ( 'NONE', ( #1547 ), #7677, .T. ) ;
#2777 = VECTOR ( 'NONE', #8520, 1000.000000000000000 ) ;
#2778 = VECTOR ( 'NONE', #1122, 1000.000000000000000 ) ;
#2779 = DIRECTION ( 'NONE',  ( 0.0000000000000000000, -1.000000000000000000, 0.0000000000000000000 ) ) ;
#2780 = VERTEX_POINT ( 'NONE', #1923 ) ;
#2781 = EDGE_CURVE ( 'NONE', #4404, #3049, #93, .T. ) ;
#2782 = DIRECTION ( 'NONE',  ( 0.0000000000000000000, 1.000000000000000000, 0.0000000000000000000 ) ) ;
#2783 = VERTEX_POINT ( 'NONE', #4909 ) ;
#2784 = ORIENTED_EDGE ( 'NONE', *, *, #5137, .T. ) ;
#2785 = DIRECTION ( 'NONE',  ( 0.9902680687415708100, 0.0000000000000000000, -0.1391731009600621100 ) ) ;
#2786 = DIRECTION ( 'NONE',  ( -1.000000000000000000, -0.0000000000000000000, -0.0000000000000000000 ) ) ;
#2787 = VECTOR ( 'NONE', #9960, 1000.000000000000000 ) ;
#2788 = FACE_OUTER_BOUND ( 'NONE', #5291, .T. ) ;
#2789 = DIRECTION ( 'NONE',  ( -1.000000000000000000, -0.0000000000000000000, -0.0000000000000000000 ) ) ;
#2790 = EDGE_CURVE ( 'NONE', #7739, #5091, #198, .T. ) ;
#2791 = EDGE_CURVE ( 'NONE', #4543, #8513, #4464, .T. ) ;
#2792 = ORIENTED_EDGE ( 'NONE', *, *, #5925, .T. ) ;
#2793 = DIRECTION ( 'NONE',  ( -0.1378445374916254000, -0.1378445374916254000, -0.9808148484639900300 ) ) ;
#2794 = VERTEX_POINT ( 'NONE', #5693 ) ;
#2795 = ORIENTED_EDGE ( 'NONE', *, *, #341, .F. ) ;
#2796 = FILL_AREA_STYLE ('',( #9675 ) ) ;
#2797 = DIRECTION ( 'NONE',  ( -1.000000000000000000, -0.0000000000000000000, -0.0000000000000000000 ) ) ;
#2798 = PRESENTATION_STYLE_ASSIGNMENT (( #6635 ) ) ;
#2799 = EDGE_CURVE ( 'NONE', #2497, #3308, #9894, .T. ) ;
#2800 = LINE ( 'NONE', #2718, #4861 ) ;
#2801 = LINE ( 'NONE', #6576, #6088 ) ;
#2802 = ORIENTED_EDGE ( 'NONE', *, *, #3967, .T. ) ;
#2803 = ADVANCED_FACE ( 'NONE', ( #5782 ), #6489, .T. ) ;
#2804 = EDGE_LOOP ( 'NONE', ( #7731, #2417, #8631, #9723 ) ) ;
#2805 = ORIENTED_EDGE ( 'NONE', *, *, #4579, .T. ) ;
#2806 = EDGE_LOOP ( 'NONE', ( #3190, #4031, #8735, #4913 ) ) ;
#2807 = PLANE ( 'NONE',  #8348 ) ;
#2808 = CARTESIAN_POINT ( 'NONE',  ( -3.374999999999999100, 3.399999999999999900, 1.850000000000000500 ) ) ;
#2809 = EDGE_CURVE ( 'NONE', #2833, #2864, #2019, .T. ) ;
#2810 = DIRECTION ( 'NONE',  ( 0.0000000000000000000, 0.0000000000000000000, -1.000000000000000000 ) ) ;
#2811 = FACE_OUTER_BOUND ( 'NONE', #6647, .T. ) ;
#2812 = FACE_OUTER_BOUND ( 'NONE', #3881, .T. ) ;
#2813 = CARTESIAN_POINT ( 'NONE',  ( 4.525000000000001200, 0.7999999999999999300, -1.400000000000000600 ) ) ;
#2814 = CARTESIAN_POINT ( 'NONE',  ( 0.7750000000000004700, 0.9499999999999998400, 1.249999999999986000 ) ) ;
#2815 = ORIENTED_EDGE ( 'NONE', *, *, #2230, .T. ) ;
#2816 = ORIENTED_EDGE ( 'NONE', *, *, #3534, .T. ) ;
#2817 = CARTESIAN_POINT ( 'NONE',  ( -1.724999999999999600, 0.5000000000000000000, -1.550000000000000300 ) ) ;
#2818 = CIRCLE ( 'NONE', #7385, 0.09999999999999982500 ) ;
#2819 = VECTOR ( 'NONE', #6508, 1000.000000000000000 ) ;
#2820 = CARTESIAN_POINT ( 'NONE',  ( -1.724999999999999600, 0.6000000000000007500, -2.550000000000000300 ) ) ;
#2821 = DIRECTION ( 'NONE',  ( -1.000000000000000000, -0.0000000000000000000, 0.0000000000000000000 ) ) ;
#2822 = ORIENTED_EDGE ( 'NONE', *, *, #2217, .F. ) ;
#2823 = CARTESIAN_POINT ( 'NONE',  ( -4.224999999999999600, 1.500000000000000000, -1.600000000000001000 ) ) ;
#2824 = CARTESIAN_POINT ( 'NONE',  ( 5.874999999999999100, 2.499999999999999600, -1.550000000000000500 ) ) ;
#2825 = ORIENTED_EDGE ( 'NONE', *, *, #1889, .T. ) ;
#2826 = ORIENTED_EDGE ( 'NONE', *, *, #5787, .T. ) ;
#2827 = CARTESIAN_POINT ( 'NONE',  ( -4.224999999999999600, 0.6000000000000007500, -2.550000000000000300 ) ) ;
#2828 = DIRECTION ( 'NONE',  ( -1.000000000000000000, -0.0000000000000000000, -0.0000000000000000000 ) ) ;
#2829 = ADVANCED_FACE ( 'NONE', ( #3459 ), #5825, .F. ) ;
#2830 = LINE ( 'NONE', #7114, #408 ) ;
#2831 = DIRECTION ( 'NONE',  ( 1.000000000000000000, 0.0000000000000000000, 0.0000000000000000000 ) ) ;
#2832 = CARTESIAN_POINT ( 'NONE',  ( 0.5593245008214354800, 1.615675499178565100, 1.850000000000000500 ) ) ;
#2833 = VERTEX_POINT ( 'NONE', #306 ) ;
#2834 = CARTESIAN_POINT ( 'NONE',  ( 5.674999999999998900, 0.0000000000000000000, 2.650000000000000400 ) ) ;
#2835 = VERTEX_POINT ( 'NONE', #5730 ) ;
#2836 = ORIENTED_EDGE ( 'NONE', *, *, #9311, .T. ) ;
#2837 = CARTESIAN_POINT ( 'NONE',  ( -1.724999999999999600, 0.1000000000000007100, -1.850000000000000100 ) ) ;
#2838 = VECTOR ( 'NONE', #5541, 1000.000000000000000 ) ;
#2839 = ADVANCED_FACE ( 'NONE', ( #4071 ), #2711, .F. ) ;
#2840 = VERTEX_POINT ( 'NONE', #7380 ) ;
#2841 = CARTESIAN_POINT ( 'NONE',  ( 5.874999999999999100, 3.399999999999999900, 1.700000000000000600 ) ) ;
#2842 = DIRECTION ( 'NONE',  ( -1.000000000000000000, 0.0000000000000000000, -0.0000000000000000000 ) ) ;
#2843 = AXIS2_PLACEMENT_3D ( 'NONE', #9379, #2532, #4833 ) ;
#2844 = ORIENTED_EDGE ( 'NONE', *, *, #3709, .T. ) ;
#2845 = DIRECTION ( 'NONE',  ( 0.0000000000000000000, -7.228014483236719200E-016, -1.000000000000000000 ) ) ;
#2846 = AXIS2_PLACEMENT_3D ( 'NONE', #3526, #3487, #8912 ) ;
#2847 = VECTOR ( 'NONE', #3640, 1000.000000000000000 ) ;
#2848 = ORIENTED_EDGE ( 'NONE', *, *, #341, .T. ) ;
#2849 = VECTOR ( 'NONE', #4326, 1000.000000000000000 ) ;
#2850 = ORIENTED_EDGE ( 'NONE', *, *, #1310, .T. ) ;
#2851 = CARTESIAN_POINT ( 'NONE',  ( -0.4749999999999997600, 0.7999999999999999300, -1.400000000000000600 ) ) ;
#2852 = CARTESIAN_POINT ( 'NONE',  ( -6.274999999999998600, 0.2999999999999989900, 1.850000000000000100 ) ) ;
#2853 = EDGE_CURVE ( 'NONE', #8008, #3267, #3722, .T. ) ;
#2854 = EDGE_CURVE ( 'NONE', #1895, #4210, #9176, .T. ) ;
#2855 = VECTOR ( 'NONE', #7076, 1000.000000000000000 ) ;
#2856 = ORIENTED_EDGE ( 'NONE', *, *, #850, .F. ) ;
#2857 = CARTESIAN_POINT ( 'NONE',  ( -5.875000000000000000, 0.2999999999999990500, 2.250000000000000400 ) ) ;
#2858 = FACE_OUTER_BOUND ( 'NONE', #626, .T. ) ;
#2859 = EDGE_CURVE ( 'NONE', #3821, #4454, #1663, .T. ) ;
#2860 = ORIENTED_EDGE ( 'NONE', *, *, #6619, .F. ) ;
#2861 = CARTESIAN_POINT ( 'NONE',  ( -2.024999999999999500, 1.500000000000000000, -1.600000000000001000 ) ) ;
#2862 = CARTESIAN_POINT ( 'NONE',  ( 0.7750000000000004700, 1.399999999999999700, -2.299999999999999800 ) ) ;
#2863 = LINE ( 'NONE', #6503, #578 ) ;
#2864 = VERTEX_POINT ( 'NONE', #5193 ) ;
#2865 = CARTESIAN_POINT ( 'NONE',  ( 2.025000000000000800, 0.4000000000000001900, -2.649999999999999900 ) ) ;
#2866 = EDGE_CURVE ( 'NONE', #9528, #9808, #8915, .T. ) ;
#2867 = LINE ( 'NONE', #8853, #7087 ) ;
#2868 = EDGE_CURVE ( 'NONE', #30, #6235, #1425, .T. ) ;
#2869 = LINE ( 'NONE', #1721, #2158 ) ;
#2870 = ORIENTED_EDGE ( 'NONE', *, *, #6740, .T. ) ;
#2871 = DIRECTION ( 'NONE',  ( 1.000000000000000000, 0.0000000000000000000, 0.0000000000000000000 ) ) ;
#2872 = CARTESIAN_POINT ( 'NONE',  ( 0.7750000000000004700, 0.6000000000000007500, -2.449999999999999700 ) ) ;
#2873 = CARTESIAN_POINT ( 'NONE',  ( 5.674999999999999800, 0.2999999999999991600, 1.700000000000001500 ) ) ;
#2874 = ADVANCED_FACE ( 'NONE', ( #6144 ), #7433, .T. ) ;
#2875 = EDGE_CURVE ( 'NONE', #9763, #5626, #7562, .T. ) ;
#2876 = FACE_OUTER_BOUND ( 'NONE', #1502, .T. ) ;
#2877 = DIRECTION ( 'NONE',  ( 0.0000000000000000000, 0.0000000000000000000, 1.000000000000000000 ) ) ;
#2878 = VECTOR ( 'NONE', #1545, 1000.000000000000000 ) ;
#2879 = EDGE_LOOP ( 'NONE', ( #6213, #9620, #907, #7856 ) ) ;
#2880 = DIRECTION ( 'NONE',  ( 0.0000000000000000000, 0.0000000000000000000, -1.000000000000000000 ) ) ;
#2881 = AXIS2_PLACEMENT_3D ( 'NONE', #8991, #5102, #9201 ) ;
#2882 = CARTESIAN_POINT ( 'NONE',  ( -5.874999999999999100, 0.4999999999999995600, -1.400000000000000600 ) ) ;
#2883 = ORIENTED_EDGE ( 'NONE', *, *, #9671, .F. ) ;
#2884 = FILL_AREA_STYLE ('',( #5881 ) ) ;
#2885 = EDGE_LOOP ( 'NONE', ( #5732, #8061, #7391, #2086 ) ) ;
#2886 = CARTESIAN_POINT ( 'NONE',  ( -2.010749162612789100, 0.9642508373872099600, 1.351399976863563800 ) ) ;
#2887 = CARTESIAN_POINT ( 'NONE',  ( 2.975000000000000100, 0.7999999999999999300, -1.400000000000000600 ) ) ;
#2888 = DIRECTION ( 'NONE',  ( -0.0000000000000000000, -0.0000000000000000000, -1.000000000000000000 ) ) ;
#2889 = LINE ( 'NONE', #1353, #4838 ) ;
#2890 = CARTESIAN_POINT ( 'NONE',  ( -5.204999999999999200, 3.399999999999999900, 2.650000000000000400 ) ) ;
#2891 = PLANE ( 'NONE',  #2383 ) ;
#2892 = ORIENTED_EDGE ( 'NONE', *, *, #2866, .F. ) ;
#2893 = AXIS2_PLACEMENT_3D ( 'NONE', #1989, #7467, #2032 ) ;
#2894 = CARTESIAN_POINT ( 'NONE',  ( 0.4750000000000005900, 0.9499999999999998400, 1.249999999999986000 ) ) ;
#2895 = VERTEX_POINT ( 'NONE', #7444 ) ;
#2896 = ADVANCED_FACE ( 'NONE', ( #5056 ), #2503, .T. ) ;
#2897 = LINE ( 'NONE', #2669, #1692 ) ;
#2898 = VECTOR ( 'NONE', #1127, 1000.000000000000000 ) ;
#2899 = CARTESIAN_POINT ( 'NONE',  ( 1.725000000000000800, 1.700000000000000000, 3.457774721070176100 ) ) ;
#2900 = DIRECTION ( 'NONE',  ( 1.000000000000000000, 0.0000000000000000000, 0.0000000000000000000 ) ) ;
#2901 = CARTESIAN_POINT ( 'NONE',  ( -4.524999999999999500, 1.700000000000000000, 1.249999999999986000 ) ) ;
#2902 = CARTESIAN_POINT ( 'NONE',  ( -6.274999999999998600, 7.960204194457805300E-017, -0.3500000000000000300 ) ) ;
#2903 = EDGE_LOOP ( 'NONE', ( #5053, #430, #424, #132 ) ) ;
#2904 = EDGE_LOOP ( 'NONE', ( #4652, #1946, #9565, #6662 ) ) ;
#2905 = ORIENTED_EDGE ( 'NONE', *, *, #2941, .F. ) ;
#2906 = EDGE_CURVE ( 'NONE', #2136, #1375, #6851, .T. ) ;
#2907 = DIRECTION ( 'NONE',  ( -1.000000000000000000, 0.0000000000000000000, 0.0000000000000000000 ) ) ;
#2908 = LINE ( 'NONE', #1686, #8615 ) ;
#2909 = LINE ( 'NONE', #6188, #860 ) ;
#2910 = EDGE_CURVE ( 'NONE', #7372, #751, #10016, .T. ) ;
#2911 = DIRECTION ( 'NONE',  ( 0.0000000000000000000, 0.0000000000000000000, -1.000000000000000000 ) ) ;
#2912 = ORIENTED_EDGE ( 'NONE', *, *, #5216, .F. ) ;
#2913 = VERTEX_POINT ( 'NONE', #5894 ) ;
#2914 = DIRECTION ( 'NONE',  ( -0.0000000000000000000, -0.0000000000000000000, 1.000000000000000000 ) ) ;
#2915 = VERTEX_POINT ( 'NONE', #6722 ) ;
#2916 = VERTEX_POINT ( 'NONE', #409 ) ;
#2917 = DIRECTION ( 'NONE',  ( -0.9902680687415708100, -0.0000000000000000000, -0.1391731009600621100 ) ) ;
#2918 = VECTOR ( 'NONE', #1202, 1000.000000000000000 ) ;
#2919 = EDGE_CURVE ( 'NONE', #6197, #3007, #4802, .T. ) ;
#2920 = PLANE ( 'NONE',  #4731 ) ;
#2921 = CIRCLE ( 'NONE', #9180, 0.1000000000000002600 ) ;
#2922 = VECTOR ( 'NONE', #9105, 1000.000000000000000 ) ;
#2923 = EDGE_CURVE ( 'NONE', #4303, #7327, #8428, .T. ) ;
#2924 = DIRECTION ( 'NONE',  ( -1.000000000000000000, -0.0000000000000000000, -0.0000000000000000000 ) ) ;
#2925 = CARTESIAN_POINT ( 'NONE',  ( -5.204999999999999200, 0.0000000000000000000, -1.550000000000000300 ) ) ;
#2926 = PLANE ( 'NONE',  #1803 ) ;
#2927 = VERTEX_POINT ( 'NONE', #2894 ) ;
#2928 = CARTESIAN_POINT ( 'NONE',  ( -4.224999999999999600, 0.0000000000000000000, -1.950000000000000800 ) ) ;
#2929 = ORIENTED_EDGE ( 'NONE', *, *, #4466, .F. ) ;
#2930 = EDGE_LOOP ( 'NONE', ( #9012, #2912, #2593, #2815 ) ) ;
#2931 = CARTESIAN_POINT ( 'NONE',  ( 2.025000000000000800, 0.6000000000000007500, -2.550000000000000300 ) ) ;
#2932 = DIRECTION ( 'NONE',  ( 1.000000000000000000, 0.0000000000000000000, -0.0000000000000000000 ) ) ;
#2933 = AXIS2_PLACEMENT_3D ( 'NONE', #7298, #8072, #3356 ) ;
#2934 = FACE_OUTER_BOUND ( 'NONE', #5298, .T. ) ;
#2935 = CARTESIAN_POINT ( 'NONE',  ( 0.5593245008214354800, 3.399999999999999900, 1.850000000000000500 ) ) ;
#2937 = CARTESIAN_POINT ( 'NONE',  ( -1.724999999999999600, 0.7999999999999998200, -1.550000000000000300 ) ) ;
#2936 = VECTOR ( 'NONE', #2789, 1000.000000000000000 ) ;
#2938 = ORIENTED_EDGE ( 'NONE', *, *, #8889, .T. ) ;
#2939 = ORIENTED_EDGE ( 'NONE', *, *, #6668, .F. ) ;
#2940 = DIRECTION ( 'NONE',  ( -0.0000000000000000000, 1.000000000000000000, -0.0000000000000000000 ) ) ;
#2941 = EDGE_CURVE ( 'NONE', #1036, #6529, #2392, .T. ) ;
#2942 = DIRECTION ( 'NONE',  ( 0.7071067811865430200, -0.7071067811865521200, 0.0000000000000000000 ) ) ;
#2943 = CARTESIAN_POINT ( 'NONE',  ( 7.374999999999999100, 1.999999999999999100, -0.5499999999999997100 ) ) ;
#2944 = CARTESIAN_POINT ( 'NONE',  ( -3.059324500821434300, 3.399999999999999900, 1.850000000000000500 ) ) ;
#2945 = VECTOR ( 'NONE', #6950, 1000.000000000000000 ) ;
#2946 = LINE ( 'NONE', #1540, #7765 ) ;
#2947 = ORIENTED_EDGE ( 'NONE', *, *, #595, .T. ) ;
#2948 = PLANE ( 'NONE',  #4619 ) ;
#2949 = ORIENTED_EDGE ( 'NONE', *, *, #1119, .T. ) ;
#2950 = ORIENTED_EDGE ( 'NONE', *, *, #1449, .T. ) ;
#2951 = DIRECTION ( 'NONE',  ( 0.0000000000000000000, 0.0000000000000000000, 1.000000000000000000 ) ) ;
#2952 = LINE ( 'NONE', #379, #7164 ) ;
#2953 = VERTEX_POINT ( 'NONE', #7516 ) ;
#2954 = CARTESIAN_POINT ( 'NONE',  ( 2.975000000000000100, 0.9499999999999998400, -1.000000000000000700 ) ) ;
#2955 = LINE ( 'NONE', #565, #5893 ) ;
#2956 = CARTESIAN_POINT ( 'NONE',  ( -5.274999999999999500, 1.429999999999998800, 2.400000000000003500 ) ) ;
#2957 = VERTEX_POINT ( 'NONE', #1463 ) ;
#2958 = VERTEX_POINT ( 'NONE', #6856 ) ;
#2959 = DIRECTION ( 'NONE',  ( -0.0000000000000000000, -0.0000000000000000000, 1.000000000000000000 ) ) ;
#2960 = ORIENTED_EDGE ( 'NONE', *, *, #6929, .F. ) ;
#2961 = CARTESIAN_POINT ( 'NONE',  ( -6.224999999999998800, 0.2999999999999989900, 1.850000000000000100 ) ) ;
#2962 = CARTESIAN_POINT ( 'NONE',  ( -7.575000000000000200, 0.2500000000000000000, -0.3500000000000000300 ) ) ;
#2963 = FACE_OUTER_BOUND ( 'NONE', #2342, .T. ) ;
#2964 = CARTESIAN_POINT ( 'NONE',  ( -2.974999999999999200, 0.1000000000000000300, -2.649999999999999900 ) ) ;
#2965 = ORIENTED_EDGE ( 'NONE', *, *, #3725, .T. ) ;
#2966 = VECTOR ( 'NONE', #9964, 1000.000000000000000 ) ;
#2967 = DIRECTION ( 'NONE',  ( 0.0000000000000000000, -1.000000000000000000, 0.0000000000000000000 ) ) ;
#2968 = CARTESIAN_POINT ( 'NONE',  ( 4.225000000000001400, 0.4000000000000001900, -2.649999999999999900 ) ) ;
#2969 = FACE_OUTER_BOUND ( 'NONE', #9177, .T. ) ;
#2970 = ORIENTED_EDGE ( 'NONE', *, *, #6419, .T. ) ;
#2971 = ORIENTED_EDGE ( 'NONE', *, *, #6731, .T. ) ;
#2972 = CARTESIAN_POINT ( 'NONE',  ( -2.974999999999999200, 2.140000000000000100, -1.500000000000000000 ) ) ;
#2973 = AXIS2_PLACEMENT_3D ( 'NONE', #6812, #1484, #10010 ) ;
#2974 = ORIENTED_EDGE ( 'NONE', *, *, #4813, .F. ) ;
#2975 = CARTESIAN_POINT ( 'NONE',  ( 2.025000000000000800, 0.5000000000000000000, -2.550000000000000300 ) ) ;
#2976 = CARTESIAN_POINT ( 'NONE',  ( -4.524999999999999500, 0.0000000000000000000, -1.950000000000000800 ) ) ;
#2977 = PLANE ( 'NONE',  #9103 ) ;
#2978 = VECTOR ( 'NONE', #4265, 1000.000000000000000 ) ;
#2979 = ORIENTED_EDGE ( 'NONE', *, *, #9745, .F. ) ;
#2980 = CARTESIAN_POINT ( 'NONE',  ( -2.024999999999999500, 2.039999999999999100, -1.600000000000000800 ) ) ;
#2981 = DIRECTION ( 'NONE',  ( -0.0000000000000000000, -0.0000000000000000000, 1.000000000000000000 ) ) ;
#2982 = EDGE_CURVE ( 'NONE', #4243, #5119, #327, .T. ) ;
#2983 = EDGE_CURVE ( 'NONE', #317, #644, #8308, .T. ) ;
#2984 = CARTESIAN_POINT ( 'NONE',  ( -1.724999999999999600, 1.500000000000000000, -1.600000000000001000 ) ) ;
#2985 = LINE ( 'NONE', #3541, #7568 ) ;
#2986 = PLANE ( 'NONE',  #7666 ) ;
#2987 = VECTOR ( 'NONE', #4396, 1000.000000000000000 ) ;
#2988 = ORIENTED_EDGE ( 'NONE', *, *, #8749, .T. ) ;
#2989 = CARTESIAN_POINT ( 'NONE',  ( 4.525000000000001200, 0.6000000000000007500, -2.449999999999999700 ) ) ;
#2990 = EDGE_CURVE ( 'NONE', #7043, #5196, #1894, .T. ) ;
#2991 = AXIS2_PLACEMENT_3D ( 'NONE', #6077, #6768, #6552 ) ;
#2992 = CARTESIAN_POINT ( 'NONE',  ( -2.974999999999999200, 1.500000000000000000, -1.600000000000000800 ) ) ;
#2993 = CARTESIAN_POINT ( 'NONE',  ( 1.940675499178566000, 1.615675499178565100, 1.850000000000000500 ) ) ;
#2994 = CARTESIAN_POINT ( 'NONE',  ( 1.725000000000000800, 1.399999999999999900, -2.299999999999999800 ) ) ;
#2995 = LINE ( 'NONE', #3799, #343 ) ;
#2996 = PLANE ( 'NONE',  #2619 ) ;
#2997 = CARTESIAN_POINT ( 'NONE',  ( -0.7749999999999996900, 1.399999999999999900, -2.299999999999999800 ) ) ;
#2998 = EDGE_LOOP ( 'NONE', ( #3773, #3134, #5084, #5106 ) ) ;
#2999 = EDGE_CURVE ( 'NONE', #1824, #9253, #3100, .T. ) ;
#3000 = CARTESIAN_POINT ( 'NONE',  ( -0.5593245008214345900, 1.615675499178565100, 1.850000000000000500 ) ) ;
#3001 = VECTOR ( 'NONE', #7869, 1000.000000000000000 ) ;
#3002 = AXIS2_PLACEMENT_3D ( 'NONE', #2366, #8585, #6276 ) ;
#3003 = DIRECTION ( 'NONE',  ( 0.0000000000000000000, 0.0000000000000000000, -1.000000000000000000 ) ) ;
#3004 = VECTOR ( 'NONE', #2577, 1000.000000000000000 ) ;
#3005 = DIRECTION ( 'NONE',  ( 0.0000000000000000000, 0.0000000000000000000, 1.000000000000000000 ) ) ;
#3006 =( LENGTH_UNIT ( ) NAMED_UNIT ( * ) SI_UNIT ( .MILLI., .METRE. ) );
#3007 = VERTEX_POINT ( 'NONE', #8339 ) ;
#3008 = CARTESIAN_POINT ( 'NONE',  ( -2.974999999999999200, 1.500000000000000000, -1.600000000000001000 ) ) ;
#3009 = DIRECTION ( 'NONE',  ( 0.0000000000000000000, 5.421010862427532000E-016, -1.000000000000000000 ) ) ;
#3010 = VECTOR ( 'NONE', #3418, 1000.000000000000000 ) ;
#3011 = CIRCLE ( 'NONE', #2293, 0.09999999999999982500 ) ;
#3012 = EDGE_CURVE ( 'NONE', #199, #4533, #8786, .T. ) ;
#3013 = VERTEX_POINT ( 'NONE', #3000 ) ;
#3014 = ORIENTED_EDGE ( 'NONE', *, *, #6306, .T. ) ;
#3015 = CARTESIAN_POINT ( 'NONE',  ( 0.7750000000000004700, 0.5000000000000000000, -2.550000000000000300 ) ) ;
#3016 = AXIS2_PLACEMENT_3D ( 'NONE', #3305, #4201, #8057 ) ;
#3017 = CIRCLE ( 'NONE', #8910, 0.1000000000000000500 ) ;
#3019 = CARTESIAN_POINT ( 'NONE',  ( 3.275000000000000400, 0.5000000000000000000, -1.849999999999999900 ) ) ;
#3018 = VECTOR ( 'NONE', #9127, 1000.000000000000000 ) ;
#3020 = DIRECTION ( 'NONE',  ( 1.000000000000000000, 0.0000000000000000000, 0.0000000000000000000 ) ) ;
#3021 = CARTESIAN_POINT ( 'NONE',  ( 0.4750000000000005900, 1.399999999999999700, -1.700000000000000800 ) ) ;
#3022 = VERTEX_POINT ( 'NONE', #6132 ) ;
#3023 = DIRECTION ( 'NONE',  ( 0.0000000000000000000, -1.000000000000000000, -5.421010862427532000E-016 ) ) ;
#3024 = ORIENTED_EDGE ( 'NONE', *, *, #9997, .T. ) ;
#3025 = ORIENTED_EDGE ( 'NONE', *, *, #107, .T. ) ;
#3026 = PLANE ( 'NONE',  #10041 ) ;
#3027 = PLANE ( 'NONE',  #6281 ) ;
#3028 = FILL_AREA_STYLE ('',( #2267 ) ) ;
#3029 = SURFACE_SIDE_STYLE ('',( #1561 ) ) ;
#3030 = VECTOR ( 'NONE', #5967, 1000.000000000000000 ) ;
#3031 = VECTOR ( 'NONE', #5065, 1000.000000000000000 ) ;
#3032 = AXIS2_PLACEMENT_3D ( 'NONE', #292, #5748, #7224 ) ;
#3033 = ORIENTED_EDGE ( 'NONE', *, *, #600, .F. ) ;
#3034 = DIRECTION ( 'NONE',  ( -0.0000000000000000000, -1.000000000000000000, -0.0000000000000000000 ) ) ;
#3035 = ORIENTED_EDGE ( 'NONE', *, *, #5663, .F. ) ;
#3036 = ORIENTED_EDGE ( 'NONE', *, *, #5026, .T. ) ;
#3037 = VERTEX_POINT ( 'NONE', #4481 ) ;
#3038 = DIRECTION ( 'NONE',  ( 0.0000000000000000000, 0.0000000000000000000, 1.000000000000000000 ) ) ;
#3039 = SURFACE_STYLE_FILL_AREA ( #8182 ) ;
#3040 = CARTESIAN_POINT ( 'NONE',  ( -3.274999999999999500, 0.5000000000000000000, -1.849999999999999900 ) ) ;
#3041 = DIRECTION ( 'NONE',  ( 0.0000000000000000000, 3.614007241618353200E-016, -1.000000000000000000 ) ) ;
#3042 = DIRECTION ( 'NONE',  ( 0.0000000000000000000, 0.0000000000000000000, -1.000000000000000000 ) ) ;
#3043 = LINE ( 'NONE', #5632, #508 ) ;
#3044 = VECTOR ( 'NONE', #6226, 1000.000000000000000 ) ;
#3045 = DIRECTION ( 'NONE',  ( -0.0000000000000000000, 0.0000000000000000000, -1.000000000000000000 ) ) ;
#3046 = EDGE_CURVE ( 'NONE', #4718, #6224, #3335, .T. ) ;
#3047 = EDGE_CURVE ( 'NONE', #1293, #4303, #5772, .T. ) ;
#3048 = ORIENTED_EDGE ( 'NONE', *, *, #9801, .T. ) ;
#3049 = VERTEX_POINT ( 'NONE', #9850 ) ;
#3050 = ORIENTED_EDGE ( 'NONE', *, *, #399, .F. ) ;
#3051 = EDGE_CURVE ( 'NONE', #1404, #4313, #1161, .T. ) ;
#3052 = LINE ( 'NONE', #9594, #8996 ) ;
#3053 = LINE ( 'NONE', #5392, #997 ) ;
#3054 = PLANE ( 'NONE',  #5030 ) ;
#3055 = DIRECTION ( 'NONE',  ( -1.000000000000000000, 0.0000000000000000000, 0.0000000000000000000 ) ) ;
#3056 = VERTEX_POINT ( 'NONE', #3656 ) ;
#3057 = EDGE_LOOP ( 'NONE', ( #7474, #7082, #6234, #9886 ) ) ;
#3058 = CARTESIAN_POINT ( 'NONE',  ( -7.575000000000000200, 0.0000000000000000000, 1.850000000000000100 ) ) ;
#3059 = EDGE_CURVE ( 'NONE', #8839, #981, #4683, .T. ) ;
#3060 = CIRCLE ( 'NONE', #8515, 0.1000000000000002600 ) ;
#3061 = LINE ( 'NONE', #9610, #7640 ) ;
#3062 = CARTESIAN_POINT ( 'NONE',  ( 5.594999999999998000, 1.430000000000000200, 2.650000000000000400 ) ) ;
#3063 = DIRECTION ( 'NONE',  ( 0.0000000000000000000, 0.0000000000000000000, -1.000000000000000000 ) ) ;
#3064 = EDGE_LOOP ( 'NONE', ( #9320, #9579, #3993, #4651 ) ) ;
#3065 = ADVANCED_FACE ( 'NONE', ( #4564 ), #6062, .F. ) ;
#3066 = DIRECTION ( 'NONE',  ( 1.000000000000000000, 0.0000000000000000000, -0.0000000000000000000 ) ) ;
#3067 = AXIS2_PLACEMENT_3D ( 'NONE', #2176, #2246, #6141 ) ;
#3068 = CARTESIAN_POINT ( 'NONE',  ( -4.524999999999999500, 0.7999999999999999300, -1.400000000000000600 ) ) ;
#3069 = ORIENTED_EDGE ( 'NONE', *, *, #6306, .F. ) ;
#3070 = ORIENTED_EDGE ( 'NONE', *, *, #261, .T. ) ;
#3071 = AXIS2_PLACEMENT_3D ( 'NONE', #4184, #9606, #5780 ) ;
#3072 = CARTESIAN_POINT ( 'NONE',  ( -2.974999999999999200, 0.6000000000000007500, -2.550000000000000300 ) ) ;
#3073 = CIRCLE ( 'NONE', #961, 0.1000000000000000500 ) ;
#3074 = VERTEX_POINT ( 'NONE', #2937 ) ;
#3075 = ORIENTED_EDGE ( 'NONE', *, *, #4856, .F. ) ;
#3076 = EDGE_CURVE ( 'NONE', #2721, #879, #8031, .T. ) ;
#3077 = PLANE ( 'NONE',  #2689 ) ;
#3078 = CARTESIAN_POINT ( 'NONE',  ( -0.4749999999999997600, 2.140000000000000100, -1.400000000000000600 ) ) ;
#3079 = EDGE_CURVE ( 'NONE', #2409, #9009, #5294, .T. ) ;
#3080 = VERTEX_POINT ( 'NONE', #9211 ) ;
#3081 = EDGE_LOOP ( 'NONE', ( #5008, #5306, #9326, #8968 ) ) ;
#3082 = DIRECTION ( 'NONE',  ( 1.000000000000000000, 0.0000000000000000000, 0.0000000000000000000 ) ) ;
#3083 = DIRECTION ( 'NONE',  ( 0.0000000000000000000, 1.000000000000000000, 5.421010862427532000E-016 ) ) ;
#3084 =( GEOMETRIC_REPRESENTATION_CONTEXT ( 3 ) GLOBAL_UNCERTAINTY_ASSIGNED_CONTEXT ( ( #7254 ) ) GLOBAL_UNIT_ASSIGNED_CONTEXT ( ( #7313, #3467, #4332 ) ) REPRESENTATION_CONTEXT ( 'NONE', 'WORKASPACE' ) );
#3085 = LINE ( 'NONE', #5712, #1029 ) ;
#3086 = EDGE_LOOP ( 'NONE', ( #2582, #8629, #3998, #7139 ) ) ;
#3087 = FACE_OUTER_BOUND ( 'NONE', #3437, .T. ) ;
#3088 = ORIENTED_EDGE ( 'NONE', *, *, #2412, .F. ) ;
#3089 = CARTESIAN_POINT ( 'NONE',  ( 3.275000000000000400, 0.5000000000000000000, -1.849999999999999900 ) ) ;
#3090 = LINE ( 'NONE', #6084, #1535 ) ;
#3091 = ORIENTED_EDGE ( 'NONE', *, *, #7876, .T. ) ;
#3092 = PRODUCT ( '10114830-10108LF', '10114830-10108LF', '', ( #345 ) ) ;
#3093 = ADVANCED_FACE ( 'NONE', ( #6360 ), #6098, .F. ) ;
#3094 = CIRCLE ( 'NONE', #8126, 0.1499999999999999700 ) ;
#3095 = VERTEX_POINT ( 'NONE', #4580 ) ;
#3096 = CARTESIAN_POINT ( 'NONE',  ( -4.224999999999999600, 1.500000000000000000, -1.600000000000000800 ) ) ;
#3097 = AXIS2_PLACEMENT_3D ( 'NONE', #9243, #6027, #6849 ) ;
#3098 = DIRECTION ( 'NONE',  ( -0.0000000000000000000, 0.0000000000000000000, 1.000000000000000000 ) ) ;
#3099 = CARTESIAN_POINT ( 'NONE',  ( -4.224999999999999600, 0.6000000000000007500, -2.550000000000000300 ) ) ;
#3100 = LINE ( 'NONE', #4512, #5422 ) ;
#3101 = EDGE_LOOP ( 'NONE', ( #5120, #1264, #9655, #5349 ) ) ;
#3102 = CARTESIAN_POINT ( 'NONE',  ( -3.585000000000000000, 3.469233347080714400, 1.250000000000000700 ) ) ;
#3103 = DIRECTION ( 'NONE',  ( -1.000000000000000000, -0.0000000000000000000, -0.0000000000000000000 ) ) ;
#3104 = CARTESIAN_POINT ( 'NONE',  ( -4.524999999999999500, 1.700000000000000000, 1.249999999999986000 ) ) ;
#3105 = EDGE_CURVE ( 'NONE', #7249, #4907, #9166, .T. ) ;
#3106 = DIRECTION ( 'NONE',  ( -1.000000000000000000, -0.0000000000000000000, -0.0000000000000000000 ) ) ;
#3107 = LINE ( 'NONE', #4186, #8794 ) ;
#3108 = VERTEX_POINT ( 'NONE', #6258 ) ;
#3109 = CARTESIAN_POINT ( 'NONE',  ( -4.524999999999999500, 2.040000000000000000, -1.500000000000000700 ) ) ;
#3110 = STYLED_ITEM ( 'NONE', ( #3393 ), #5930 ) ;
#3111 = CARTESIAN_POINT ( 'NONE',  ( -4.224999999999999600, 0.4000000000000001900, -2.550000000000000300 ) ) ;
#3112 = EDGE_CURVE ( 'NONE', #490, #5206, #2384, .T. ) ;
#3113 = CARTESIAN_POINT ( 'NONE',  ( -5.594999999999998900, 1.429999999999998800, 2.650000000000000400 ) ) ;
#3114 = LINE ( 'NONE', #403, #933 ) ;
#3115 = ADVANCED_FACE ( 'NONE', ( #919 ), #873, .F. ) ;
#3116 = FACE_OUTER_BOUND ( 'NONE', #8684, .T. ) ;
#3117 = VERTEX_POINT ( 'NONE', #3133 ) ;
#3118 = EDGE_CURVE ( 'NONE', #2141, #6776, #9050, .T. ) ;
#3119 = EDGE_CURVE ( 'NONE', #2504, #2322, #8294, .T. ) ;
#3120 = CARTESIAN_POINT ( 'NONE',  ( -5.874999999999999100, 3.399999999999999900, 2.250000000000000400 ) ) ;
#3121 = LINE ( 'NONE', #2004, #7210 ) ;
#3122 = CARTESIAN_POINT ( 'NONE',  ( 5.274999999999998600, 1.430000000000000200, -1.000000000000000700 ) ) ;
#3123 = EDGE_CURVE ( 'NONE', #7070, #7362, #567, .T. ) ;
#3124 = LINE ( 'NONE', #1472, #9669 ) ;
#3125 = ORIENTED_EDGE ( 'NONE', *, *, #4569, .T. ) ;
#3126 = AXIS2_PLACEMENT_3D ( 'NONE', #3734, #8701, #6522 ) ;
#3127 = CARTESIAN_POINT ( 'NONE',  ( 4.225000000000001400, 1.250000000000000000, -2.449999999999999300 ) ) ;
#3128 = VECTOR ( 'NONE', #3454, 1000.000000000000000 ) ;
#3129 = DIRECTION ( 'NONE',  ( 0.0000000000000000000, 0.0000000000000000000, 1.000000000000000000 ) ) ;
#3130 = CARTESIAN_POINT ( 'NONE',  ( -4.224999999999999600, 0.1000000000000000300, -2.649999999999999900 ) ) ;
#3131 = EDGE_CURVE ( 'NONE', #611, #2835, #5535, .T. ) ;
#3132 = VECTOR ( 'NONE', #8556, 1000.000000000000000 ) ;
#3133 = CARTESIAN_POINT ( 'NONE',  ( 3.275000000000000400, 0.9499999999999998400, 1.249999999999986000 ) ) ;
#3134 = ORIENTED_EDGE ( 'NONE', *, *, #3597, .T. ) ;
#3135 = PRESENTATION_LAYER_ASSIGNMENT (  '', '', ( #99 ) ) ;
#3136 = ADVANCED_FACE ( 'NONE', ( #7795 ), #4453, .F. ) ;
#3138 = LINE ( 'NONE', #2994, #4 ) ;
#3137 = DIRECTION ( 'NONE',  ( 1.000000000000000000, -0.0000000000000000000, 1.146293045799652500E-016 ) ) ;
#3139 = VECTOR ( 'NONE', #2249, 1000.000000000000000 ) ;
#3140 = CARTESIAN_POINT ( 'NONE',  ( 4.525000000000001200, 1.399999999999999700, -1.700000000000000800 ) ) ;
#3141 = DIRECTION ( 'NONE',  ( 0.0000000000000000000, -3.614007241618353200E-016, 1.000000000000000000 ) ) ;
#3142 = DIRECTION ( 'NONE',  ( -0.0000000000000000000, 0.0000000000000000000, 1.000000000000000000 ) ) ;
#3143 = EDGE_LOOP ( 'NONE', ( #6446, #6207, #6004, #9474 ) ) ;
#3144 = EDGE_LOOP ( 'NONE', ( #7991, #3177, #5554, #1681, #1372, #373, #2328, #8603, #8671, #9741, #7674, #8668, #9816, #6920 ) ) ;
#3145 = LINE ( 'NONE', #8567, #3638 ) ;
#3146 = LINE ( 'NONE', #7007, #5229 ) ;
#3147 = CARTESIAN_POINT ( 'NONE',  ( 6.224999999999999600, 0.2999999999999989300, -0.3500000000000000300 ) ) ;
#3148 = DIRECTION ( 'NONE',  ( 0.0000000000000000000, 0.0000000000000000000, 1.000000000000000000 ) ) ;
#3149 = ORIENTED_EDGE ( 'NONE', *, *, #5856, .T. ) ;
#3150 = DIRECTION ( 'NONE',  ( -0.9902680687415708100, -0.0000000000000000000, -0.1391731009600621100 ) ) ;
#3151 = AXIS2_PLACEMENT_3D ( 'NONE', #2138, #8273, #2205 ) ;
#3152 = VERTEX_POINT ( 'NONE', #8529 ) ;
#3153 = ORIENTED_EDGE ( 'NONE', *, *, #8044, .T. ) ;
#3154 = FILL_AREA_STYLE ('',( #1554 ) ) ;
#3155 = LINE ( 'NONE', #4270, #7971 ) ;
#3156 = COLOUR_RGB ( '',0.7921568627450980000, 0.8196078431372548800, 0.9333333333333333500 ) ;
#3157 = DIRECTION ( 'NONE',  ( -0.0000000000000000000, 1.000000000000000000, 0.0000000000000000000 ) ) ;
#3158 = VERTEX_POINT ( 'NONE', #738 ) ;
#3159 = ORIENTED_EDGE ( 'NONE', *, *, #8287, .T. ) ;
#3160 = VERTEX_POINT ( 'NONE', #2272 ) ;
#3161 = ADVANCED_FACE ( 'NONE', ( #3953 ), #7650, .F. ) ;
#3162 = AXIS2_PLACEMENT_3D ( 'NONE', #5181, #536, #5988 ) ;
#3163 = LINE ( 'NONE', #4590, #8506 ) ;
#3165 = CARTESIAN_POINT ( 'NONE',  ( -0.7749999999999996900, 0.5000000000000000000, -1.849999999999999900 ) ) ;
#3164 = VECTOR ( 'NONE', #7369, 1000.000000000000000 ) ;
#3166 = CARTESIAN_POINT ( 'NONE',  ( 0.7750000000000004700, 1.250000000000000000, -2.449999999999999300 ) ) ;
#3167 = AXIS2_PLACEMENT_3D ( 'NONE', #6912, #5352, #699 ) ;
#3168 = ORIENTED_EDGE ( 'NONE', *, *, #2529, .F. ) ;
#3169 = ORIENTED_EDGE ( 'NONE', *, *, #2542, .F. ) ;
#3170 = ORIENTED_EDGE ( 'NONE', *, *, #9228, .T. ) ;
#3171 = DIRECTION ( 'NONE',  ( 0.7071067811865452400, 0.7071067811865497900, 0.0000000000000000000 ) ) ;
#3172 = CARTESIAN_POINT ( 'NONE',  ( -2.974999999999999200, 0.4000000000000001900, -2.649999999999999900 ) ) ;
#3173 = CARTESIAN_POINT ( 'NONE',  ( -5.274999999999999500, 2.999999999999999600, 2.400000000000003000 ) ) ;
#3174 = EDGE_CURVE ( 'NONE', #9424, #6897, #6842, .T. ) ;
#3175 = LINE ( 'NONE', #7195, #9133 ) ;
#3176 = EDGE_CURVE ( 'NONE', #8553, #6724, #3449, .T. ) ;
#3177 = ORIENTED_EDGE ( 'NONE', *, *, #7379, .T. ) ;
#3178 = ORIENTED_EDGE ( 'NONE', *, *, #5293, .F. ) ;
#3179 = EDGE_CURVE ( 'NONE', #9169, #3201, #4921, .T. ) ;
#3180 = PLANE ( 'NONE',  #4706 ) ;
#3181 = AXIS2_PLACEMENT_3D ( 'NONE', #3853, #3744, #6848 ) ;
#3182 = DIRECTION ( 'NONE',  ( -1.000000000000000000, -0.0000000000000000000, -0.0000000000000000000 ) ) ;
#3183 = FACE_OUTER_BOUND ( 'NONE', #3940, .T. ) ;
#3184 = FACE_OUTER_BOUND ( 'NONE', #9505, .T. ) ;
#3185 = LINE ( 'NONE', #48, #166 ) ;
#3186 = ADVANCED_FACE ( 'NONE', ( #9646 ), #4638, .F. ) ;
#3187 = EDGE_LOOP ( 'NONE', ( #7678, #2331, #1030, #2950 ) ) ;
#3188 = DIRECTION ( 'NONE',  ( -1.000000000000000000, -0.0000000000000000000, -0.0000000000000000000 ) ) ;
#3189 = ORIENTED_EDGE ( 'NONE', *, *, #2354, .F. ) ;
#3190 = ORIENTED_EDGE ( 'NONE', *, *, #8505, .F. ) ;
#3191 = EDGE_CURVE ( 'NONE', #8846, #9982, #7069, .T. ) ;
#3192 = DIRECTION ( 'NONE',  ( 1.000000000000000000, 0.0000000000000000000, 0.0000000000000000000 ) ) ;
#3193 =( NAMED_UNIT ( * ) SI_UNIT ( $, .STERADIAN. ) SOLID_ANGLE_UNIT ( ) );
#3194 = LINE ( 'NONE', #8097, #9152 ) ;
#3195 = CARTESIAN_POINT ( 'NONE',  ( -6.224999999999998800, 0.2999999999999989900, -0.3500000000000000300 ) ) ;
#3196 = AXIS2_PLACEMENT_3D ( 'NONE', #2197, #9947, #670 ) ;
#3197 = ORIENTED_EDGE ( 'NONE', *, *, #8945, .T. ) ;
#3198 = CARTESIAN_POINT ( 'NONE',  ( 2.025000000000000800, 1.700000000000000000, 1.249999999999986000 ) ) ;
#3199 = AXIS2_PLACEMENT_3D ( 'NONE', #9342, #7084, #7789 ) ;
#3200 = CARTESIAN_POINT ( 'NONE',  ( -1.724999999999999600, 0.7999999999999999300, -1.400000000000000600 ) ) ;
#3201 = VERTEX_POINT ( 'NONE', #2993 ) ;
#3202 = ORIENTED_EDGE ( 'NONE', *, *, #1106, .F. ) ;
#3203 = ORIENTED_EDGE ( 'NONE', *, *, #5037, .T. ) ;
#3204 = CARTESIAN_POINT ( 'NONE',  ( 0.4750000000000005900, 0.9499999999999998400, -1.000000000000000700 ) ) ;
#3205 = LINE ( 'NONE', #6613, #1407 ) ;
#3206 = CARTESIAN_POINT ( 'NONE',  ( -6.274999999999998600, 0.2499999999999996700, 1.850000000000000100 ) ) ;
#3207 = EDGE_CURVE ( 'NONE', #4887, #3080, #8905, .T. ) ;
#3208 = VERTEX_POINT ( 'NONE', #2337 ) ;
#3209 = LINE ( 'NONE', #3591, #5768 ) ;
#3210 = AXIS2_PLACEMENT_3D ( 'NONE', #5380, #2289, #2674 ) ;
#3211 = VECTOR ( 'NONE', #811, 1000.000000000000000 ) ;
#3212 = VERTEX_POINT ( 'NONE', #6382 ) ;
#3213 = ADVANCED_FACE ( 'NONE', ( #433 ), #8748, .F. ) ;
#3214 = VECTOR ( 'NONE', #7035, 1000.000000000000000 ) ;
#3215 = ORIENTED_EDGE ( 'NONE', *, *, #1766, .T. ) ;
#3216 = PLANE ( 'NONE',  #876 ) ;
#3217 = ORIENTED_EDGE ( 'NONE', *, *, #720, .F. ) ;
#3218 = DIRECTION ( 'NONE',  ( -1.000000000000000000, -0.0000000000000000000, -0.0000000000000000000 ) ) ;
#3219 = VECTOR ( 'NONE', #9721, 1000.000000000000000 ) ;
#3220 = ORIENTED_EDGE ( 'NONE', *, *, #3112, .T. ) ;
#3221 = CARTESIAN_POINT ( 'NONE',  ( 2.975000000000000100, 1.700000000000000000, -1.000000000000000700 ) ) ;
#3222 = AXIS2_PLACEMENT_3D ( 'NONE', #7970, #8781, #1846 ) ;
#3223 = CARTESIAN_POINT ( 'NONE',  ( -4.224999999999999600, 1.250000000000000000, -2.299999999999999800 ) ) ;
#3224 = DIRECTION ( 'NONE',  ( -0.0000000000000000000, -0.0000000000000000000, -1.000000000000000000 ) ) ;
#3225 = CYLINDRICAL_SURFACE ( 'NONE', #4955, 0.1000000000000000500 ) ;
#3226 = DIRECTION ( 'NONE',  ( 0.0000000000000000000, 0.0000000000000000000, -1.000000000000000000 ) ) ;
#3227 = CARTESIAN_POINT ( 'NONE',  ( -3.885000000000000200, 0.2999999999999991600, 2.650000000000000800 ) ) ;
#3228 = LINE ( 'NONE', #8914, #7088 ) ;
#3229 = EDGE_LOOP ( 'NONE', ( #9130, #5845, #3451, #1943 ) ) ;
#3230 = EDGE_CURVE ( 'NONE', #3022, #3964, #4791, .T. ) ;
#3231 = ADVANCED_FACE ( 'NONE', ( #2969 ), #5680, .T. ) ;
#3232 = DIRECTION ( 'NONE',  ( 1.000000000000000000, 0.0000000000000000000, 0.0000000000000000000 ) ) ;
#3233 =( NAMED_UNIT ( * ) PLANE_ANGLE_UNIT ( ) SI_UNIT ( $, .RADIAN. ) );
#3234 = LINE ( 'NONE', #9477, #2279 ) ;
#3235 = DIRECTION ( 'NONE',  ( 0.0000000000000000000, 0.0000000000000000000, 1.000000000000000000 ) ) ;
#3236 = CYLINDRICAL_SURFACE ( 'NONE', #8784, 0.1000000000000002600 ) ;
#3237 = ORIENTED_EDGE ( 'NONE', *, *, #6505, .F. ) ;
#3238 = EDGE_CURVE ( 'NONE', #9626, #3074, #677, .T. ) ;
#3239 = LINE ( 'NONE', #1611, #1915 ) ;
#3240 = VECTOR ( 'NONE', #2622, 1000.000000000000000 ) ;
#3241 = VECTOR ( 'NONE', #144, 1000.000000000000000 ) ;
#3242 = EDGE_LOOP ( 'NONE', ( #4631, #8475, #9966, #4295 ) ) ;
#3243 = CARTESIAN_POINT ( 'NONE',  ( -3.274999999999999500, 2.140000000000000100, -1.500000000000000000 ) ) ;
#3244 = EDGE_CURVE ( 'NONE', #9870, #7696, #7308, .T. ) ;
#3245 = CARTESIAN_POINT ( 'NONE',  ( -2.974999999999999200, 0.4000000000000001900, -2.550000000000000300 ) ) ;
#3246 = AXIS2_PLACEMENT_3D ( 'NONE', #9762, #9015, #8975 ) ;
#3247 = AXIS2_PLACEMENT_3D ( 'NONE', #2270, #4699, #7645 ) ;
#3248 = ORIENTED_EDGE ( 'NONE', *, *, #5871, .F. ) ;
#3249 = DIRECTION ( 'NONE',  ( 1.146293045799652500E-016, 0.0000000000000000000, -1.000000000000000000 ) ) ;
#3250 = EDGE_LOOP ( 'NONE', ( #4734, #9254, #2107, #951 ) ) ;
#3251 = ORIENTED_EDGE ( 'NONE', *, *, #852, .T. ) ;
#3252 = DIRECTION ( 'NONE',  ( 0.0000000000000000000, 0.0000000000000000000, -1.000000000000000000 ) ) ;
#3253 = ADVANCED_FACE ( 'NONE', ( #2735 ), #6594, .T. ) ;
#3254 = DIRECTION ( 'NONE',  ( -1.000000000000000000, -0.0000000000000000000, -0.0000000000000000000 ) ) ;
#3255 = VECTOR ( 'NONE', #9929, 1000.000000000000000 ) ;
#3256 = EDGE_CURVE ( 'NONE', #7499, #3445, #9288, .T. ) ;
#3257 = CARTESIAN_POINT ( 'NONE',  ( -3.274999999999999500, 1.399999999999999700, -2.299999999999999800 ) ) ;
#3258 = ORIENTED_EDGE ( 'NONE', *, *, #4369, .T. ) ;
#3259 = EDGE_LOOP ( 'NONE', ( #5927, #502, #8998, #3705 ) ) ;
#3260 = VERTEX_POINT ( 'NONE', #7875 ) ;
#3261 = DIRECTION ( 'NONE',  ( -1.000000000000000000, -0.0000000000000000000, -0.0000000000000000000 ) ) ;
#3262 = CARTESIAN_POINT ( 'NONE',  ( -3.274999999999999500, 1.700000000000000000, -1.000000000000000700 ) ) ;
#3263 = SURFACE_SIDE_STYLE ('',( #9143 ) ) ;
#3264 = CARTESIAN_POINT ( 'NONE',  ( -1.724999999999999600, 0.5000000000000000000, -1.849999999999999900 ) ) ;
#3265 = CIRCLE ( 'NONE', #6441, 0.1000000000000000500 ) ;
#3266 = FACE_OUTER_BOUND ( 'NONE', #2254, .T. ) ;
#3267 = VERTEX_POINT ( 'NONE', #6409 ) ;
#3268 = ORIENTED_EDGE ( 'NONE', *, *, #1639, .T. ) ;
#3269 = EDGE_LOOP ( 'NONE', ( #4589, #7624, #5700, #7823 ) ) ;
#3270 = ORIENTED_EDGE ( 'NONE', *, *, #1475, .T. ) ;
#3271 = FACE_OUTER_BOUND ( 'NONE', #790, .T. ) ;
#3272 = LINE ( 'NONE', #1225, #6906 ) ;
#3273 = VECTOR ( 'NONE', #8528, 1000.000000000000000 ) ;
#3274 = STYLED_ITEM ( 'NONE', ( #1163 ), #3693 ) ;
#3275 = VERTEX_POINT ( 'NONE', #7167 ) ;
#3276 = ORIENTED_EDGE ( 'NONE', *, *, #1523, .F. ) ;
#3277 = ADVANCED_FACE ( 'NONE', ( #5177 ), #7937, .F. ) ;
#3278 = CARTESIAN_POINT ( 'NONE',  ( -1.724999999999999600, 2.039999999999999100, -1.600000000000000800 ) ) ;
#3279 = ORIENTED_EDGE ( 'NONE', *, *, #8092, .T. ) ;
#3280 = ORIENTED_EDGE ( 'NONE', *, *, #7756, .T. ) ;
#3281 = CARTESIAN_POINT ( 'NONE',  ( 4.525000000000001200, 0.5000000000000000000, -1.849999999999999900 ) ) ;
#3282 = FACE_OUTER_BOUND ( 'NONE', #8764, .T. ) ;
#3283 = LINE ( 'NONE', #9296, #7629 ) ;
#3284 = CARTESIAN_POINT ( 'NONE',  ( 5.594999999999998000, 2.180000000000000200, 2.650000000000000400 ) ) ;
#3285 = DIRECTION ( 'NONE',  ( -1.000000000000000000, 0.0000000000000000000, -0.0000000000000000000 ) ) ;
#3286 = VERTEX_POINT ( 'NONE', #4053 ) ;
#3287 = CARTESIAN_POINT ( 'NONE',  ( -5.594999999999998900, 1.429999999999998800, -1.000000000000000700 ) ) ;
#3288 = CARTESIAN_POINT ( 'NONE',  ( 2.975000000000000100, 2.140000000000000100, -1.400000000000000600 ) ) ;
#3289 = ORIENTED_EDGE ( 'NONE', *, *, #969, .T. ) ;
#3290 = CARTESIAN_POINT ( 'NONE',  ( -2.974999999999999200, 0.5000000000000000000, -1.849999999999999900 ) ) ;
#3291 = ORIENTED_EDGE ( 'NONE', *, *, #6047, .F. ) ;
#3292 = CARTESIAN_POINT ( 'NONE',  ( 6.874999999999995600, 0.2999999999999990500, -0.5499999999999997100 ) ) ;
#3293 = EDGE_CURVE ( 'NONE', #1615, #2775, #8557, .T. ) ;
#3294 = LINE ( 'NONE', #1529, #8127 ) ;
#3295 = FACE_OUTER_BOUND ( 'NONE', #7250, .T. ) ;
#3296 = VERTEX_POINT ( 'NONE', #1749 ) ;
#3297 = DIRECTION ( 'NONE',  ( 0.0000000000000000000, 0.0000000000000000000, -1.000000000000000000 ) ) ;
#3298 = CARTESIAN_POINT ( 'NONE',  ( -1.724999999999999600, 0.1000000000000000300, -2.550000000000000300 ) ) ;
#3299 = DIRECTION ( 'NONE',  ( -1.000000000000000000, -1.162683294890621800E-016, 0.0000000000000000000 ) ) ;
#3300 = ORIENTED_EDGE ( 'NONE', *, *, #10, .T. ) ;
#3301 = VERTEX_POINT ( 'NONE', #3257 ) ;
#3302 = EDGE_CURVE ( 'NONE', #3743, #2554, #2139, .T. ) ;
#3303 = EDGE_CURVE ( 'NONE', #7402, #5731, #1883, .T. ) ;
#3305 = CARTESIAN_POINT ( 'NONE',  ( 0.4750000000000005900, 0.6000000000000007500, -2.550000000000000300 ) ) ;
#3304 = VECTOR ( 'NONE', #4785, 1000.000000000000000 ) ;
#3306 = ADVANCED_FACE ( 'NONE', ( #3323 ), #2636, .F. ) ;
#3307 = VERTEX_POINT ( 'NONE', #258 ) ;
#3308 = VERTEX_POINT ( 'NONE', #4080 ) ;
#3309 = EDGE_CURVE ( 'NONE', #9456, #7043, #6134, .T. ) ;
#3310 = DIRECTION ( 'NONE',  ( 1.000000000000000000, 0.0000000000000000000, 0.0000000000000000000 ) ) ;
#3311 = ORIENTED_EDGE ( 'NONE', *, *, #5026, .F. ) ;
#3312 = ORIENTED_EDGE ( 'NONE', *, *, #9179, .F. ) ;
#3313 = AXIS2_PLACEMENT_3D ( 'NONE', #5473, #1607, #3842 ) ;
#3314 = DIRECTION ( 'NONE',  ( 0.9902680687415708100, 0.0000000000000000000, -0.1391731009600621100 ) ) ;
#3315 = DIRECTION ( 'NONE',  ( -0.0000000000000000000, 1.000000000000000000, 6.672013369141573100E-016 ) ) ;
#3316 = DIRECTION ( 'NONE',  ( 0.0000000000000000000, 1.000000000000000000, 0.0000000000000000000 ) ) ;
#3317 = FACE_OUTER_BOUND ( 'NONE', #5512, .T. ) ;
#3318 = ORIENTED_EDGE ( 'NONE', *, *, #9442, .T. ) ;
#3319 = EDGE_CURVE ( 'NONE', #5314, #2235, #68, .T. ) ;
#3320 = DIRECTION ( 'NONE',  ( 0.7071067811865483500, -0.7071067811865466800, -0.0000000000000000000 ) ) ;
#3321 = EDGE_LOOP ( 'NONE', ( #828, #7367, #8020, #4182 ) ) ;
#3322 = PLANE ( 'NONE',  #2304 ) ;
#3323 = FACE_OUTER_BOUND ( 'NONE', #4513, .T. ) ;
#3324 = ORIENTED_EDGE ( 'NONE', *, *, #2609, .F. ) ;
#3325 = CARTESIAN_POINT ( 'NONE',  ( -0.4749999999999997600, 0.1000000000000000300, -2.550000000000000300 ) ) ;
#3326 = CARTESIAN_POINT ( 'NONE',  ( -5.874999999999999100, 0.4999999999999995600, -1.550000000000000500 ) ) ;
#3327 = VECTOR ( 'NONE', #2059, 1000.000000000000000 ) ;
#3328 = ORIENTED_EDGE ( 'NONE', *, *, #7021, .T. ) ;
#3329 = CARTESIAN_POINT ( 'NONE',  ( -5.274999999999999500, 0.5999999999999998700, -12.21954250419119600 ) ) ;
#3330 = AXIS2_PLACEMENT_3D ( 'NONE', #4644, #6140, #7 ) ;
#3331 = ORIENTED_EDGE ( 'NONE', *, *, #2015, .F. ) ;
#3332 = ORIENTED_EDGE ( 'NONE', *, *, #5409, .T. ) ;
#3333 = ADVANCED_FACE ( 'NONE', ( #2257 ), #6534, .F. ) ;
#3334 = DIRECTION ( 'NONE',  ( 0.0000000000000000000, 0.9902680687415708100, -0.1391731009600621100 ) ) ;
#3335 = LINE ( 'NONE', #2968, #1297 ) ;
#3336 = VERTEX_POINT ( 'NONE', #4251 ) ;
#3337 = DIRECTION ( 'NONE',  ( -0.0000000000000000000, -0.0000000000000000000, -1.000000000000000000 ) ) ;
#3338 = DIRECTION ( 'NONE',  ( 0.0000000000000000000, 0.0000000000000000000, 1.000000000000000000 ) ) ;
#3339 = CARTESIAN_POINT ( 'NONE',  ( 5.874999999999999100, 0.4999999999999995600, -1.550000000000000500 ) ) ;
#3340 = VECTOR ( 'NONE', #9452, 1000.000000000000000 ) ;
#3341 = AXIS2_PLACEMENT_3D ( 'NONE', #8128, #4333, #8089 ) ;
#3342 = DIRECTION ( 'NONE',  ( 0.0000000000000000000, 0.0000000000000000000, 1.000000000000000000 ) ) ;
#3343 = VECTOR ( 'NONE', #9175, 1000.000000000000000 ) ;
#3344 = VECTOR ( 'NONE', #7786, 1000.000000000000000 ) ;
#3345 = ORIENTED_EDGE ( 'NONE', *, *, #538, .F. ) ;
#3346 = DIRECTION ( 'NONE',  ( 0.0000000000000000000, 1.000000000000000000, 0.0000000000000000000 ) ) ;
#3347 = CARTESIAN_POINT ( 'NONE',  ( 1.725000000000000800, 1.700000000000000000, 1.249999999999986000 ) ) ;
#3348 = DIRECTION ( 'NONE',  ( -1.000000000000000000, 0.0000000000000000000, 0.0000000000000000000 ) ) ;
#3349 = CIRCLE ( 'NONE', #1274, 0.1000000000000000500 ) ;
#3350 = LINE ( 'NONE', #4700, #3606 ) ;
#3351 = VERTEX_POINT ( 'NONE', #7201 ) ;
#3352 = PRESENTATION_LAYER_ASSIGNMENT (  '', '', ( #9791 ) ) ;
#3353 = DIRECTION ( 'NONE',  ( 0.0000000000000000000, 0.0000000000000000000, 1.000000000000000000 ) ) ;
#3354 = AXIS2_PLACEMENT_3D ( 'NONE', #4350, #2779, #8181 ) ;
#3355 = ADVANCED_FACE ( 'NONE', ( #307 ), #5164, .F. ) ;
#3356 = DIRECTION ( 'NONE',  ( -1.000000000000000000, 0.0000000000000000000, -0.0000000000000000000 ) ) ;
#3357 = CARTESIAN_POINT ( 'NONE',  ( -1.724999999999999600, 1.399999999999999900, -2.299999999999999800 ) ) ;
#3358 = VECTOR ( 'NONE', #7387, 1000.000000000000000 ) ;
#3359 = CARTESIAN_POINT ( 'NONE',  ( -0.4749999999999997600, 1.700000000000000000, 1.249999999999986000 ) ) ;
#3360 = PRESENTATION_STYLE_ASSIGNMENT (( #5797 ) ) ;
#3361 = VERTEX_POINT ( 'NONE', #2597 ) ;
#3362 = EDGE_CURVE ( 'NONE', #9523, #1493, #9774, .T. ) ;
#3363 = EDGE_CURVE ( 'NONE', #3212, #990, #6468, .T. ) ;
#3365 = CARTESIAN_POINT ( 'NONE',  ( 4.525000000000001200, 1.500000000000000000, -1.600000000000000800 ) ) ;
#3364 = LINE ( 'NONE', #1033, #5812 ) ;
#3366 = CARTESIAN_POINT ( 'NONE',  ( -1.724999999999999600, 0.4000000000000001900, -2.550000000000000300 ) ) ;
#3367 = DIRECTION ( 'NONE',  ( -1.000000000000000000, -0.0000000000000000000, -0.0000000000000000000 ) ) ;
#3368 = EDGE_LOOP ( 'NONE', ( #6538, #4225, #8125, #6321 ) ) ;
#3369 = EDGE_CURVE ( 'NONE', #6112, #9024, #8548, .T. ) ;
#3370 = ORIENTED_EDGE ( 'NONE', *, *, #4562, .F. ) ;
#3371 = AXIS2_PLACEMENT_3D ( 'NONE', #5334, #687, #3045 ) ;
#3372 = DIRECTION ( 'NONE',  ( 0.0000000000000000000, 0.0000000000000000000, -1.000000000000000000 ) ) ;
#3373 = FACE_OUTER_BOUND ( 'NONE', #4880, .T. ) ;
#3374 = FACE_OUTER_BOUND ( 'NONE', #7946, .T. ) ;
#3375 = EDGE_CURVE ( 'NONE', #2864, #4623, #4441, .T. ) ;
#3376 = ORIENTED_EDGE ( 'NONE', *, *, #8965, .F. ) ;
#3377 = DIRECTION ( 'NONE',  ( 0.0000000000000000000, 0.0000000000000000000, -1.000000000000000000 ) ) ;
#3378 = DIRECTION ( 'NONE',  ( -0.0000000000000000000, 1.000000000000000000, 0.0000000000000000000 ) ) ;
#3379 = ORIENTED_EDGE ( 'NONE', *, *, #7305, .T. ) ;
#3380 = ADVANCED_FACE ( 'NONE', ( #4311 ), #9576, .F. ) ;
#3381 = EDGE_CURVE ( 'NONE', #4544, #3117, #6955, .T. ) ;
#3382 = LINE ( 'NONE', #7393, #3887 ) ;
#3383 = AXIS2_PLACEMENT_3D ( 'NONE', #5410, #824, #7729 ) ;
#3384 = PLANE ( 'NONE',  #7110 ) ;
#3385 = ORIENTED_EDGE ( 'NONE', *, *, #6837, .F. ) ;
#3386 = CARTESIAN_POINT ( 'NONE',  ( -1.724999999999999600, 2.140000000000000100, -1.500000000000000000 ) ) ;
#3387 = ORIENTED_EDGE ( 'NONE', *, *, #8888, .T. ) ;
#3388 = VERTEX_POINT ( 'NONE', #3359 ) ;
#3389 = PLANE ( 'NONE',  #3071 ) ;
#3390 = DIRECTION ( 'NONE',  ( 0.0000000000000000000, 0.0000000000000000000, 1.000000000000000000 ) ) ;
#3391 = CARTESIAN_POINT ( 'NONE',  ( -1.724999999999999600, 0.9499999999999998400, 1.249999999999986000 ) ) ;
#3392 = EDGE_CURVE ( 'NONE', #6291, #4658, #3574, .T. ) ;
#3393 = PRESENTATION_STYLE_ASSIGNMENT (( #3645 ) ) ;
#3394 = DIRECTION ( 'NONE',  ( -1.000000000000000000, -5.421010862427532000E-016, 0.0000000000000000000 ) ) ;
#3395 = ORIENTED_EDGE ( 'NONE', *, *, #9681, .F. ) ;
#3396 = FACE_OUTER_BOUND ( 'NONE', #2373, .T. ) ;
#3397 = ORIENTED_EDGE ( 'NONE', *, *, #7443, .F. ) ;
#3398 = SURFACE_STYLE_USAGE ( .BOTH. , #1141 ) ;
#3399 = AXIS2_PLACEMENT_3D ( 'NONE', #9537, #2632, #6471 ) ;
#3400 = ORIENTED_EDGE ( 'NONE', *, *, #1106, .T. ) ;
#3401 = ORIENTED_EDGE ( 'NONE', *, *, #21, .F. ) ;
#3402 = CARTESIAN_POINT ( 'NONE',  ( 2.025000000000000800, 1.399999999999999700, -1.700000000000000800 ) ) ;
#3403 = DIRECTION ( 'NONE',  ( 0.9902680687415708100, 0.0000000000000000000, -0.1391731009600621100 ) ) ;
#3404 = COLOUR_RGB ( '',0.7921568627450980000, 0.8196078431372548800, 0.9333333333333333500 ) ;
#3405 = LINE ( 'NONE', #9449, #1250 ) ;
#3406 = CIRCLE ( 'NONE', #9217, 0.1499999999999999700 ) ;
#3407 = ORIENTED_EDGE ( 'NONE', *, *, #3059, .F. ) ;
#3408 = DIRECTION ( 'NONE',  ( -1.000000000000000000, 0.0000000000000000000, 0.0000000000000000000 ) ) ;
#3409 = ADVANCED_FACE ( 'NONE', ( #2611 ), #9040, .T. ) ;
#3410 = ORIENTED_EDGE ( 'NONE', *, *, #7692, .T. ) ;
#3411 = ORIENTED_EDGE ( 'NONE', *, *, #7366, .T. ) ;
#3412 = AXIS2_PLACEMENT_3D ( 'NONE', #10038, #1263, #1099 ) ;
#3413 = CARTESIAN_POINT ( 'NONE',  ( -0.5593245008214345900, 1.034324500821434800, 1.850000000000000500 ) ) ;
#3414 = VECTOR ( 'NONE', #8743, 1000.000000000000000 ) ;
#3415 = LINE ( 'NONE', #9578, #3674 ) ;
#3416 = VERTEX_POINT ( 'NONE', #2857 ) ;
#3417 = VERTEX_POINT ( 'NONE', #8994 ) ;
#3418 = DIRECTION ( 'NONE',  ( -0.1378445374916254000, -0.1378445374916254000, 0.9808148484639900300 ) ) ;
#3419 =( NAMED_UNIT ( * ) SI_UNIT ( $, .STERADIAN. ) SOLID_ANGLE_UNIT ( ) );
#3420 = LINE ( 'NONE', #2890, #2467 ) ;
#3421 = LINE ( 'NONE', #6353, #6568 ) ;
#3422 = EDGE_CURVE ( 'NONE', #3351, #3743, #7435, .T. ) ;
#3423 = CARTESIAN_POINT ( 'NONE',  ( 5.204999999999999200, 0.0000000000000000000, -1.550000000000000300 ) ) ;
#3424 = ORIENTED_EDGE ( 'NONE', *, *, #2230, .F. ) ;
#3425 = ADVANCED_BREP_SHAPE_REPRESENTATION ( '', ( #5930, #5197, #1284, #5507, #958, #835, #2024, #6786, #215, #8463, #5627, #2334, #1592, #9530, #3693, #9099, #3824, #7086, #5751, #7294 ), #8877 ) ;
#3426 = ORIENTED_EDGE ( 'NONE', *, *, #8579, .T. ) ;
#3427 = ORIENTED_EDGE ( 'NONE', *, *, #4671, .F. ) ;
#3428 = CARTESIAN_POINT ( 'NONE',  ( -3.274999999999999500, 0.5000000000000000000, -2.550000000000000300 ) ) ;
#3429 = EDGE_CURVE ( 'NONE', #2077, #1230, #185, .T. ) ;
#3430 = CARTESIAN_POINT ( 'NONE',  ( -0.7749999999999996900, 1.700000000000000000, 1.249999999999986000 ) ) ;
#3431 = ADVANCED_FACE ( 'NONE', ( #2007 ), #5105, .F. ) ;
#3432 = CARTESIAN_POINT ( 'NONE',  ( 0.7750000000000004700, 0.5000000000000000000, -1.849999999999999900 ) ) ;
#3433 = LINE ( 'NONE', #9657, #5394 ) ;
#3434 = CARTESIAN_POINT ( 'NONE',  ( 1.725000000000000800, 0.0000000000000000000, -1.950000000000000800 ) ) ;
#3435 = DIRECTION ( 'NONE',  ( -1.000000000000000000, -0.0000000000000000000, -0.0000000000000000000 ) ) ;
#3436 = ORIENTED_EDGE ( 'NONE', *, *, #3012, .T. ) ;
#3437 = EDGE_LOOP ( 'NONE', ( #7434, #7714, #5182, #1765 ) ) ;
#3438 = ORIENTED_EDGE ( 'NONE', *, *, #3207, .F. ) ;
#3439 = EDGE_CURVE ( 'NONE', #1482, #3518, #10005, .T. ) ;
#3440 = CARTESIAN_POINT ( 'NONE',  ( -3.585000000000000000, 0.2999999999999991600, 1.250000000000000700 ) ) ;
#3441 = ORIENTED_EDGE ( 'NONE', *, *, #3105, .F. ) ;
#3442 = VECTOR ( 'NONE', #5147, 1000.000000000000000 ) ;
#3443 = STYLED_ITEM ( 'NONE', ( #711 ), #215 ) ;
#3444 = CARTESIAN_POINT ( 'NONE',  ( 2.975000000000000100, 0.9499999999999998400, 3.457774721070176100 ) ) ;
#3445 = VERTEX_POINT ( 'NONE', #2056 ) ;
#3446 = VECTOR ( 'NONE', #9126, 1000.000000000000000 ) ;
#3447 = DIRECTION ( 'NONE',  ( -1.000000000000000000, -0.0000000000000000000, -0.0000000000000000000 ) ) ;
#3448 = DIRECTION ( 'NONE',  ( 0.0000000000000000000, -1.000000000000000000, 0.0000000000000000000 ) ) ;
#3449 = CIRCLE ( 'NONE', #758, 0.2999999999999997100 ) ;
#3450 = ORIENTED_EDGE ( 'NONE', *, *, #8438, .F. ) ;
#3451 = ORIENTED_EDGE ( 'NONE', *, *, #3230, .F. ) ;
#3452 = EDGE_CURVE ( 'NONE', #5091, #9832, #1762, .T. ) ;
#3453 = VERTEX_POINT ( 'NONE', #1983 ) ;
#3454 = DIRECTION ( 'NONE',  ( -0.0000000000000000000, -1.000000000000000000, -0.0000000000000000000 ) ) ;
#3455 = PLANE ( 'NONE',  #5296 ) ;
#3456 = ADVANCED_FACE ( 'NONE', ( #7903 ), #6709, .T. ) ;
#3457 = ADVANCED_FACE ( 'NONE', ( #558 ), #2756, .F. ) ;
#3458 = CARTESIAN_POINT ( 'NONE',  ( -0.4749999999999997600, 0.7999999999999999300, -1.400000000000000600 ) ) ;
#3459 = FACE_OUTER_BOUND ( 'NONE', #9834, .T. ) ;
#3460 = EDGE_LOOP ( 'NONE', ( #3395, #716, #561, #9031 ) ) ;
#3461 = LINE ( 'NONE', #5149, #5194 ) ;
#3462 = CARTESIAN_POINT ( 'NONE',  ( -4.224999999999999600, 0.0000000000000000000, -2.549999999999999400 ) ) ;
#3463 = CARTESIAN_POINT ( 'NONE',  ( -1.940675499178564600, 1.615675499178565100, 1.850000000000000500 ) ) ;
#3464 = LINE ( 'NONE', #6667, #7687 ) ;
#3465 = ORIENTED_EDGE ( 'NONE', *, *, #4742, .T. ) ;
#3466 = PRODUCT_DEFINITION_FORMATION_WITH_SPECIFIED_SOURCE ( 'ANY', '', #3092, .NOT_KNOWN. ) ;
#3467 =( NAMED_UNIT ( * ) PLANE_ANGLE_UNIT ( ) SI_UNIT ( $, .RADIAN. ) );
#3468 = AXIS2_PLACEMENT_3D ( 'NONE', #2226, #8401, #5413 ) ;
#3469 = CARTESIAN_POINT ( 'NONE',  ( -1.724999999999999600, 1.500000000000000000, -1.700000000000000800 ) ) ;
#3470 = LINE ( 'NONE', #3339, #5068 ) ;
#3471 = DIRECTION ( 'NONE',  ( 0.0000000000000000000, 1.000000000000000000, 0.0000000000000000000 ) ) ;
#3472 = VECTOR ( 'NONE', #9996, 1000.000000000000000 ) ;
#3473 = VERTEX_POINT ( 'NONE', #570 ) ;
#3474 = CARTESIAN_POINT ( 'NONE',  ( -4.224999999999999600, 1.399999999999999900, -2.299999999999999800 ) ) ;
#3475 = CARTESIAN_POINT ( 'NONE',  ( 5.674999999999999800, -4.336808689942017700E-016, -0.5999999999999985300 ) ) ;
#3476 = CARTESIAN_POINT ( 'NONE',  ( -1.724999999999999600, 2.140000000000000100, -1.400000000000000600 ) ) ;
#3477 = DIRECTION ( 'NONE',  ( 0.0000000000000000000, 0.0000000000000000000, -1.000000000000000000 ) ) ;
#3478 = ADVANCED_FACE ( 'NONE', ( #2022 ), #6671, .F. ) ;
#3479 = VECTOR ( 'NONE', #9988, 1000.000000000000000 ) ;
#3480 = CARTESIAN_POINT ( 'NONE',  ( -0.7749999999999996900, 0.0000000000000000000, -2.549999999999999400 ) ) ;
#3481 = FACE_OUTER_BOUND ( 'NONE', #8916, .T. ) ;
#3482 = CARTESIAN_POINT ( 'NONE',  ( -4.524999999999999500, 1.500000000000000000, -1.700000000000000800 ) ) ;
#3483 = AXIS2_PLACEMENT_3D ( 'NONE', #2827, #9100, #4357 ) ;
#3484 = VECTOR ( 'NONE', #3448, 1000.000000000000000 ) ;
#3485 = ORIENTED_EDGE ( 'NONE', *, *, #6672, .F. ) ;
#3486 = VECTOR ( 'NONE', #5162, 1000.000000000000000 ) ;
#3487 = DIRECTION ( 'NONE',  ( 1.000000000000000000, 0.0000000000000000000, 0.0000000000000000000 ) ) ;
#3488 = AXIS2_PLACEMENT_3D ( 'NONE', #3585, #2770, #9010 ) ;
#3489 = DIRECTION ( 'NONE',  ( 0.0000000000000000000, 0.0000000000000000000, -1.000000000000000000 ) ) ;
#3490 = DIRECTION ( 'NONE',  ( 0.0000000000000000000, 1.000000000000000000, 4.015563601798170200E-016 ) ) ;
#3491 = VECTOR ( 'NONE', #4119, 1000.000000000000000 ) ;
#3492 = DIRECTION ( 'NONE',  ( 0.0000000000000000000, -1.000000000000000000, 0.0000000000000000000 ) ) ;
#3493 = EDGE_LOOP ( 'NONE', ( #6302, #1569, #9471, #2850 ) ) ;
#3494 = VERTEX_POINT ( 'NONE', #459 ) ;
#3495 = EDGE_CURVE ( 'NONE', #8645, #9094, #9280, .T. ) ;
#3496 = CARTESIAN_POINT ( 'NONE',  ( -3.274999999999999500, 0.9499999999999998400, 3.457774721070176100 ) ) ;
#3497 = PLANE ( 'NONE',  #9958 ) ;
#3498 = DIRECTION ( 'NONE',  ( -1.000000000000000000, -0.0000000000000000000, -0.0000000000000000000 ) ) ;
#3499 = COLOUR_RGB ( '',0.7921568627450980000, 0.8196078431372548800, 0.9333333333333333500 ) ;
#3500 = SURFACE_STYLE_FILL_AREA ( #9632 ) ;
#3501 = EDGE_CURVE ( 'NONE', #3930, #8725, #3090, .T. ) ;
#3502 = AXIS2_PLACEMENT_3D ( 'NONE', #4410, #1295, #6511 ) ;
#3503 = ORIENTED_EDGE ( 'NONE', *, *, #5153, .F. ) ;
#3504 = CARTESIAN_POINT ( 'NONE',  ( -1.724999999999999600, 0.5000000000000000000, -1.550000000000000300 ) ) ;
#3505 = EDGE_LOOP ( 'NONE', ( #4866, #6777, #3815, #6973 ) ) ;
#3506 = VERTEX_POINT ( 'NONE', #632 ) ;
#3507 = ADVANCED_FACE ( 'NONE', ( #2375 ), #760, .F. ) ;
#3508 =( LENGTH_UNIT ( ) NAMED_UNIT ( * ) SI_UNIT ( .MILLI., .METRE. ) );
#3509 = FACE_OUTER_BOUND ( 'NONE', #5847, .T. ) ;
#3510 = LINE ( 'NONE', #157, #6195 ) ;
#3511 = DIRECTION ( 'NONE',  ( -0.0000000000000000000, -0.0000000000000000000, -1.000000000000000000 ) ) ;
#3512 = EDGE_CURVE ( 'NONE', #3117, #6852, #5411, .T. ) ;
#3513 = DIRECTION ( 'NONE',  ( 1.000000000000000000, 0.0000000000000000000, 0.0000000000000000000 ) ) ;
#3514 = ORIENTED_EDGE ( 'NONE', *, *, #3732, .T. ) ;
#3515 = DIRECTION ( 'NONE',  ( -0.0000000000000000000, -0.0000000000000000000, -1.000000000000000000 ) ) ;
#3516 = DIRECTION ( 'NONE',  ( -0.0000000000000000000, 1.000000000000000000, 6.672013369141573100E-016 ) ) ;
#3517 = DIRECTION ( 'NONE',  ( 7.228014483236700500E-016, -1.000000000000000000, -0.0000000000000000000 ) ) ;
#3518 = VERTEX_POINT ( 'NONE', #3019 ) ;
#3519 = ORIENTED_EDGE ( 'NONE', *, *, #6239, .T. ) ;
#3520 = ORIENTED_EDGE ( 'NONE', *, *, #2423, .F. ) ;
#3521 = AXIS2_PLACEMENT_3D ( 'NONE', #9399, #124, #1034 ) ;
#3522 =( GEOMETRIC_REPRESENTATION_CONTEXT ( 3 ) GLOBAL_UNCERTAINTY_ASSIGNED_CONTEXT ( ( #1148 ) ) GLOBAL_UNIT_ASSIGNED_CONTEXT ( ( #468, #5888, #8195 ) ) REPRESENTATION_CONTEXT ( 'NONE', 'WORKASPACE' ) );
#3523 = PLANE ( 'NONE',  #9482 ) ;
#3524 = SURFACE_STYLE_FILL_AREA ( #5090 ) ;
#3525 = LINE ( 'NONE', #4545, #4263 ) ;
#3526 = CARTESIAN_POINT ( 'NONE',  ( -2.974999999999999200, 1.250000000000000000, -2.299999999999999800 ) ) ;
#3527 = DIRECTION ( 'NONE',  ( -2.190419166690523100E-016, -0.7071067811865512400, 0.7071067811865439100 ) ) ;
#3528 = ORIENTED_EDGE ( 'NONE', *, *, #4176, .T. ) ;
#3529 = ORIENTED_EDGE ( 'NONE', *, *, #8315, .T. ) ;
#3530 = CARTESIAN_POINT ( 'NONE',  ( 3.275000000000000400, 0.5000000000000000000, -1.849999999999999900 ) ) ;
#3531 = DIRECTION ( 'NONE',  ( 0.0000000000000000000, 7.228014483236719200E-016, 1.000000000000000000 ) ) ;
#3532 = ORIENTED_EDGE ( 'NONE', *, *, #9297, .F. ) ;
#3533 = VERTEX_POINT ( 'NONE', #2259 ) ;
#3534 = EDGE_CURVE ( 'NONE', #5042, #1036, #1035, .T. ) ;
#3535 = DIRECTION ( 'NONE',  ( 1.000000000000000000, 0.0000000000000000000, 0.0000000000000000000 ) ) ;
#3536 = DIRECTION ( 'NONE',  ( -1.000000000000000000, -0.0000000000000000000, -0.0000000000000000000 ) ) ;
#3537 = VECTOR ( 'NONE', #9462, 1000.000000000000000 ) ;
#3538 = CARTESIAN_POINT ( 'NONE',  ( -2.124999999999999100, 1.615675499178565100, 1.850000000000000500 ) ) ;
#3539 = ADVANCED_FACE ( 'NONE', ( #5427 ), #9900, .F. ) ;
#3540 = DIRECTION ( 'NONE',  ( -1.000000000000000000, -0.0000000000000000000, -0.0000000000000000000 ) ) ;
#3541 = CARTESIAN_POINT ( 'NONE',  ( -5.594999999999998900, 1.429999999999998800, 2.650000000000000400 ) ) ;
#3542 = ORIENTED_EDGE ( 'NONE', *, *, #7949, .F. ) ;
#3543 = VERTEX_POINT ( 'NONE', #9938 ) ;
#3544 = DIRECTION ( 'NONE',  ( 1.000000000000000000, 0.0000000000000000000, 0.0000000000000000000 ) ) ;
#3545 = FACE_OUTER_BOUND ( 'NONE', #822, .T. ) ;
#3546 = CIRCLE ( 'NONE', #3162, 0.09999999999999982500 ) ;
#3547 = ORIENTED_EDGE ( 'NONE', *, *, #7237, .T. ) ;
#3548 = PLANE ( 'NONE',  #5601 ) ;
#3549 = EDGE_CURVE ( 'NONE', #3964, #7784, #5885, .T. ) ;
#3550 = ORIENTED_EDGE ( 'NONE', *, *, #3844, .T. ) ;
#3551 = ORIENTED_EDGE ( 'NONE', *, *, #5175, .F. ) ;
#3552 = DIRECTION ( 'NONE',  ( -1.000000000000000000, -0.0000000000000000000, -0.0000000000000000000 ) ) ;
#3553 = CARTESIAN_POINT ( 'NONE',  ( -1.724999999999999600, 1.700000000000000000, 1.249999999999986000 ) ) ;
#3554 = AXIS2_PLACEMENT_3D ( 'NONE', #4145, #7197, #4898 ) ;
#3555 = CARTESIAN_POINT ( 'NONE',  ( 2.975000000000000100, 0.4000000000000001900, -2.649999999999999900 ) ) ;
#3556 = DIRECTION ( 'NONE',  ( 0.0000000000000000000, 0.0000000000000000000, -1.000000000000000000 ) ) ;
#3557 = LINE ( 'NONE', #9593, #3691 ) ;
#3558 = ORIENTED_EDGE ( 'NONE', *, *, #9611, .F. ) ;
#3559 = DIRECTION ( 'NONE',  ( -1.000000000000000000, 0.0000000000000000000, -0.0000000000000000000 ) ) ;
#3560 = ORIENTED_EDGE ( 'NONE', *, *, #918, .F. ) ;
#3561 = VERTEX_POINT ( 'NONE', #7600 ) ;
#3562 = CARTESIAN_POINT ( 'NONE',  ( 6.274999999999998600, 0.2500000000000000000, 1.850000000000000100 ) ) ;
#3563 =( LENGTH_UNIT ( ) NAMED_UNIT ( * ) SI_UNIT ( .MILLI., .METRE. ) );
#3564 = EDGE_CURVE ( 'NONE', #1887, #959, #8284, .T. ) ;
#3565 = EDGE_CURVE ( 'NONE', #8653, #9246, #5640, .T. ) ;
#3566 = ADVANCED_FACE ( 'NONE', ( #4910 ), #2986, .F. ) ;
#3567 = DIRECTION ( 'NONE',  ( 0.0000000000000000000, 1.000000000000000000, 0.0000000000000000000 ) ) ;
#3568 = LINE ( 'NONE', #6975, #5878 ) ;
#3569 = ORIENTED_EDGE ( 'NONE', *, *, #4282, .T. ) ;
#3570 = FACE_OUTER_BOUND ( 'NONE', #1960, .T. ) ;
#3571 = EDGE_CURVE ( 'NONE', #9710, #9615, #5653, .T. ) ;
#3572 = VERTEX_POINT ( 'NONE', #3811 ) ;
#3573 = AXIS2_PLACEMENT_3D ( 'NONE', #6598, #9021, #5907 ) ;
#3574 = CIRCLE ( 'NONE', #6089, 0.1000000000000000500 ) ;
#3575 = ORIENTED_EDGE ( 'NONE', *, *, #3051, .F. ) ;
#3576 = DIRECTION ( 'NONE',  ( 1.000000000000000000, -6.123233995736757400E-017, -0.0000000000000000000 ) ) ;
#3577 = CARTESIAN_POINT ( 'NONE',  ( -0.7749999999999996900, 1.250000000000000000, -2.449999999999999300 ) ) ;
#3578 = FACE_OUTER_BOUND ( 'NONE', #3064, .T. ) ;
#3579 = VERTEX_POINT ( 'NONE', #6809 ) ;
#3580 = DIRECTION ( 'NONE',  ( 0.0000000000000000000, 0.0000000000000000000, 1.000000000000000000 ) ) ;
#3581 = EDGE_CURVE ( 'NONE', #7739, #2543, #3586, .T. ) ;
#3582 = VECTOR ( 'NONE', #3408, 1000.000000000000000 ) ;
#3583 = ORIENTED_EDGE ( 'NONE', *, *, #1689, .T. ) ;
#3584 = AXIS2_PLACEMENT_3D ( 'NONE', #9155, #6795, #9919 ) ;
#3585 = CARTESIAN_POINT ( 'NONE',  ( 0.0000000000000000000, 0.0000000000000000000, 0.0000000000000000000 ) ) ;
#3586 = LINE ( 'NONE', #6119, #2129 ) ;
#3587 = AXIS2_PLACEMENT_3D ( 'NONE', #5101, #9833, #2017 ) ;
#3588 = CARTESIAN_POINT ( 'NONE',  ( -0.6906754991785647400, 1.615675499178565100, 1.850000000000000500 ) ) ;
#3589 = DIRECTION ( 'NONE',  ( 0.0000000000000000000, -1.000000000000000000, 0.0000000000000000000 ) ) ;
#3590 = ORIENTED_EDGE ( 'NONE', *, *, #6921, .T. ) ;
#3591 = CARTESIAN_POINT ( 'NONE',  ( -2.974999999999999200, 1.250000000000000000, -2.449999999999999300 ) ) ;
#3592 = DIRECTION ( 'NONE',  ( -1.000000000000000000, 0.0000000000000000000, -1.146293045799652500E-016 ) ) ;
#3593 = ADVANCED_FACE ( 'NONE', ( #7424 ), #8777, .F. ) ;
#3594 = LINE ( 'NONE', #5187, #2033 ) ;
#3595 = VECTOR ( 'NONE', #1981, 1000.000000000000000 ) ;
#3596 = ORIENTED_EDGE ( 'NONE', *, *, #9951, .F. ) ;
#3597 = EDGE_CURVE ( 'NONE', #5540, #9933, #793, .T. ) ;
#3598 = DIRECTION ( 'NONE',  ( 0.0000000000000000000, -1.000000000000000000, 0.0000000000000000000 ) ) ;
#3599 = CARTESIAN_POINT ( 'NONE',  ( 1.725000000000000800, 0.9499999999999998400, -1.000000000000000700 ) ) ;
#3600 = CARTESIAN_POINT ( 'NONE',  ( -2.974999999999999200, 0.6000000000000007500, -2.449999999999999700 ) ) ;
#3601 = CARTESIAN_POINT ( 'NONE',  ( 4.525000000000001200, 0.7999999999999998200, -1.550000000000000300 ) ) ;
#3602 = AXIS2_PLACEMENT_3D ( 'NONE', #5913, #3603, #3531 ) ;
#3603 = DIRECTION ( 'NONE',  ( 0.0000000000000000000, 1.000000000000000000, -7.228014483236719200E-016 ) ) ;
#3604 = LINE ( 'NONE', #9618, #6978 ) ;
#3605 = CARTESIAN_POINT ( 'NONE',  ( -0.4749999999999997600, 1.500000000000000000, -1.600000000000001000 ) ) ;
#3606 = VECTOR ( 'NONE', #63, 1000.000000000000000 ) ;
#3607 = VERTEX_POINT ( 'NONE', #6150 ) ;
#3608 =( LENGTH_UNIT ( ) NAMED_UNIT ( * ) SI_UNIT ( .MILLI., .METRE. ) );
#3609 = CARTESIAN_POINT ( 'NONE',  ( -7.374999999999998200, 0.7999999999999997100, 2.250000000000000400 ) ) ;
#3610 = DIRECTION ( 'NONE',  ( 0.0000000000000000000, -3.614007241618353200E-016, 1.000000000000000000 ) ) ;
#3611 =( NAMED_UNIT ( * ) SI_UNIT ( $, .STERADIAN. ) SOLID_ANGLE_UNIT ( ) );
#3612 = LINE ( 'NONE', #7042, #826 ) ;
#3613 = DIRECTION ( 'NONE',  ( -1.000000000000000000, 0.0000000000000000000, 0.0000000000000000000 ) ) ;
#3614 = CARTESIAN_POINT ( 'NONE',  ( 0.7750000000000004700, 0.6000000000000007500, -2.550000000000000300 ) ) ;
#3615 = FACE_OUTER_BOUND ( 'NONE', #6570, .T. ) ;
#3616 = ORIENTED_EDGE ( 'NONE', *, *, #1339, .T. ) ;
#3617 =( GEOMETRIC_REPRESENTATION_CONTEXT ( 3 ) GLOBAL_UNCERTAINTY_ASSIGNED_CONTEXT ( ( #1888 ) ) GLOBAL_UNIT_ASSIGNED_CONTEXT ( ( #1738, #7992, #4173 ) ) REPRESENTATION_CONTEXT ( 'NONE', 'WORKASPACE' ) );
#3618 = CARTESIAN_POINT ( 'NONE',  ( -3.885000000000000200, 3.469233347080714400, 2.650000000000000800 ) ) ;
#3619 = ADVANCED_FACE ( 'NONE', ( #8156 ), #8361, .T. ) ;
#3620 = SURFACE_STYLE_FILL_AREA ( #5550 ) ;
#3621 = DIRECTION ( 'NONE',  ( -1.000000000000000000, -0.0000000000000000000, -0.0000000000000000000 ) ) ;
#3622 = ORIENTED_EDGE ( 'NONE', *, *, #8425, .F. ) ;
#3623 = CARTESIAN_POINT ( 'NONE',  ( -5.874999999999999100, 0.3499999999999996400, 2.650000000000000400 ) ) ;
#3624 = PLANE ( 'NONE',  #3246 ) ;
#3625 = DIRECTION ( 'NONE',  ( 0.0000000000000000000, 0.9902680687415708100, -0.1391731009600621100 ) ) ;
#3626 = CARTESIAN_POINT ( 'NONE',  ( -0.4749999999999997600, 1.500000000000000000, -1.600000000000001000 ) ) ;
#3627 = EDGE_CURVE ( 'NONE', #7979, #2913, #6244, .T. ) ;
#3628 = EDGE_CURVE ( 'NONE', #8653, #9035, #4669, .T. ) ;
#3629 = LINE ( 'NONE', #9907, #484 ) ;
#3630 = LINE ( 'NONE', #7422, #5463 ) ;
#3631 = DIRECTION ( 'NONE',  ( -1.000000000000000000, -0.0000000000000000000, -0.0000000000000000000 ) ) ;
#3632 = DIRECTION ( 'NONE',  ( 1.000000000000000000, 1.162683294890621800E-016, -0.0000000000000000000 ) ) ;
#3633 = ORIENTED_EDGE ( 'NONE', *, *, #1442, .F. ) ;
#3634 = EDGE_CURVE ( 'NONE', #3007, #6852, #10020, .T. ) ;
#3635 = DIRECTION ( 'NONE',  ( -0.0000000000000000000, -1.000000000000000000, -0.0000000000000000000 ) ) ;
#3636 = ORIENTED_EDGE ( 'NONE', *, *, #9744, .T. ) ;
#3637 = DIRECTION ( 'NONE',  ( 1.000000000000000000, 0.0000000000000000000, 0.0000000000000000000 ) ) ;
#3638 = VECTOR ( 'NONE', #2406, 1000.000000000000000 ) ;
#3640 = DIRECTION ( 'NONE',  ( 0.0000000000000000000, 1.000000000000000000, 0.0000000000000000000 ) ) ;
#3639 = LINE ( 'NONE', #2456, #2550 ) ;
#3641 = PLANE ( 'NONE',  #3833 ) ;
#3642 = EDGE_CURVE ( 'NONE', #3260, #6187, #1774, .T. ) ;
#3643 = EDGE_CURVE ( 'NONE', #4623, #259, #7072, .T. ) ;
#3644 = ORIENTED_EDGE ( 'NONE', *, *, #1119, .F. ) ;
#3645 = SURFACE_STYLE_USAGE ( .BOTH. , #3718 ) ;
#3646 = ADVANCED_FACE ( 'NONE', ( #6713 ), #9358, .F. ) ;
#3647 = ORIENTED_EDGE ( 'NONE', *, *, #6664, .T. ) ;
#3648 = ORIENTED_EDGE ( 'NONE', *, *, #6936, .F. ) ;
#3649 = CARTESIAN_POINT ( 'NONE',  ( 4.285000000000001000, 0.5999999999999998700, 1.250000000000000700 ) ) ;
#3650 = DIRECTION ( 'NONE',  ( -7.228014483236702500E-016, -1.000000000000000000, 0.0000000000000000000 ) ) ;
#3651 = CARTESIAN_POINT ( 'NONE',  ( 5.875000000000000000, 2.700000000000005500, 5.480194339616986100 ) ) ;
#3652 = EDGE_CURVE ( 'NONE', #3607, #7965, #1049, .T. ) ;
#3653 = LINE ( 'NONE', #4131, #9829 ) ;
#3654 = AXIS2_PLACEMENT_3D ( 'NONE', #5258, #1355, #2099 ) ;
#3655 = ORIENTED_EDGE ( 'NONE', *, *, #595, .F. ) ;
#3656 = CARTESIAN_POINT ( 'NONE',  ( -4.524999999999999500, 1.399999999999999700, -2.299999999999999800 ) ) ;
#3657 = EDGE_LOOP ( 'NONE', ( #6584, #8090, #970, #9151 ) ) ;
#3658 = ORIENTED_EDGE ( 'NONE', *, *, #7826, .T. ) ;
#3659 = ORIENTED_EDGE ( 'NONE', *, *, #1944, .F. ) ;
#3660 = FACE_OUTER_BOUND ( 'NONE', #2219, .T. ) ;
#3661 = PLANE ( 'NONE',  #7996 ) ;
#3662 = EDGE_CURVE ( 'NONE', #4375, #7054, #8034, .T. ) ;
#3663 = PLANE ( 'NONE',  #3863 ) ;
#3664 = CARTESIAN_POINT ( 'NONE',  ( -2.974999999999999200, 1.500000000000000000, -1.700000000000000800 ) ) ;
#3665 = VECTOR ( 'NONE', #5510, 1000.000000000000000 ) ;
#3666 = FACE_OUTER_BOUND ( 'NONE', #6380, .T. ) ;
#3667 = PLANE ( 'NONE',  #6074 ) ;
#3668 = ORIENTED_EDGE ( 'NONE', *, *, #8655, .F. ) ;
#3669 = AXIS2_PLACEMENT_3D ( 'NONE', #8107, #454, #3489 ) ;
#3670 = ORIENTED_EDGE ( 'NONE', *, *, #8956, .T. ) ;
#3671 = ORIENTED_EDGE ( 'NONE', *, *, #1573, .F. ) ;
#3672 = CARTESIAN_POINT ( 'NONE',  ( -1.724999999999999600, 2.140000000000000100, -1.500000000000000000 ) ) ;
#3673 = VECTOR ( 'NONE', #528, 1000.000000000000000 ) ;
#3674 = VECTOR ( 'NONE', #4968, 1000.000000000000000 ) ;
#3675 = ADVANCED_FACE ( 'NONE', ( #84 ), #438, .F. ) ;
#3676 = DIRECTION ( 'NONE',  ( 0.0000000000000000000, 0.0000000000000000000, -1.000000000000000000 ) ) ;
#3677 = VERTEX_POINT ( 'NONE', #2391 ) ;
#3678 = ORIENTED_EDGE ( 'NONE', *, *, #9185, .T. ) ;
#3679 = DIRECTION ( 'NONE',  ( 0.0000000000000000000, 0.0000000000000000000, 1.000000000000000000 ) ) ;
#3680 = AXIS2_PLACEMENT_3D ( 'NONE', #8626, #2432, #1716 ) ;
#3681 = CYLINDRICAL_SURFACE ( 'NONE', #2202, 0.2999999999999997100 ) ;
#3682 = DIRECTION ( 'NONE',  ( 0.0000000000000000000, 0.0000000000000000000, -1.000000000000000000 ) ) ;
#3683 = CARTESIAN_POINT ( 'NONE',  ( -0.4749999999999997600, 1.700000000000000000, 3.457774721070176100 ) ) ;
#3684 = VECTOR ( 'NONE', #7626, 1000.000000000000000 ) ;
#3685 = ORIENTED_EDGE ( 'NONE', *, *, #9287, .F. ) ;
#3686 = CARTESIAN_POINT ( 'NONE',  ( 2.875000000000001800, 1.615675499178565100, 1.850000000000000500 ) ) ;
#3687 = CARTESIAN_POINT ( 'NONE',  ( -7.575000000000000200, 0.0000000000000000000, -0.3500000000000000300 ) ) ;
#3688 = ORIENTED_EDGE ( 'NONE', *, *, #7237, .F. ) ;
#3689 = VERTEX_POINT ( 'NONE', #8614 ) ;
#3690 = DIRECTION ( 'NONE',  ( 1.000000000000000000, 0.0000000000000000000, 0.0000000000000000000 ) ) ;
#3691 = VECTOR ( 'NONE', #1769, 1000.000000000000000 ) ;
#3692 = ORIENTED_EDGE ( 'NONE', *, *, #7244, .T. ) ;
#3693 = MANIFOLD_SOLID_BREP ( 'LPattern3[5]', #501 ) ;
#3694 = DIRECTION ( 'NONE',  ( -1.000000000000000000, -0.0000000000000000000, -0.0000000000000000000 ) ) ;
#3695 =( GEOMETRIC_REPRESENTATION_CONTEXT ( 3 ) GLOBAL_UNCERTAINTY_ASSIGNED_CONTEXT ( ( #2151 ) ) GLOBAL_UNIT_ASSIGNED_CONTEXT ( ( #3608, #2025, #5142 ) ) REPRESENTATION_CONTEXT ( 'NONE', 'WORKASPACE' ) );
#3696 = CARTESIAN_POINT ( 'NONE',  ( -3.584999999999999500, 3.469233347080714400, 2.650000000000000800 ) ) ;
#3697 = ORIENTED_EDGE ( 'NONE', *, *, #5168, .T. ) ;
#3698 = ORIENTED_EDGE ( 'NONE', *, *, #6929, .T. ) ;
#3699 = CARTESIAN_POINT ( 'NONE',  ( 0.7750000000000004700, 0.0000000000000000000, -1.950000000000000800 ) ) ;
#3700 = CARTESIAN_POINT ( 'NONE',  ( 4.525000000000001200, 1.700000000000000000, -1.000000000000000700 ) ) ;
#3701 = MECHANICAL_DESIGN_GEOMETRIC_PRESENTATION_REPRESENTATION (  '', ( #4556 ), #5268 ) ;
#3702 = VERTEX_POINT ( 'NONE', #895 ) ;
#3703 = LINE ( 'NONE', #435, #3442 ) ;
#3704 = DIRECTION ( 'NONE',  ( 0.0000000000000000000, 0.0000000000000000000, -1.000000000000000000 ) ) ;
#3705 = ORIENTED_EDGE ( 'NONE', *, *, #1185, .T. ) ;
#3706 = LINE ( 'NONE', #6834, #4635 ) ;
#3707 = DIRECTION ( 'NONE',  ( -1.000000000000000000, -0.0000000000000000000, 0.0000000000000000000 ) ) ;
#3708 = EDGE_CURVE ( 'NONE', #1824, #4096, #571, .T. ) ;
#3709 = EDGE_CURVE ( 'NONE', #9601, #2339, #8667, .T. ) ;
#3710 = VECTOR ( 'NONE', #643, 1000.000000000000000 ) ;
#3711 = ORIENTED_EDGE ( 'NONE', *, *, #8092, .F. ) ;
#3712 = DIRECTION ( 'NONE',  ( 1.000000000000000000, 0.0000000000000000000, 0.0000000000000000000 ) ) ;
#3713 = DIRECTION ( 'NONE',  ( -1.000000000000000000, -0.0000000000000000000, -0.0000000000000000000 ) ) ;
#3714 = ORIENTED_EDGE ( 'NONE', *, *, #1636, .F. ) ;
#3715 = CARTESIAN_POINT ( 'NONE',  ( 4.525000000000001200, 0.7999999999999999300, -1.400000000000000600 ) ) ;
#3716 = EDGE_CURVE ( 'NONE', #8612, #7282, #8561, .T. ) ;
#3717 = ORIENTED_EDGE ( 'NONE', *, *, #3119, .T. ) ;
#3718 = SURFACE_SIDE_STYLE ('',( #378 ) ) ;
#3719 = CARTESIAN_POINT ( 'NONE',  ( -0.7749999999999996900, 0.9499999999999998400, 1.249999999999986000 ) ) ;
#3720 = DIRECTION ( 'NONE',  ( -1.000000000000000000, -0.0000000000000000000, -0.0000000000000000000 ) ) ;
#3721 = CARTESIAN_POINT ( 'NONE',  ( -2.974999999999999200, 1.250000000000000000, -2.449999999999999300 ) ) ;
#3722 = LINE ( 'NONE', #6689, #3219 ) ;
#3723 = ORIENTED_EDGE ( 'NONE', *, *, #8903, .T. ) ;
#3724 = DIRECTION ( 'NONE',  ( 0.0000000000000000000, 0.0000000000000000000, 1.000000000000000000 ) ) ;
#3725 = EDGE_CURVE ( 'NONE', #8619, #1936, #318, .T. ) ;
#3726 = CARTESIAN_POINT ( 'NONE',  ( -1.724999999999999600, 0.5000000000000000000, -1.849999999999999900 ) ) ;
#3727 = CIRCLE ( 'NONE', #9645, 0.09999999999999982500 ) ;
#3728 = ORIENTED_EDGE ( 'NONE', *, *, #9172, .T. ) ;
#3729 = CARTESIAN_POINT ( 'NONE',  ( 6.374999999999999100, 2.200000000000000200, 5.480194339616986100 ) ) ;
#3730 = DIRECTION ( 'NONE',  ( 1.000000000000000000, -2.168404344970999300E-016, 0.0000000000000000000 ) ) ;
#3731 = DIRECTION ( 'NONE',  ( 0.0000000000000000000, 0.0000000000000000000, -1.000000000000000000 ) ) ;
#3732 = EDGE_CURVE ( 'NONE', #9609, #2351, #7797, .T. ) ;
#3733 = VECTOR ( 'NONE', #6927, 1000.000000000000000 ) ;
#3734 = CARTESIAN_POINT ( 'NONE',  ( -4.524999999999999500, 0.4000000000000001900, -2.550000000000000300 ) ) ;
#3735 = EDGE_LOOP ( 'NONE', ( #8526, #3345, #7605, #69, #1501, #9921, #9484 ) ) ;
#3736 = DIRECTION ( 'NONE',  ( -0.1378445374916254000, -0.1378445374916254000, 0.9808148484639900300 ) ) ;
#3737 = CARTESIAN_POINT ( 'NONE',  ( -2.974999999999999200, 0.7999999999999999300, -1.400000000000000600 ) ) ;
#3738 = FACE_OUTER_BOUND ( 'NONE', #3086, .T. ) ;
#3739 = CARTESIAN_POINT ( 'NONE',  ( 5.674999999999999800, -4.336808689942017700E-016, 1.700000000000001500 ) ) ;
#3740 = LINE ( 'NONE', #2682, #3358 ) ;
#3741 = PLANE ( 'NONE',  #4807 ) ;
#3742 = LINE ( 'NONE', #1422, #4348 ) ;
#3743 = VERTEX_POINT ( 'NONE', #857 ) ;
#3744 = DIRECTION ( 'NONE',  ( 0.0000000000000000000, -0.9902680687415708100, -0.1391731009600621100 ) ) ;
#3745 = DIRECTION ( 'NONE',  ( 1.000000000000000000, 0.0000000000000000000, 0.0000000000000000000 ) ) ;
#3746 = VECTOR ( 'NONE', #8210, 1000.000000000000000 ) ;
#3747 = LINE ( 'NONE', #8013, #3491 ) ;
#3748 = CARTESIAN_POINT ( 'NONE',  ( 1.725000000000000800, 0.6000000000000007500, -2.449999999999999700 ) ) ;
#3749 = CARTESIAN_POINT ( 'NONE',  ( -5.874999999999999100, 3.399999999999999900, -1.550000000000000500 ) ) ;
#3750 = ORIENTED_EDGE ( 'NONE', *, *, #10026, .F. ) ;
#3751 = AXIS2_PLACEMENT_3D ( 'NONE', #8766, #5769, #9559 ) ;
#3752 = CARTESIAN_POINT ( 'NONE',  ( 5.874999999999999100, 0.4999999999999995600, -1.400000000000000600 ) ) ;
#3753 = VERTEX_POINT ( 'NONE', #4757 ) ;
#3754 = ADVANCED_FACE ( 'NONE', ( #921 ), #2496, .T. ) ;
#3755 = FACE_OUTER_BOUND ( 'NONE', #6278, .T. ) ;
#3756 = VECTOR ( 'NONE', #10029, 1000.000000000000000 ) ;
#3757 = DIRECTION ( 'NONE',  ( 0.0000000000000000000, -1.000000000000000000, 0.0000000000000000000 ) ) ;
#3758 = CARTESIAN_POINT ( 'NONE',  ( 4.440675499178566600, 1.615675499178565100, 1.850000000000000500 ) ) ;
#3759 = EDGE_LOOP ( 'NONE', ( #5215, #1718, #5063, #2965 ) ) ;
#3760 = DIRECTION ( 'NONE',  ( -0.0000000000000000000, 0.0000000000000000000, 1.000000000000000000 ) ) ;
#3761 = ORIENTED_EDGE ( 'NONE', *, *, #6611, .F. ) ;
#3762 = VERTEX_POINT ( 'NONE', #5667 ) ;
#3763 = EDGE_CURVE ( 'NONE', #4989, #611, #679, .T. ) ;
#3764 = CARTESIAN_POINT ( 'NONE',  ( -3.274999999999999500, 1.500000000000000000, -1.600000000000001000 ) ) ;
#3765 = LINE ( 'NONE', #6354, #1476 ) ;
#3766 = VECTOR ( 'NONE', #8439, 1000.000000000000000 ) ;
#3767 = EDGE_CURVE ( 'NONE', #1278, #3753, #6596, .T. ) ;
#3768 = ORIENTED_EDGE ( 'NONE', *, *, #9439, .F. ) ;
#3769 = MECHANICAL_DESIGN_GEOMETRIC_PRESENTATION_REPRESENTATION (  '', ( #3110 ), #4290 ) ;
#3770 = ORIENTED_EDGE ( 'NONE', *, *, #1583, .T. ) ;
#3771 = DIRECTION ( 'NONE',  ( -0.0000000000000000000, -0.0000000000000000000, -1.000000000000000000 ) ) ;
#3772 = ORIENTED_EDGE ( 'NONE', *, *, #1505, .T. ) ;
#3773 = ORIENTED_EDGE ( 'NONE', *, *, #7118, .F. ) ;
#3774 = DIRECTION ( 'NONE',  ( 0.0000000000000000000, 0.0000000000000000000, 1.000000000000000000 ) ) ;
#3775 = VECTOR ( 'NONE', #8878, 1000.000000000000000 ) ;
#3776 = CARTESIAN_POINT ( 'NONE',  ( -5.274999999999999500, 0.5999999999999998700, 2.400000000000003000 ) ) ;
#3777 = LINE ( 'NONE', #4987, #985 ) ;
#3778 = SURFACE_STYLE_FILL_AREA ( #5788 ) ;
#3779 = EDGE_CURVE ( 'NONE', #7368, #4264, #8908, .T. ) ;
#3780 = CARTESIAN_POINT ( 'NONE',  ( 5.594999999999998000, 2.180000000000000200, -1.000000000000000700 ) ) ;
#3781 = ORIENTED_EDGE ( 'NONE', *, *, #2489, .T. ) ;
#3782 = CARTESIAN_POINT ( 'NONE',  ( 2.975000000000000100, 1.500000000000000000, -1.700000000000000800 ) ) ;
#3783 = CARTESIAN_POINT ( 'NONE',  ( -5.204999999999999200, 0.0000000000000000000, -1.550000000000000300 ) ) ;
#3784 = EDGE_LOOP ( 'NONE', ( #3569, #9150, #8498, #5057 ) ) ;
#3785 = ORIENTED_EDGE ( 'NONE', *, *, #5500, .T. ) ;
#3786 = ORIENTED_EDGE ( 'NONE', *, *, #4437, .T. ) ;
#3787 = DIRECTION ( 'NONE',  ( 1.000000000000000000, -0.0000000000000000000, 0.0000000000000000000 ) ) ;
#3788 = AXIS2_PLACEMENT_3D ( 'NONE', #1192, #8204, #2871 ) ;
#3789 = CARTESIAN_POINT ( 'NONE',  ( 4.525000000000001200, 0.1000000000000000300, -2.550000000000000300 ) ) ;
#3790 = AXIS2_PLACEMENT_3D ( 'NONE', #7957, #7092, #211 ) ;
#3791 = VECTOR ( 'NONE', #4247, 1000.000000000000000 ) ;
#3792 = CARTESIAN_POINT ( 'NONE',  ( 4.225000000000001400, 1.700000000000000000, 1.249999999999986000 ) ) ;
#3793 = ORIENTED_EDGE ( 'NONE', *, *, #7888, .F. ) ;
#3794 = CARTESIAN_POINT ( 'NONE',  ( -0.4749999999999997600, 0.0000000000000000000, -1.950000000000000800 ) ) ;
#3795 = ORIENTED_EDGE ( 'NONE', *, *, #5395, .F. ) ;
#3796 = ORIENTED_EDGE ( 'NONE', *, *, #3845, .T. ) ;
#3797 = EDGE_CURVE ( 'NONE', #2434, #5721, #5537, .T. ) ;
#3798 = CARTESIAN_POINT ( 'NONE',  ( 4.525000000000001200, 0.1000000000000000500, -1.950000000000000200 ) ) ;
#3799 = CARTESIAN_POINT ( 'NONE',  ( 3.275000000000000400, 1.500000000000000000, -1.600000000000001000 ) ) ;
#3800 = CARTESIAN_POINT ( 'NONE',  ( -6.874999999999995600, 0.2999999999999990500, 2.250000000000001300 ) ) ;
#3801 = DIRECTION ( 'NONE',  ( 0.0000000000000000000, 0.0000000000000000000, -1.000000000000000000 ) ) ;
#3802 = VECTOR ( 'NONE', #5577, 1000.000000000000000 ) ;
#3803 = LINE ( 'NONE', #1879, #9134 ) ;
#3804 = AXIS2_PLACEMENT_3D ( 'NONE', #9897, #1411, #8323 ) ;
#3805 = ORIENTED_EDGE ( 'NONE', *, *, #3309, .F. ) ;
#3806 = ORIENTED_EDGE ( 'NONE', *, *, #4891, .T. ) ;
#3807 = ORIENTED_EDGE ( 'NONE', *, *, #3363, .F. ) ;
#3808 = DIRECTION ( 'NONE',  ( 0.0000000000000000000, -0.0000000000000000000, 1.000000000000000000 ) ) ;
#3809 = LINE ( 'NONE', #3474, #7651 ) ;
#3810 = ORIENTED_EDGE ( 'NONE', *, *, #2410, .T. ) ;
#3811 = CARTESIAN_POINT ( 'NONE',  ( 5.875000000000000000, 2.700000000000005500, -0.5499999999999997100 ) ) ;
#3812 = CARTESIAN_POINT ( 'NONE',  ( 2.975000000000000100, 0.5000000000000000000, -1.550000000000000300 ) ) ;
#3813 = CARTESIAN_POINT ( 'NONE',  ( 4.525000000000001200, 1.250000000000000000, -2.299999999999999800 ) ) ;
#3814 = VERTEX_POINT ( 'NONE', #4814 ) ;
#3815 = ORIENTED_EDGE ( 'NONE', *, *, #9613, .F. ) ;
#3816 = DIRECTION ( 'NONE',  ( -1.000000000000000000, -0.0000000000000000000, -0.0000000000000000000 ) ) ;
#3817 = CARTESIAN_POINT ( 'NONE',  ( -5.274999999999999500, 2.999999999999999600, 1.700000000000000200 ) ) ;
#3818 = DIRECTION ( 'NONE',  ( 0.0000000000000000000, 0.0000000000000000000, 1.000000000000000000 ) ) ;
#3819 = CARTESIAN_POINT ( 'NONE',  ( 3.584999999999999500, 0.3500000000000000300, 2.650000000000000800 ) ) ;
#3820 = VECTOR ( 'NONE', #5955, 1000.000000000000000 ) ;
#3821 = VERTEX_POINT ( 'NONE', #1831 ) ;
#3822 = DIRECTION ( 'NONE',  ( 0.0000000000000000000, 0.0000000000000000000, -1.000000000000000000 ) ) ;
#3823 = LINE ( 'NONE', #2282, #2729 ) ;
#3824 = MANIFOLD_SOLID_BREP ( 'LPattern1[7]', #5563 ) ;
#3825 = DIRECTION ( 'NONE',  ( -1.000000000000000000, 0.0000000000000000000, 0.0000000000000000000 ) ) ;
#3826 = ORIENTED_EDGE ( 'NONE', *, *, #1530, .T. ) ;
#3827 = VECTOR ( 'NONE', #3492, 1000.000000000000000 ) ;
#3828 = ORIENTED_EDGE ( 'NONE', *, *, #3779, .F. ) ;
#3829 = CARTESIAN_POINT ( 'NONE',  ( 5.874999999999999100, 3.000000000000000000, 2.650000000000000400 ) ) ;
#3830 = CIRCLE ( 'NONE', #8062, 0.09999999999999982500 ) ;
#3831 = ORIENTED_EDGE ( 'NONE', *, *, #858, .F. ) ;
#3832 = CARTESIAN_POINT ( 'NONE',  ( 4.525000000000001200, 1.250000000000000000, -2.449999999999999300 ) ) ;
#3833 = AXIS2_PLACEMENT_3D ( 'NONE', #497, #572, #4472 ) ;
#3834 = CARTESIAN_POINT ( 'NONE',  ( -2.974999999999999200, 0.9499999999999998400, 3.457774721070176100 ) ) ;
#3835 = FILL_AREA_STYLE_COLOUR ( '', #4239 ) ;
#3836 = EDGE_CURVE ( 'NONE', #7721, #5801, #1658, .T. ) ;
#3837 = CARTESIAN_POINT ( 'NONE',  ( 4.225000000000001400, 0.9499999999999998400, -1.000000000000000700 ) ) ;
#3838 = FACE_OUTER_BOUND ( 'NONE', #4633, .T. ) ;
#3839 = ORIENTED_EDGE ( 'NONE', *, *, #86, .T. ) ;
#3840 = ADVANCED_FACE ( 'NONE', ( #2858 ), #4920, .F. ) ;
#3841 = VECTOR ( 'NONE', #9643, 1000.000000000000000 ) ;
#3842 = DIRECTION ( 'NONE',  ( 0.0000000000000000000, 0.0000000000000000000, 1.000000000000000000 ) ) ;
#3843 = DIRECTION ( 'NONE',  ( 1.000000000000000000, 0.0000000000000000000, 0.0000000000000000000 ) ) ;
#3844 = EDGE_CURVE ( 'NONE', #6123, #3677, #808, .T. ) ;
#3845 = EDGE_CURVE ( 'NONE', #2683, #4255, #7556, .T. ) ;
#3846 = PRESENTATION_STYLE_ASSIGNMENT (( #8479 ) ) ;
#3847 = DIRECTION ( 'NONE',  ( -1.000000000000000000, -0.0000000000000000000, -0.0000000000000000000 ) ) ;
#3848 = LINE ( 'NONE', #427, #2987 ) ;
#3849 = EDGE_LOOP ( 'NONE', ( #1710, #7275, #5360, #9515 ) ) ;
#3850 = DIRECTION ( 'NONE',  ( 0.0000000000000000000, 0.0000000000000000000, -1.000000000000000000 ) ) ;
#3851 = EDGE_CURVE ( 'NONE', #1040, #3494, #5166, .T. ) ;
#3852 = AXIS2_PLACEMENT_3D ( 'NONE', #3008, #4609, #6833 ) ;
#3853 = CARTESIAN_POINT ( 'NONE',  ( -2.024999999999999500, 1.700000000000000000, 1.249999999999986000 ) ) ;
#3854 = CARTESIAN_POINT ( 'NONE',  ( -4.224999999999999600, 1.250000000000000000, -2.449999999999999300 ) ) ;
#3855 = LINE ( 'NONE', #9676, #1785 ) ;
#3856 = DIRECTION ( 'NONE',  ( 0.0000000000000000000, 0.0000000000000000000, 1.000000000000000000 ) ) ;
#3857 = VECTOR ( 'NONE', #807, 1000.000000000000000 ) ;
#3858 = ORIENTED_EDGE ( 'NONE', *, *, #4160, .F. ) ;
#3859 = EDGE_CURVE ( 'NONE', #8935, #1531, #10008, .T. ) ;
#3860 = LINE ( 'NONE', #3599, #8694 ) ;
#3861 = ADVANCED_FACE ( 'NONE', ( #9283 ), #4675, .T. ) ;
#3862 = DIRECTION ( 'NONE',  ( -0.0000000000000000000, -0.0000000000000000000, -1.000000000000000000 ) ) ;
#3863 = AXIS2_PLACEMENT_3D ( 'NONE', #3729, #7418, #2942 ) ;
#3864 = VECTOR ( 'NONE', #3224, 1000.000000000000000 ) ;
#3865 = DIRECTION ( 'NONE',  ( 3.614007241618339400E-016, 1.000000000000000000, -0.0000000000000000000 ) ) ;
#3866 = DIRECTION ( 'NONE',  ( -1.000000000000000000, -0.0000000000000000000, -0.0000000000000000000 ) ) ;
#3867 = ORIENTED_EDGE ( 'NONE', *, *, #8303, .F. ) ;
#3868 = CARTESIAN_POINT ( 'NONE',  ( -4.224999999999999600, 1.399999999999999900, -2.299999999999999800 ) ) ;
#3869 = CYLINDRICAL_SURFACE ( 'NONE', #6984, 0.09999999999999982500 ) ;
#3870 = ORIENTED_EDGE ( 'NONE', *, *, #5074, .T. ) ;
#3871 = CARTESIAN_POINT ( 'NONE',  ( -0.4749999999999997600, 0.5000000000000000000, -1.849999999999999900 ) ) ;
#3872 = CLOSED_SHELL ( 'NONE', ( #2128, #6501, #2613, #7951, #8109, #8312, #7732, #5003, #8814, #4099, #221, #1010, #3161, #4127, #3457, #2874, #245, #9771, #8742 ) ) ;
#3873 = CARTESIAN_POINT ( 'NONE',  ( -4.224999999999999600, 1.700000000000000000, 1.249999999999986000 ) ) ;
#3874 = LINE ( 'NONE', #3683, #1080 ) ;
#3875 = VECTOR ( 'NONE', #5719, 1000.000000000000000 ) ;
#3876 = UNCERTAINTY_MEASURE_WITH_UNIT (LENGTH_MEASURE( 1.000000000000000100E-005 ), #1265, 'distance_accuracy_value', 'NONE');
#3877 = DIRECTION ( 'NONE',  ( -1.000000000000000000, -0.0000000000000000000, -0.0000000000000000000 ) ) ;
#3878 = VERTEX_POINT ( 'NONE', #3278 ) ;
#3879 = DIRECTION ( 'NONE',  ( 0.0000000000000000000, 1.000000000000000000, 4.015563601798170200E-016 ) ) ;
#3880 = ORIENTED_EDGE ( 'NONE', *, *, #3845, .F. ) ;
#3881 = EDGE_LOOP ( 'NONE', ( #5705, #1833, #5575, #6563 ) ) ;
#3882 = DIRECTION ( 'NONE',  ( 0.0000000000000000000, -1.000000000000000000, 0.0000000000000000000 ) ) ;
#3883 = CARTESIAN_POINT ( 'NONE',  ( -1.724999999999999600, 0.7999999999999998200, -1.550000000000000300 ) ) ;
#3884 = ADVANCED_FACE ( 'NONE', ( #1292 ), #9493, .F. ) ;
#3885 = CARTESIAN_POINT ( 'NONE',  ( -2.024999999999999500, 0.4000000000000001900, -2.649999999999999900 ) ) ;
#3886 = CYLINDRICAL_SURFACE ( 'NONE', #5299, 0.09999999999999982500 ) ;
#3887 = VECTOR ( 'NONE', #4346, 1000.000000000000000 ) ;
#3888 = MECHANICAL_DESIGN_GEOMETRIC_PRESENTATION_REPRESENTATION (  '', ( #9791 ), #4925 ) ;
#3889 = DIRECTION ( 'NONE',  ( 0.0000000000000000000, 7.228014483236719200E-016, 1.000000000000000000 ) ) ;
#3890 = ORIENTED_EDGE ( 'NONE', *, *, #8071, .T. ) ;
#3891 = ORIENTED_EDGE ( 'NONE', *, *, #7583, .F. ) ;
#3892 = ORIENTED_EDGE ( 'NONE', *, *, #525, .F. ) ;
#3893 = CARTESIAN_POINT ( 'NONE',  ( 2.025000000000000800, 0.6000000000000007500, -2.550000000000000300 ) ) ;
#3894 = CARTESIAN_POINT ( 'NONE',  ( -2.024999999999999500, 1.700000000000000000, 3.457774721070176100 ) ) ;
#3895 = CARTESIAN_POINT ( 'NONE',  ( 3.275000000000000400, 1.250000000000000000, -2.449999999999999300 ) ) ;
#3896 = DIRECTION ( 'NONE',  ( -0.0000000000000000000, -0.0000000000000000000, 1.000000000000000000 ) ) ;
#3897 = VECTOR ( 'NONE', #1157, 1000.000000000000000 ) ;
#3898 = VECTOR ( 'NONE', #2793, 1000.000000000000000 ) ;
#3899 = ORIENTED_EDGE ( 'NONE', *, *, #8819, .F. ) ;
#3900 = EDGE_CURVE ( 'NONE', #3117, #2704, #5889, .T. ) ;
#3901 = DIRECTION ( 'NONE',  ( 0.0000000000000000000, 0.0000000000000000000, 1.000000000000000000 ) ) ;
#3902 = EDGE_CURVE ( 'NONE', #9377, #8621, #7547, .T. ) ;
#3903 = ORIENTED_EDGE ( 'NONE', *, *, #6808, .T. ) ;
#3904 = ORIENTED_EDGE ( 'NONE', *, *, #551, .F. ) ;
#3905 = VERTEX_POINT ( 'NONE', #4276 ) ;
#3906 = EDGE_CURVE ( 'NONE', #2895, #781, #6472, .T. ) ;
#3907 = VECTOR ( 'NONE', #721, 1000.000000000000000 ) ;
#3908 = LINE ( 'NONE', #6153, #1837 ) ;
#3909 = AXIS2_PLACEMENT_3D ( 'NONE', #6560, #6655, #8831 ) ;
#3910 = DIRECTION ( 'NONE',  ( 1.000000000000000000, 0.0000000000000000000, 0.0000000000000000000 ) ) ;
#3911 = DIRECTION ( 'NONE',  ( 0.0000000000000000000, -3.614007241618353200E-016, 1.000000000000000000 ) ) ;
#3912 = ORIENTED_EDGE ( 'NONE', *, *, #6122, .F. ) ;
#3913 = ADVANCED_FACE ( 'NONE', ( #1039 ), #187, .F. ) ;
#3914 = DIRECTION ( 'NONE',  ( 0.0000000000000000000, -1.000000000000000000, 0.0000000000000000000 ) ) ;
#3915 = ORIENTED_EDGE ( 'NONE', *, *, #7583, .T. ) ;
#3916 = ORIENTED_EDGE ( 'NONE', *, *, #207, .T. ) ;
#3917 = EDGE_CURVE ( 'NONE', #8485, #2472, #3830, .T. ) ;
#3918 = CARTESIAN_POINT ( 'NONE',  ( 0.4750000000000005900, 2.140000000000000100, -1.500000000000000000 ) ) ;
#3919 = LINE ( 'NONE', #8293, #1849 ) ;
#3920 = DIRECTION ( 'NONE',  ( -1.000000000000000000, 0.0000000000000000000, 0.0000000000000000000 ) ) ;
#3921 = CARTESIAN_POINT ( 'NONE',  ( -5.875000000000000000, 0.2999999999999990500, -0.5499999999999997100 ) ) ;
#3922 = CARTESIAN_POINT ( 'NONE',  ( 0.0000000000000000000, 0.0000000000000000000, -1.000000000000000700 ) ) ;
#3923 = ORIENTED_EDGE ( 'NONE', *, *, #1889, .F. ) ;
#3924 = DIRECTION ( 'NONE',  ( 0.0000000000000000000, 0.0000000000000000000, -1.000000000000000000 ) ) ;
#3925 = CARTESIAN_POINT ( 'NONE',  ( -3.274999999999999500, 0.7999999999999998200, -1.550000000000000300 ) ) ;
#3926 = VERTEX_POINT ( 'NONE', #4196 ) ;
#3927 = ORIENTED_EDGE ( 'NONE', *, *, #16, .F. ) ;
#3928 = AXIS2_PLACEMENT_3D ( 'NONE', #1779, #7933, #9402 ) ;
#3929 = CIRCLE ( 'NONE', #2719, 0.1000000000000000500 ) ;
#3930 = VERTEX_POINT ( 'NONE', #3434 ) ;
#3931 = DIRECTION ( 'NONE',  ( 0.0000000000000000000, 0.0000000000000000000, 1.000000000000000000 ) ) ;
#3932 = DIRECTION ( 'NONE',  ( -1.000000000000000000, -0.0000000000000000000, -0.0000000000000000000 ) ) ;
#3933 = EDGE_CURVE ( 'NONE', #2958, #8858, #4445, .T. ) ;
#3934 = ORIENTED_EDGE ( 'NONE', *, *, #1944, .T. ) ;
#3935 = CIRCLE ( 'NONE', #2144, 0.2999999999999997100 ) ;
#3936 = ADVANCED_FACE ( 'NONE', ( #9044 ), #8892, .F. ) ;
#3937 = ORIENTED_EDGE ( 'NONE', *, *, #2037, .F. ) ;
#3938 = LINE ( 'NONE', #6841, #6463 ) ;
#3939 = DIRECTION ( 'NONE',  ( -0.0000000000000000000, -0.0000000000000000000, -1.000000000000000000 ) ) ;
#3940 = EDGE_LOOP ( 'NONE', ( #5434, #5740, #3923, #6583 ) ) ;
#3941 = ORIENTED_EDGE ( 'NONE', *, *, #9198, .T. ) ;
#3942 = CARTESIAN_POINT ( 'NONE',  ( 4.525000000000001200, 1.700000000000000000, 1.249999999999986000 ) ) ;
#3943 = VECTOR ( 'NONE', #329, 1000.000000000000000 ) ;
#3944 = ORIENTED_EDGE ( 'NONE', *, *, #3549, .T. ) ;
#3945 = CARTESIAN_POINT ( 'NONE',  ( -2.974999999999999200, 2.140000000000000100, -1.400000000000000600 ) ) ;
#3946 = CYLINDRICAL_SURFACE ( 'NONE', #9205, 0.1499999999999999700 ) ;
#3947 = ORIENTED_EDGE ( 'NONE', *, *, #6053, .F. ) ;
#3948 = ORIENTED_EDGE ( 'NONE', *, *, #4643, .T. ) ;
#3949 = DIRECTION ( 'NONE',  ( 0.0000000000000000000, 7.228014483236719200E-016, 1.000000000000000000 ) ) ;
#3950 = STYLED_ITEM ( 'NONE', ( #6485 ), #3824 ) ;
#3951 = CARTESIAN_POINT ( 'NONE',  ( -5.874999999999999100, 3.399999999999999900, -1.550000000000000500 ) ) ;
#3952 = CARTESIAN_POINT ( 'NONE',  ( 2.975000000000000100, 2.039999999999999100, -1.600000000000000800 ) ) ;
#3953 = FACE_OUTER_BOUND ( 'NONE', #411, .T. ) ;
#3954 = ORIENTED_EDGE ( 'NONE', *, *, #9995, .F. ) ;
#3955 = CARTESIAN_POINT ( 'NONE',  ( -3.274999999999999500, 0.0000000000000000000, -1.950000000000000800 ) ) ;
#3956 = DIRECTION ( 'NONE',  ( 1.000000000000000000, 0.0000000000000000000, 0.0000000000000000000 ) ) ;
#3957 = COLOUR_RGB ( '',0.7921568627450980000, 0.8196078431372548800, 0.9333333333333333500 ) ;
#3958 = ORIENTED_EDGE ( 'NONE', *, *, #7228, .F. ) ;
#3959 = ORIENTED_EDGE ( 'NONE', *, *, #3983, .F. ) ;
#3960 = DIRECTION ( 'NONE',  ( 1.000000000000000000, 5.421010862427532000E-016, 0.0000000000000000000 ) ) ;
#3961 = EDGE_CURVE ( 'NONE', #1230, #2683, #5765, .T. ) ;
#3962 = ADVANCED_FACE ( 'NONE', ( #6718 ), #1764, .T. ) ;
#3963 = VECTOR ( 'NONE', #9653, 1000.000000000000000 ) ;
#3964 = VERTEX_POINT ( 'NONE', #5689 ) ;
#3965 = CARTESIAN_POINT ( 'NONE',  ( 5.274999999999998600, 0.5999999999999998700, 2.400000000000003000 ) ) ;
#3966 = CARTESIAN_POINT ( 'NONE',  ( 5.594999999999998000, 1.430000000000000200, 2.650000000000000400 ) ) ;
#3967 = EDGE_CURVE ( 'NONE', #9615, #2443, #9394, .T. ) ;
#3968 = VECTOR ( 'NONE', #2706, 1000.000000000000000 ) ;
#3969 = VECTOR ( 'NONE', #7578, 1000.000000000000000 ) ;
#3970 = ORIENTED_EDGE ( 'NONE', *, *, #8696, .T. ) ;
#3971 = CARTESIAN_POINT ( 'NONE',  ( 0.4750000000000005900, 0.5000000000000000000, -2.550000000000000300 ) ) ;
#3972 = EDGE_CURVE ( 'NONE', #7368, #7421, #71, .T. ) ;
#3973 = LINE ( 'NONE', #5465, #6386 ) ;
#3974 =( GEOMETRIC_REPRESENTATION_CONTEXT ( 3 ) GLOBAL_UNCERTAINTY_ASSIGNED_CONTEXT ( ( #4252 ) ) GLOBAL_UNIT_ASSIGNED_CONTEXT ( ( #3006, #646, #7523 ) ) REPRESENTATION_CONTEXT ( 'NONE', 'WORKASPACE' ) );
#3975 = LINE ( 'NONE', #2997, #8934 ) ;
#3976 = ORIENTED_EDGE ( 'NONE', *, *, #9745, .T. ) ;
#3977 = CARTESIAN_POINT ( 'NONE',  ( 0.0000000000000000000, 0.0000000000000000000, 0.0000000000000000000 ) ) ;
#3978 = DIRECTION ( 'NONE',  ( -1.000000000000000000, -0.0000000000000000000, -0.0000000000000000000 ) ) ;
#3979 = DIRECTION ( 'NONE',  ( -1.000000000000000000, -0.0000000000000000000, -0.0000000000000000000 ) ) ;
#3980 = CYLINDRICAL_SURFACE ( 'NONE', #7816, 0.1000000000000002600 ) ;
#3981 = ADVANCED_FACE ( 'NONE', ( #6959 ), #9582, .F. ) ;
#3982 = DIRECTION ( 'NONE',  ( -1.000000000000000000, -0.0000000000000000000, -0.0000000000000000000 ) ) ;
#3983 = EDGE_CURVE ( 'NONE', #1731, #162, #3094, .T. ) ;
#3984 = FACE_OUTER_BOUND ( 'NONE', #2413, .T. ) ;
#3985 = DIRECTION ( 'NONE',  ( 0.0000000000000000000, -7.228014483236719200E-016, -1.000000000000000000 ) ) ;
#3986 = ORIENTED_EDGE ( 'NONE', *, *, #5214, .F. ) ;
#3987 = AXIS2_PLACEMENT_3D ( 'NONE', #5234, #3625, #9056 ) ;
#3989 = PLANE ( 'NONE',  #7771 ) ;
#3988 = VECTOR ( 'NONE', #3720, 1000.000000000000000 ) ;
#3990 = DIRECTION ( 'NONE',  ( 0.0000000000000000000, 0.0000000000000000000, -1.000000000000000000 ) ) ;
#3991 = CARTESIAN_POINT ( 'NONE',  ( 5.205000000000000100, 3.399999999999999900, 2.650000000000000400 ) ) ;
#3992 = CARTESIAN_POINT ( 'NONE',  ( -0.7749999999999996900, 0.5000000000000000000, -1.849999999999999900 ) ) ;
#3993 = ORIENTED_EDGE ( 'NONE', *, *, #969, .F. ) ;
#3994 = CLOSED_SHELL ( 'NONE', ( #1037, #5237, #4972, #7466, #448, #6394, #569, #982, #6629, #8217 ) ) ;
#3995 = VECTOR ( 'NONE', #3576, 1000.000000000000000 ) ;
#3996 = VECTOR ( 'NONE', #556, 1000.000000000000000 ) ;
#3997 = DIRECTION ( 'NONE',  ( -1.000000000000000000, -0.0000000000000000000, -0.0000000000000000000 ) ) ;
#3998 = ORIENTED_EDGE ( 'NONE', *, *, #6864, .T. ) ;
#3999 = CARTESIAN_POINT ( 'NONE',  ( 2.975000000000000100, 0.5000000000000000000, -1.849999999999999900 ) ) ;
#4000 = VERTEX_POINT ( 'NONE', #1784 ) ;
#4001 = ORIENTED_EDGE ( 'NONE', *, *, #5346, .F. ) ;
#4002 = ADVANCED_FACE ( 'NONE', ( #3578 ), #3946, .T. ) ;
#4003 = CARTESIAN_POINT ( 'NONE',  ( 6.274999999999998600, 0.2999999999999989900, 1.850000000000000100 ) ) ;
#4004 = LINE ( 'NONE', #7115, #9705 ) ;
#4005 = VECTOR ( 'NONE', #9777, 1000.000000000000000 ) ;
#4006 = CARTESIAN_POINT ( 'NONE',  ( -4.524999999999999500, 0.1000000000000007100, -1.850000000000000100 ) ) ;
#4007 = ORIENTED_EDGE ( 'NONE', *, *, #2671, .T. ) ;
#4008 =( LENGTH_UNIT ( ) NAMED_UNIT ( * ) SI_UNIT ( .MILLI., .METRE. ) );
#4009 = VERTEX_POINT ( 'NONE', #8816 ) ;
#4010 = PLANE ( 'NONE',  #3521 ) ;
#4011 = VERTEX_POINT ( 'NONE', #8755 ) ;
#4012 = ORIENTED_EDGE ( 'NONE', *, *, #2026, .T. ) ;
#4013 = CARTESIAN_POINT ( 'NONE',  ( 0.7750000000000004700, 0.5000000000000000000, -1.849999999999999900 ) ) ;
#4014 = DIRECTION ( 'NONE',  ( -1.000000000000000000, -0.0000000000000000000, -0.0000000000000000000 ) ) ;
#4015 = VECTOR ( 'NONE', #5843, 1000.000000000000000 ) ;
#4016 = VECTOR ( 'NONE', #6426, 1000.000000000000000 ) ;
#4018 = DIRECTION ( 'NONE',  ( 0.0000000000000000000, 0.0000000000000000000, -1.000000000000000000 ) ) ;
#4017 = VECTOR ( 'NONE', #1210, 1000.000000000000000 ) ;
#4019 = AXIS2_PLACEMENT_3D ( 'NONE', #2274, #7653, #742 ) ;
#4020 = ORIENTED_EDGE ( 'NONE', *, *, #6700, .F. ) ;
#4021 = EDGE_LOOP ( 'NONE', ( #1395, #8403, #7633, #3529 ) ) ;
#4022 = CARTESIAN_POINT ( 'NONE',  ( -5.974999999999999600, 0.2999999999999989900, 1.850000000000000100 ) ) ;
#4023 = ORIENTED_EDGE ( 'NONE', *, *, #9813, .F. ) ;
#4024 = ORIENTED_EDGE ( 'NONE', *, *, #2091, .T. ) ;
#4025 = CARTESIAN_POINT ( 'NONE',  ( -0.7749999999999996900, 0.1000000000000007100, -1.850000000000000100 ) ) ;
#4026 = CARTESIAN_POINT ( 'NONE',  ( 5.594999999999998000, 2.180000000000000200, 2.650000000000000400 ) ) ;
#4027 = LINE ( 'NONE', #2521, #6556 ) ;
#4028 = EDGE_CURVE ( 'NONE', #6430, #2927, #9768, .T. ) ;
#4029 = VECTOR ( 'NONE', #6899, 1000.000000000000000 ) ;
#4030 = EDGE_CURVE ( 'NONE', #4534, #7899, #2378, .T. ) ;
#4031 = ORIENTED_EDGE ( 'NONE', *, *, #80, .F. ) ;
#4032 = ADVANCED_FACE ( 'NONE', ( #8025 ), #2614, .F. ) ;
#4033 = ORIENTED_EDGE ( 'NONE', *, *, #6423, .F. ) ;
#4034 = ORIENTED_EDGE ( 'NONE', *, *, #3179, .T. ) ;
#4035 = EDGE_CURVE ( 'NONE', #3964, #2242, #4912, .T. ) ;
#4036 = PLANE ( 'NONE',  #5745 ) ;
#4037 = AXIS2_PLACEMENT_3D ( 'NONE', #3432, #5150, #8785 ) ;
#4038 = DIRECTION ( 'NONE',  ( -1.000000000000000000, -0.0000000000000000000, -0.0000000000000000000 ) ) ;
#4039 = LINE ( 'NONE', #7011, #6336 ) ;
#4040 = LINE ( 'NONE', #3965, #1389 ) ;
#4041 = VERTEX_POINT ( 'NONE', #267 ) ;
#4042 = DIRECTION ( 'NONE',  ( 0.0000000000000000000, 0.0000000000000000000, 1.000000000000000000 ) ) ;
#4043 = ORIENTED_EDGE ( 'NONE', *, *, #3797, .F. ) ;
#4044 = EDGE_CURVE ( 'NONE', #274, #1867, #7427, .T. ) ;
#4045 = DIRECTION ( 'NONE',  ( 0.7071067811865452400, -0.7071067811865497900, 0.0000000000000000000 ) ) ;
#4046 = DIRECTION ( 'NONE',  ( -1.000000000000000000, 0.0000000000000000000, 0.0000000000000000000 ) ) ;
#4047 = DIRECTION ( 'NONE',  ( 0.0000000000000000000, 0.0000000000000000000, 1.000000000000000000 ) ) ;
#4048 = LINE ( 'NONE', #1057, #9865 ) ;
#4049 = PLANE ( 'NONE',  #8240 ) ;
#4050 = AXIS2_PLACEMENT_3D ( 'NONE', #3386, #4352, #8070 ) ;
#4051 = ORIENTED_EDGE ( 'NONE', *, *, #9555, .F. ) ;
#4052 = AXIS2_PLACEMENT_3D ( 'NONE', #8083, #2763, #6641 ) ;
#4053 = CARTESIAN_POINT ( 'NONE',  ( -4.524999999999999500, 1.700000000000000000, -1.000000000000000700 ) ) ;
#4054 = CARTESIAN_POINT ( 'NONE',  ( -0.7749999999999996900, 0.7999999999999998200, -1.550000000000000300 ) ) ;
#4055 = ORIENTED_EDGE ( 'NONE', *, *, #7503, .T. ) ;
#4056 = ADVANCED_FACE ( 'NONE', ( #7300 ), #6715, .F. ) ;
#4057 = CARTESIAN_POINT ( 'NONE',  ( -2.974999999999999200, 1.399999999999999700, -1.700000000000000800 ) ) ;
#4058 = VECTOR ( 'NONE', #2560, 1000.000000000000000 ) ;
#4059 = EDGE_CURVE ( 'NONE', #7890, #7555, #3205, .T. ) ;
#4060 = CARTESIAN_POINT ( 'NONE',  ( -4.285000000000000100, 3.469233347080714400, 1.250000000000000700 ) ) ;
#4061 = CARTESIAN_POINT ( 'NONE',  ( -6.274999999999998600, 0.2999999999999989900, 1.850000000000000100 ) ) ;
#4062 = ORIENTED_EDGE ( 'NONE', *, *, #6937, .T. ) ;
#4063 = VERTEX_POINT ( 'NONE', #5079 ) ;
#4064 = VECTOR ( 'NONE', #1172, 1000.000000000000000 ) ;
#4065 = ORIENTED_EDGE ( 'NONE', *, *, #6047, .T. ) ;
#4066 = VECTOR ( 'NONE', #9277, 1000.000000000000000 ) ;
#4067 = ORIENTED_EDGE ( 'NONE', *, *, #3628, .F. ) ;
#4068 = CARTESIAN_POINT ( 'NONE',  ( -4.224999999999999600, 2.039999999999999100, -1.600000000000000800 ) ) ;
#4069 = ORIENTED_EDGE ( 'NONE', *, *, #2037, .T. ) ;
#4070 = CARTESIAN_POINT ( 'NONE',  ( -5.874999999999999100, 3.000000000000000000, 2.650000000000000400 ) ) ;
#4071 = FACE_OUTER_BOUND ( 'NONE', #7625, .T. ) ;
#4072 = VERTEX_POINT ( 'NONE', #5050 ) ;
#4073 = VERTEX_POINT ( 'NONE', #5819 ) ;
#4074 = CARTESIAN_POINT ( 'NONE',  ( 1.725000000000000800, 2.040000000000000000, -1.500000000000000700 ) ) ;
#4075 = DIRECTION ( 'NONE',  ( 1.000000000000000000, -5.421010862427532000E-016, 0.0000000000000000000 ) ) ;
#4076 = FACE_OUTER_BOUND ( 'NONE', #8162, .T. ) ;
#4077 = ADVANCED_FACE ( 'NONE', ( #9519 ), #4363, .F. ) ;
#4078 = LINE ( 'NONE', #7635, #450 ) ;
#4079 = ORIENTED_EDGE ( 'NONE', *, *, #6478, .T. ) ;
#4080 = CARTESIAN_POINT ( 'NONE',  ( 2.975000000000000100, 0.6000000000000007500, -2.449999999999999700 ) ) ;
#4081 = EDGE_CURVE ( 'NONE', #4009, #3301, #1874, .T. ) ;
#4082 = EDGE_CURVE ( 'NONE', #4312, #6874, #5528, .T. ) ;
#4083 = CARTESIAN_POINT ( 'NONE',  ( 5.674999999999999800, -5.755839955992548600E-017, -1.550000000000000300 ) ) ;
#4084 = VECTOR ( 'NONE', #9440, 1000.000000000000000 ) ;
#4085 = CARTESIAN_POINT ( 'NONE',  ( -0.4749999999999997600, 2.140000000000000100, -1.400000000000000600 ) ) ;
#4086 = PLANE ( 'NONE',  #1465 ) ;
#4087 = FACE_OUTER_BOUND ( 'NONE', #7777, .T. ) ;
#4088 = ORIENTED_EDGE ( 'NONE', *, *, #1373, .F. ) ;
#4089 = EDGE_CURVE ( 'NONE', #4375, #1404, #560, .T. ) ;
#4090 = AXIS2_PLACEMENT_3D ( 'NONE', #9839, #573, #2029 ) ;
#4091 = VECTOR ( 'NONE', #6231, 1000.000000000000000 ) ;
#4092 = CARTESIAN_POINT ( 'NONE',  ( -5.874999999999999100, 3.399999999999999900, 2.650000000000000400 ) ) ;
#4093 = CIRCLE ( 'NONE', #672, 0.1000000000000000500 ) ;
#4094 = DIRECTION ( 'NONE',  ( 0.0000000000000000000, 0.0000000000000000000, -1.000000000000000000 ) ) ;
#4095 = COLOUR_RGB ( '',0.7921568627450980000, 0.8196078431372548800, 0.9333333333333333500 ) ;
#4096 = VERTEX_POINT ( 'NONE', #3649 ) ;
#4097 = EDGE_CURVE ( 'NONE', #1840, #8846, #8288, .T. ) ;
#4098 = CARTESIAN_POINT ( 'NONE',  ( 7.575000000000002000, 0.0000000000000000000, 1.850000000000000100 ) ) ;
#4099 = ADVANCED_FACE ( 'NONE', ( #6248 ), #7787, .F. ) ;
#4100 = CIRCLE ( 'NONE', #7998, 0.1000000000000000500 ) ;
#4101 = AXIS2_PLACEMENT_3D ( 'NONE', #8492, #3142, #1632 ) ;
#4102 = AXIS2_PLACEMENT_3D ( 'NONE', #8989, #3637, #2880 ) ;
#4103 = ORIENTED_EDGE ( 'NONE', *, *, #10026, .T. ) ;
#4104 = CARTESIAN_POINT ( 'NONE',  ( 5.874999999999999100, 3.000000000000000000, 2.650000000000000400 ) ) ;
#4105 = ORIENTED_EDGE ( 'NONE', *, *, #201, .F. ) ;
#4106 = CARTESIAN_POINT ( 'NONE',  ( 4.225000000000001400, 0.7999999999999999300, -1.400000000000000600 ) ) ;
#4107 = CARTESIAN_POINT ( 'NONE',  ( 2.025000000000000800, 1.700000000000000000, 3.457774721070176100 ) ) ;
#4108 = CARTESIAN_POINT ( 'NONE',  ( 2.025000000000000800, 0.5000000000000000000, -1.849999999999999900 ) ) ;
#4109 = CARTESIAN_POINT ( 'NONE',  ( -4.309324500821434300, 1.615675499178565100, 1.850000000000000500 ) ) ;
#4110 = VECTOR ( 'NONE', #4476, 1000.000000000000000 ) ;
#4111 = FACE_OUTER_BOUND ( 'NONE', #9338, .T. ) ;
#4112 = DIRECTION ( 'NONE',  ( 0.0000000000000000000, 0.0000000000000000000, 1.000000000000000000 ) ) ;
#4113 = EDGE_CURVE ( 'NONE', #2472, #9601, #4187, .T. ) ;
#4114 = ORIENTED_EDGE ( 'NONE', *, *, #3244, .T. ) ;
#4115 = EDGE_LOOP ( 'NONE', ( #7127, #1246, #4246, #119 ) ) ;
#4116 = EDGE_LOOP ( 'NONE', ( #619, #5944, #511, #7509 ) ) ;
#4117 = PLANE ( 'NONE',  #2080 ) ;
#4118 = STYLED_ITEM ( 'NONE', ( #3360 ), #2024 ) ;
#4119 = DIRECTION ( 'NONE',  ( -0.0000000000000000000, -0.0000000000000000000, 1.000000000000000000 ) ) ;
#4120 = DIRECTION ( 'NONE',  ( -7.228014483236702500E-016, 1.000000000000000000, 0.0000000000000000000 ) ) ;
#4121 = VECTOR ( 'NONE', #4678, 1000.000000000000000 ) ;
#4122 = FACE_OUTER_BOUND ( 'NONE', #2357, .T. ) ;
#4123 = ORIENTED_EDGE ( 'NONE', *, *, #3047, .F. ) ;
#4124 = CARTESIAN_POINT ( 'NONE',  ( 3.275000000000000400, 0.4000000000000001900, -2.649999999999999900 ) ) ;
#4125 = VERTEX_POINT ( 'NONE', #8122 ) ;
#4126 = ORIENTED_EDGE ( 'NONE', *, *, #2726, .T. ) ;
#4127 = ADVANCED_FACE ( 'NONE', ( #1647 ), #9640, .F. ) ;
#4128 = FACE_OUTER_BOUND ( 'NONE', #5525, .T. ) ;
#4129 = LINE ( 'NONE', #931, #5958 ) ;
#4130 = CARTESIAN_POINT ( 'NONE',  ( -4.224999999999999600, 1.500000000000000000, -1.700000000000000800 ) ) ;
#4131 = CARTESIAN_POINT ( 'NONE',  ( 4.525000000000001200, 1.399999999999999700, -2.299999999999999800 ) ) ;
#4132 = AXIS2_PLACEMENT_3D ( 'NONE', #7095, #7160, #9526 ) ;
#4133 = ORIENTED_EDGE ( 'NONE', *, *, #8947, .F. ) ;
#4134 = VERTEX_POINT ( 'NONE', #3609 ) ;
#4135 = ORIENTED_EDGE ( 'NONE', *, *, #8813, .F. ) ;
#4136 = CARTESIAN_POINT ( 'NONE',  ( 5.274999999999998600, 2.180000000000000200, -12.21954250419119600 ) ) ;
#4137 = LINE ( 'NONE', #6300, #517 ) ;
#4138 = FACE_OUTER_BOUND ( 'NONE', #8774, .T. ) ;
#4139 = DIRECTION ( 'NONE',  ( -1.000000000000000000, -0.0000000000000000000, -0.0000000000000000000 ) ) ;
#4140 = DIRECTION ( 'NONE',  ( -0.0000000000000000000, -0.0000000000000000000, -1.000000000000000000 ) ) ;
#4141 = ORIENTED_EDGE ( 'NONE', *, *, #3495, .T. ) ;
#4142 = EDGE_CURVE ( 'NONE', #3158, #1277, #3703, .T. ) ;
#4143 = CARTESIAN_POINT ( 'NONE',  ( 4.525000000000001200, 1.399999999999999900, -2.299999999999999800 ) ) ;
#4144 = ORIENTED_EDGE ( 'NONE', *, *, #8152, .T. ) ;
#4145 = CARTESIAN_POINT ( 'NONE',  ( -2.024999999999999500, 0.4000000000000001900, -2.550000000000000300 ) ) ;
#4146 = ORIENTED_EDGE ( 'NONE', *, *, #852, .F. ) ;
#4147 = CARTESIAN_POINT ( 'NONE',  ( -6.874999999999995600, 0.2999999999999990500, 5.480194339616986100 ) ) ;
#4148 = EDGE_CURVE ( 'NONE', #5783, #644, #5290, .T. ) ;
#4149 = LINE ( 'NONE', #4353, #2103 ) ;
#4150 = FACE_OUTER_BOUND ( 'NONE', #4756, .T. ) ;
#4151 = PRESENTATION_STYLE_ASSIGNMENT (( #6267 ) ) ;
#4152 = ADVANCED_FACE ( 'NONE', ( #6014 ), #4405, .F. ) ;
#4153 = EDGE_LOOP ( 'NONE', ( #8594, #1139, #9415, #4842 ) ) ;
#4154 = DIRECTION ( 'NONE',  ( 0.0000000000000000000, 1.000000000000000000, -0.0000000000000000000 ) ) ;
#4155 = CARTESIAN_POINT ( 'NONE',  ( 0.4892508373872108700, 0.9642508373872099600, 1.351399976863563800 ) ) ;
#4156 = CARTESIAN_POINT ( 'NONE',  ( -4.524999999999999500, 0.4000000000000001900, -2.649999999999999900 ) ) ;
#4157 = CARTESIAN_POINT ( 'NONE',  ( -0.4749999999999997600, 2.039999999999999100, -1.600000000000000800 ) ) ;
#4158 = ORIENTED_EDGE ( 'NONE', *, *, #9641, .F. ) ;
#4159 = EDGE_LOOP ( 'NONE', ( #7956, #7939, #3807, #8108 ) ) ;
#4160 = EDGE_CURVE ( 'NONE', #9891, #5006, #6137, .T. ) ;
#4161 = EDGE_CURVE ( 'NONE', #1404, #7487, #8161, .T. ) ;
#4163 = DIRECTION ( 'NONE',  ( 0.0000000000000000000, 0.0000000000000000000, -1.000000000000000000 ) ) ;
#4162 = LINE ( 'NONE', #6164, #8762 ) ;
#4164 = LINE ( 'NONE', #2386, #765 ) ;
#4165 = ORIENTED_EDGE ( 'NONE', *, *, #8970, .F. ) ;
#4166 = EDGE_CURVE ( 'NONE', #2617, #8205, #428, .T. ) ;
#4167 = EDGE_LOOP ( 'NONE', ( #5397, #9945, #3697, #6858, #8664, #472, #5524, #3558, #8512, #6307, #1334, #6092, #3519, #6152, #1150, #7615, #4649, #8249, #2736, #5323 ) ) ;
#4168 = ORIENTED_EDGE ( 'NONE', *, *, #7910, .T. ) ;
#4169 = AXIS2_PLACEMENT_3D ( 'NONE', #9948, #4478, #703 ) ;
#4170 = DIRECTION ( 'NONE',  ( 1.000000000000000000, 0.0000000000000000000, 0.0000000000000000000 ) ) ;
#4171 = DIRECTION ( 'NONE',  ( -1.000000000000000000, -0.0000000000000000000, 0.0000000000000000000 ) ) ;
#4172 = CARTESIAN_POINT ( 'NONE',  ( 7.575000000000000200, 0.2500000000000000000, 1.850000000000000100 ) ) ;
#4173 =( NAMED_UNIT ( * ) SI_UNIT ( $, .STERADIAN. ) SOLID_ANGLE_UNIT ( ) );
#4174 = FACE_OUTER_BOUND ( 'NONE', #1648, .T. ) ;
#4175 = VERTEX_POINT ( 'NONE', #2887 ) ;
#4176 = EDGE_CURVE ( 'NONE', #243, #328, #8540, .T. ) ;
#4177 = PLANE ( 'NONE',  #1642 ) ;
#4178 = EDGE_LOOP ( 'NONE', ( #9118, #9385, #1801, #2612, #6539, #2261, #2546, #4687, #2208, #2058, #8763, #8277, #6656, #8501, #6497, #7044, #3658 ) ) ;
#4179 = VERTEX_POINT ( 'NONE', #575 ) ;
#4180 = CARTESIAN_POINT ( 'NONE',  ( 1.725000000000000800, 1.500000000000000000, -1.700000000000000800 ) ) ;
#4181 = VECTOR ( 'NONE', #2190, 1000.000000000000000 ) ;
#4182 = ORIENTED_EDGE ( 'NONE', *, *, #1258, .F. ) ;
#4183 = ADVANCED_FACE ( 'NONE', ( #2963 ), #3026, .F. ) ;
#4184 = CARTESIAN_POINT ( 'NONE',  ( -3.274999999999999500, 0.9499999999999998400, 1.249999999999986000 ) ) ;
#4185 = AXIS2_PLACEMENT_3D ( 'NONE', #2118, #3707, #9092 ) ;
#4186 = CARTESIAN_POINT ( 'NONE',  ( -4.524999999999999500, 1.399999999999999900, -2.299999999999999800 ) ) ;
#4187 = LINE ( 'NONE', #8266, #2134 ) ;
#4188 = DIRECTION ( 'NONE',  ( -1.000000000000000000, -0.0000000000000000000, -0.0000000000000000000 ) ) ;
#4189 = UNCERTAINTY_MEASURE_WITH_UNIT (LENGTH_MEASURE( 1.000000000000000100E-005 ), #1899, 'distance_accuracy_value', 'NONE');
#4190 = ORIENTED_EDGE ( 'NONE', *, *, #6547, .F. ) ;
#4191 = DIRECTION ( 'NONE',  ( -3.097720492815727200E-016, 0.0000000000000000000, -1.000000000000000000 ) ) ;
#4192 = DIRECTION ( 'NONE',  ( -0.0000000000000000000, -0.0000000000000000000, -1.000000000000000000 ) ) ;
#4193 = CARTESIAN_POINT ( 'NONE',  ( 2.025000000000000800, 0.5000000000000000000, -1.550000000000000300 ) ) ;
#4194 = VECTOR ( 'NONE', #9467, 1000.000000000000000 ) ;
#4195 = VERTEX_POINT ( 'NONE', #2131 ) ;
#4196 = CARTESIAN_POINT ( 'NONE',  ( -2.024999999999999500, 0.9499999999999998400, -1.000000000000000700 ) ) ;
#4197 = PLANE ( 'NONE',  #7328 ) ;
#4198 = VERTEX_POINT ( 'NONE', #3817 ) ;
#4199 = ORIENTED_EDGE ( 'NONE', *, *, #4148, .T. ) ;
#4200 = AXIS2_PLACEMENT_3D ( 'NONE', #1182, #5928, #441 ) ;
#4201 = DIRECTION ( 'NONE',  ( -1.000000000000000000, -0.0000000000000000000, 0.0000000000000000000 ) ) ;
#4202 = FACE_OUTER_BOUND ( 'NONE', #1114, .T. ) ;
#4203 = ORIENTED_EDGE ( 'NONE', *, *, #8813, .T. ) ;
#4204 = CARTESIAN_POINT ( 'NONE',  ( -5.274999999999999500, 0.5999999999999998700, 2.400000000000003000 ) ) ;
#4205 = DIRECTION ( 'NONE',  ( 0.0000000000000000000, 0.0000000000000000000, -1.000000000000000000 ) ) ;
#4206 = DIRECTION ( 'NONE',  ( -1.000000000000000000, -0.0000000000000000000, -0.0000000000000000000 ) ) ;
#4207 = CARTESIAN_POINT ( 'NONE',  ( 0.4750000000000005900, 1.399999999999999700, -2.299999999999999800 ) ) ;
#4208 = ADVANCED_FACE ( 'NONE', ( #6587 ), #7606, .F. ) ;
#4209 = VECTOR ( 'NONE', #5017, 1000.000000000000000 ) ;
#4210 = VERTEX_POINT ( 'NONE', #3719 ) ;
#4211 = AXIS2_PLACEMENT_3D ( 'NONE', #8363, #1448, #4535 ) ;
#4212 = PLANE ( 'NONE',  #3669 ) ;
#4213 = CARTESIAN_POINT ( 'NONE',  ( -6.274999999999998600, 0.2499999999999996700, -0.3500000000000000300 ) ) ;
#4214 = CARTESIAN_POINT ( 'NONE',  ( 2.025000000000000800, 0.0000000000000000000, -2.549999999999999400 ) ) ;
#4215 = DIRECTION ( 'NONE',  ( 1.000000000000000000, 0.0000000000000000000, 0.0000000000000000000 ) ) ;
#4216 = VECTOR ( 'NONE', #844, 1000.000000000000000 ) ;
#4217 = LINE ( 'NONE', #3687, #5800 ) ;
#4218 = ORIENTED_EDGE ( 'NONE', *, *, #2300, .T. ) ;
#4219 = EDGE_CURVE ( 'NONE', #8419, #3056, #8770, .T. ) ;
#4220 = EDGE_CURVE ( 'NONE', #4778, #9635, #9161, .T. ) ;
#4221 = PLANE ( 'NONE',  #6794 ) ;
#4222 = VECTOR ( 'NONE', #3862, 1000.000000000000000 ) ;
#4223 = CARTESIAN_POINT ( 'NONE',  ( 4.525000000000001200, 1.500000000000000000, -1.600000000000001000 ) ) ;
#4224 = CARTESIAN_POINT ( 'NONE',  ( -2.974999999999999200, 0.5000000000000000000, -1.849999999999999900 ) ) ;
#4225 = ORIENTED_EDGE ( 'NONE', *, *, #5741, .F. ) ;
#4226 = EDGE_CURVE ( 'NONE', #5626, #887, #7174, .T. ) ;
#4227 = LINE ( 'NONE', #3040, #838 ) ;
#4228 = ORIENTED_EDGE ( 'NONE', *, *, #2369, .F. ) ;
#4229 = AXIS2_PLACEMENT_3D ( 'NONE', #4361, #5145, #6675 ) ;
#4230 = CARTESIAN_POINT ( 'NONE',  ( -4.524999999999999500, 0.6000000000000007500, -2.550000000000000300 ) ) ;
#4231 = ADVANCED_FACE ( 'NONE', ( #6460 ), #1455, .F. ) ;
#4232 = LINE ( 'NONE', #577, #8824 ) ;
#4233 = EDGE_CURVE ( 'NONE', #3821, #2504, #6949, .T. ) ;
#4234 = CLOSED_SHELL ( 'NONE', ( #4474, #3115, #1371, #3981, #2776, #527, #5210, #4310, #3962, #7129, #352, #7243, #2436, #2684, #8093, #2556, #1211, #2803, #7053 ) ) ;
#4235 = ORIENTED_EDGE ( 'NONE', *, *, #7945, .T. ) ;
#4236 = CARTESIAN_POINT ( 'NONE',  ( -5.524999999999999500, 3.399999999999999900, 2.650000000000000400 ) ) ;
#4237 = CARTESIAN_POINT ( 'NONE',  ( 7.575000000000000200, 0.2500000000000000000, -0.3500000000000000300 ) ) ;
#4238 = VECTOR ( 'NONE', #3141, 1000.000000000000000 ) ;
#4239 = COLOUR_RGB ( '',0.7921568627450980000, 0.8196078431372548800, 0.9333333333333333500 ) ;
#4240 = AXIS2_PLACEMENT_3D ( 'NONE', #1818, #7915, #9476 ) ;
#4241 = CARTESIAN_POINT ( 'NONE',  ( -4.285000000000000100, 3.469233347080714400, 1.250000000000000700 ) ) ;
#4242 = CARTESIAN_POINT ( 'NONE',  ( 4.225000000000001400, 0.5000000000000000000, -2.550000000000000300 ) ) ;
#4243 = VERTEX_POINT ( 'NONE', #2266 ) ;
#4244 = DIRECTION ( 'NONE',  ( 0.0000000000000000000, 0.0000000000000000000, -1.000000000000000000 ) ) ;
#4245 = VERTEX_POINT ( 'NONE', #7641 ) ;
#4246 = ORIENTED_EDGE ( 'NONE', *, *, #4298, .F. ) ;
#4247 = DIRECTION ( 'NONE',  ( -1.000000000000000000, -0.0000000000000000000, -0.0000000000000000000 ) ) ;
#4248 = DIRECTION ( 'NONE',  ( 0.0000000000000000000, 0.0000000000000000000, 1.000000000000000000 ) ) ;
#4249 = EDGE_CURVE ( 'NONE', #9370, #1870, #9998, .T. ) ;
#4250 = CYLINDRICAL_SURFACE ( 'NONE', #6828, 0.09999999999999982500 ) ;
#4251 = CARTESIAN_POINT ( 'NONE',  ( 1.725000000000000800, 0.9499999999999998400, 1.249999999999986000 ) ) ;
#4252 = UNCERTAINTY_MEASURE_WITH_UNIT (LENGTH_MEASURE( 1.000000000000000100E-005 ), #3006, 'distance_accuracy_value', 'NONE');
#4253 = CARTESIAN_POINT ( 'NONE',  ( 3.275000000000000400, 0.7999999999999999300, -1.400000000000000600 ) ) ;
#4254 = ORIENTED_EDGE ( 'NONE', *, *, #9564, .T. ) ;
#4255 = VERTEX_POINT ( 'NONE', #8406 ) ;
#4256 = DIRECTION ( 'NONE',  ( 0.0000000000000000000, 0.0000000000000000000, -1.000000000000000000 ) ) ;
#4257 = AXIS2_PLACEMENT_3D ( 'NONE', #3357, #393, #2594 ) ;
#4258 = ORIENTED_EDGE ( 'NONE', *, *, #637, .T. ) ;
#4259 = ORIENTED_EDGE ( 'NONE', *, *, #5284, .T. ) ;
#4260 = CARTESIAN_POINT ( 'NONE',  ( 4.525000000000001200, 1.500000000000000000, -1.700000000000000800 ) ) ;
#4261 = CARTESIAN_POINT ( 'NONE',  ( -4.524999999999999500, 2.140000000000000100, -1.500000000000000000 ) ) ;
#4262 = FACE_OUTER_BOUND ( 'NONE', #5256, .T. ) ;
#4263 = VECTOR ( 'NONE', #230, 1000.000000000000000 ) ;
#4264 = VERTEX_POINT ( 'NONE', #7573 ) ;
#4265 = DIRECTION ( 'NONE',  ( 0.0000000000000000000, -3.614007241618353200E-016, 1.000000000000000000 ) ) ;
#4266 = ORIENTED_EDGE ( 'NONE', *, *, #344, .T. ) ;
#4267 = ORIENTED_EDGE ( 'NONE', *, *, #34, .T. ) ;
#4268 = VERTEX_POINT ( 'NONE', #9946 ) ;
#4269 = DIRECTION ( 'NONE',  ( 1.000000000000000000, 0.0000000000000000000, 0.0000000000000000000 ) ) ;
#4270 = CARTESIAN_POINT ( 'NONE',  ( 2.975000000000000100, 1.700000000000000000, 1.249999999999986000 ) ) ;
#4271 = AXIS2_PLACEMENT_3D ( 'NONE', #2595, #5677, #2633 ) ;
#4272 = LINE ( 'NONE', #5613, #398 ) ;
#4273 = LINE ( 'NONE', #6185, #8636 ) ;
#4274 = CARTESIAN_POINT ( 'NONE',  ( 4.525000000000001200, 2.140000000000000100, -1.500000000000000000 ) ) ;
#4275 = CARTESIAN_POINT ( 'NONE',  ( -5.524999999999999500, 0.3499999999999996400, 2.650000000000000400 ) ) ;
#4276 = CARTESIAN_POINT ( 'NONE',  ( -2.024999999999999500, 0.6000000000000007500, -2.449999999999999700 ) ) ;
#4277 = ORIENTED_EDGE ( 'NONE', *, *, #5910, .F. ) ;
#4278 = ORIENTED_EDGE ( 'NONE', *, *, #8895, .T. ) ;
#4279 = CARTESIAN_POINT ( 'NONE',  ( 0.4750000000000005900, 1.700000000000000000, 1.249999999999986000 ) ) ;
#4280 = LINE ( 'NONE', #10046, #9374 ) ;
#4281 = FACE_OUTER_BOUND ( 'NONE', #867, .T. ) ;
#4282 = EDGE_CURVE ( 'NONE', #887, #5466, #9757, .T. ) ;
#4283 = ADVANCED_FACE ( 'NONE', ( #4174 ), #9108, .F. ) ;
#4284 = VERTEX_POINT ( 'NONE', #6779 ) ;
#4285 = PLANE ( 'NONE',  #5176 ) ;
#4286 = CARTESIAN_POINT ( 'NONE',  ( 0.7750000000000004700, 0.4000000000000001900, -2.649999999999999900 ) ) ;
#4287 = EDGE_LOOP ( 'NONE', ( #6924, #9766, #1199, #4425 ) ) ;
#4288 = VERTEX_POINT ( 'NONE', #10042 ) ;
#4289 = EDGE_CURVE ( 'NONE', #2783, #2543, #7661, .T. ) ;
#4290 =( GEOMETRIC_REPRESENTATION_CONTEXT ( 3 ) GLOBAL_UNCERTAINTY_ASSIGNED_CONTEXT ( ( #4506 ) ) GLOBAL_UNIT_ASSIGNED_CONTEXT ( ( #8191, #9068, #8997 ) ) REPRESENTATION_CONTEXT ( 'NONE', 'WORKASPACE' ) );
#4291 = DIRECTION ( 'NONE',  ( -1.000000000000000000, -0.0000000000000000000, -0.0000000000000000000 ) ) ;
#4292 = LINE ( 'NONE', #8609, #1865 ) ;
#4293 = CARTESIAN_POINT ( 'NONE',  ( -0.4749999999999997600, 1.500000000000000000, -1.700000000000000800 ) ) ;
#4294 = CARTESIAN_POINT ( 'NONE',  ( -1.724999999999999600, 0.9499999999999998400, 3.457774721070176100 ) ) ;
#4295 = ORIENTED_EDGE ( 'NONE', *, *, #3634, .T. ) ;
#4296 = ORIENTED_EDGE ( 'NONE', *, *, #4945, .F. ) ;
#4297 = ORIENTED_EDGE ( 'NONE', *, *, #5395, .T. ) ;
#4298 = EDGE_CURVE ( 'NONE', #4501, #8645, #8146, .T. ) ;
#4299 = DIRECTION ( 'NONE',  ( -1.000000000000000000, -0.0000000000000000000, -0.0000000000000000000 ) ) ;
#4300 = EDGE_LOOP ( 'NONE', ( #229, #7986, #1847, #2960 ) ) ;
#4301 = DIRECTION ( 'NONE',  ( 0.0000000000000000000, 0.0000000000000000000, 1.000000000000000000 ) ) ;
#4302 = VECTOR ( 'NONE', #698, 1000.000000000000000 ) ;
#4303 = VERTEX_POINT ( 'NONE', #225 ) ;
#4304 = LINE ( 'NONE', #6703, #6590 ) ;
#4305 = PLANE ( 'NONE',  #1158 ) ;
#4306 = DIRECTION ( 'NONE',  ( 0.0000000000000000000, -1.000000000000000000, 0.0000000000000000000 ) ) ;
#4307 = CARTESIAN_POINT ( 'NONE',  ( 0.7750000000000004700, 0.9499999999999998400, 3.457774721070176100 ) ) ;
#4308 = ORIENTED_EDGE ( 'NONE', *, *, #2590, .T. ) ;
#4309 = DIRECTION ( 'NONE',  ( 0.0000000000000000000, -0.9902680687415708100, -0.1391731009600621100 ) ) ;
#4310 = ADVANCED_FACE ( 'NONE', ( #4787 ), #2364, .F. ) ;
#4311 = FACE_OUTER_BOUND ( 'NONE', #1809, .T. ) ;
#4312 = VERTEX_POINT ( 'NONE', #190 ) ;
#4313 = VERTEX_POINT ( 'NONE', #6946 ) ;
#4314 = EDGE_CURVE ( 'NONE', #9601, #1278, #2486, .T. ) ;
#4315 = CARTESIAN_POINT ( 'NONE',  ( 0.4750000000000005900, 0.4000000000000001900, -2.649999999999999900 ) ) ;
#4316 = EDGE_CURVE ( 'NONE', #250, #8121, #6237, .T. ) ;
#4317 = DIRECTION ( 'NONE',  ( 0.0000000000000000000, 0.0000000000000000000, 1.000000000000000000 ) ) ;
#4318 = AXIS2_PLACEMENT_3D ( 'NONE', #9351, #1732, #113 ) ;
#4319 = DIRECTION ( 'NONE',  ( -1.000000000000000000, -0.0000000000000000000, -0.0000000000000000000 ) ) ;
#4320 = VECTOR ( 'NONE', #1019, 1000.000000000000000 ) ;
#4321 = EDGE_LOOP ( 'NONE', ( #5750, #1147, #6801, #3806 ) ) ;
#4322 = ADVANCED_FACE ( 'NONE', ( #4434 ), #5451, .F. ) ;
#4323 = CARTESIAN_POINT ( 'NONE',  ( -2.024999999999999500, 2.140000000000000100, -1.400000000000000600 ) ) ;
#4324 = PLANE ( 'NONE',  #2973 ) ;
#4325 = CARTESIAN_POINT ( 'NONE',  ( -3.274999999999999500, 0.4000000000000001900, -2.649999999999999900 ) ) ;
#4326 = DIRECTION ( 'NONE',  ( 1.000000000000000000, 0.0000000000000000000, 0.0000000000000000000 ) ) ;
#4327 = VECTOR ( 'NONE', #8649, 1000.000000000000000 ) ;
#4328 = CARTESIAN_POINT ( 'NONE',  ( 0.7750000000000004700, 1.399999999999999700, -2.299999999999999800 ) ) ;
#4329 = DIRECTION ( 'NONE',  ( 0.0000000000000000000, 1.000000000000000000, -0.0000000000000000000 ) ) ;
#4330 = LINE ( 'NONE', #5005, #4693 ) ;
#4331 = EDGE_LOOP ( 'NONE', ( #8849, #2772, #8354, #8862 ) ) ;
#4332 =( NAMED_UNIT ( * ) SI_UNIT ( $, .STERADIAN. ) SOLID_ANGLE_UNIT ( ) );
#4333 = DIRECTION ( 'NONE',  ( -1.000000000000000000, -0.0000000000000000000, -0.0000000000000000000 ) ) ;
#4334 = ADVANCED_FACE ( 'NONE', ( #6128 ), #4859, .F. ) ;
#4335 = LINE ( 'NONE', #6288, #3733 ) ;
#4336 = DIRECTION ( 'NONE',  ( 1.000000000000000000, 0.0000000000000000000, 0.0000000000000000000 ) ) ;
#4337 = FACE_OUTER_BOUND ( 'NONE', #7722, .T. ) ;
#4338 = VERTEX_POINT ( 'NONE', #4824 ) ;
#4339 = CARTESIAN_POINT ( 'NONE',  ( -5.874999999999999100, 1.034324500821434800, 1.850000000000000500 ) ) ;
#4340 = DIRECTION ( 'NONE',  ( 0.0000000000000000000, -0.9902680687415708100, -0.1391731009600621100 ) ) ;
#4341 = DIRECTION ( 'NONE',  ( -1.000000000000000000, -0.0000000000000000000, -0.0000000000000000000 ) ) ;
#4342 = DIRECTION ( 'NONE',  ( 1.000000000000000000, 1.162683294890621800E-016, 0.0000000000000000000 ) ) ;
#4343 = COLOUR_RGB ( '',0.7921568627450980000, 0.8196078431372548800, 0.9333333333333333500 ) ;
#4344 = EDGE_CURVE ( 'NONE', #2425, #7327, #7413, .T. ) ;
#4345 = CIRCLE ( 'NONE', #1896, 0.1000000000000000500 ) ;
#4346 = DIRECTION ( 'NONE',  ( 0.0000000000000000000, 0.0000000000000000000, -1.000000000000000000 ) ) ;
#4347 = AXIS2_PLACEMENT_3D ( 'NONE', #36, #8686, #4830 ) ;
#4348 = VECTOR ( 'NONE', #4388, 1000.000000000000000 ) ;
#4349 = EDGE_LOOP ( 'NONE', ( #9979, #5357, #4439, #2227 ) ) ;
#4350 = CARTESIAN_POINT ( 'NONE',  ( 7.174999999999998900, 2.200000000000000200, 5.480194339616986100 ) ) ;
#4351 = EDGE_CURVE ( 'NONE', #4073, #3543, #3568, .T. ) ;
#4352 = DIRECTION ( 'NONE',  ( 0.0000000000000000000, -1.000000000000000000, 0.0000000000000000000 ) ) ;
#4353 = CARTESIAN_POINT ( 'NONE',  ( 2.025000000000000800, 0.1000000000000000300, -2.649999999999999900 ) ) ;
#4354 = FACE_OUTER_BOUND ( 'NONE', #6110, .T. ) ;
#4355 = CARTESIAN_POINT ( 'NONE',  ( 2.025000000000000800, 0.1000000000000000500, -1.950000000000000200 ) ) ;
#4356 = VECTOR ( 'NONE', #3378, 1000.000000000000000 ) ;
#4357 = DIRECTION ( 'NONE',  ( 0.0000000000000000000, 0.0000000000000000000, 1.000000000000000000 ) ) ;
#4358 = EDGE_CURVE ( 'NONE', #1895, #30, #1753, .T. ) ;
#4359 = ORIENTED_EDGE ( 'NONE', *, *, #3303, .F. ) ;
#4360 = EDGE_CURVE ( 'NONE', #667, #8538, #5635, .T. ) ;
#4361 = CARTESIAN_POINT ( 'NONE',  ( 5.874999999999999100, 3.399999999999999900, -1.550000000000000500 ) ) ;
#4362 = ADVANCED_FACE ( 'NONE', ( #2367 ), #1003, .F. ) ;
#4363 = PLANE ( 'NONE',  #9720 ) ;
#4364 = CARTESIAN_POINT ( 'NONE',  ( -4.224999999999999600, 0.4000000000000001900, -2.649999999999999900 ) ) ;
#4365 = CARTESIAN_POINT ( 'NONE',  ( 3.750000000000000000, 0.0000000000000000000, -1.000000000000000700 ) ) ;
#4366 = CYLINDRICAL_SURFACE ( 'NONE', #1626, 0.1000000000000000500 ) ;
#4367 = LINE ( 'NONE', #520, #7953 ) ;
#4368 = CARTESIAN_POINT ( 'NONE',  ( 4.525000000000001200, 2.039999999999999100, -1.600000000000000800 ) ) ;
#4369 = EDGE_CURVE ( 'NONE', #2339, #3753, #7897, .T. ) ;
#4370 = CARTESIAN_POINT ( 'NONE',  ( -4.524999999999999500, 1.700000000000000000, 1.249999999999986000 ) ) ;
#4371 = AXIS2_PLACEMENT_3D ( 'NONE', #4801, #1683, #7817 ) ;
#4372 = ORIENTED_EDGE ( 'NONE', *, *, #4081, .T. ) ;
#4373 = DIRECTION ( 'NONE',  ( 1.000000000000000000, 0.0000000000000000000, 0.0000000000000000000 ) ) ;
#4374 = ORIENTED_EDGE ( 'NONE', *, *, #1505, .F. ) ;
#4375 = VERTEX_POINT ( 'NONE', #8807 ) ;
#4376 = CARTESIAN_POINT ( 'NONE',  ( -1.724999999999999600, 0.9499999999999998400, -1.000000000000000700 ) ) ;
#4377 = CIRCLE ( 'NONE', #3330, 0.09999999999999982500 ) ;
#4378 = VECTOR ( 'NONE', #4493, 1000.000000000000000 ) ;
#4379 = DIRECTION ( 'NONE',  ( 1.000000000000000000, 0.0000000000000000000, -0.0000000000000000000 ) ) ;
#4380 = EDGE_CURVE ( 'NONE', #1473, #7089, #3085, .T. ) ;
#4381 = DIRECTION ( 'NONE',  ( 0.0000000000000000000, -0.0000000000000000000, -1.000000000000000000 ) ) ;
#4382 = DIRECTION ( 'NONE',  ( -0.0000000000000000000, 1.000000000000000000, -0.0000000000000000000 ) ) ;
#4383 = DIRECTION ( 'NONE',  ( 1.000000000000000000, 0.0000000000000000000, 0.0000000000000000000 ) ) ;
#4384 = PLANE ( 'NONE',  #4946 ) ;
#4385 = ORIENTED_EDGE ( 'NONE', *, *, #2750, .T. ) ;
#4386 = ORIENTED_EDGE ( 'NONE', *, *, #7331, .T. ) ;
#4387 = ORIENTED_EDGE ( 'NONE', *, *, #4813, .T. ) ;
#4388 = DIRECTION ( 'NONE',  ( 0.0000000000000000000, 0.0000000000000000000, -1.000000000000000000 ) ) ;
#4389 = VECTOR ( 'NONE', #5770, 1000.000000000000000 ) ;
#4390 = LINE ( 'NONE', #4629, #6785 ) ;
#4391 = CARTESIAN_POINT ( 'NONE',  ( 2.025000000000000800, 0.6000000000000007500, -2.449999999999999700 ) ) ;
#4392 = CARTESIAN_POINT ( 'NONE',  ( 3.584999999999999500, 0.2999999999999991600, 2.650000000000000800 ) ) ;
#4393 = ADVANCED_FACE ( 'NONE', ( #1527 ), #255, .F. ) ;
#4394 = ORIENTED_EDGE ( 'NONE', *, *, #5678, .T. ) ;
#4395 = CARTESIAN_POINT ( 'NONE',  ( -5.874999999999999100, 3.000000000000000000, 2.650000000000000400 ) ) ;
#4396 = DIRECTION ( 'NONE',  ( -1.000000000000000000, -0.0000000000000000000, -0.0000000000000000000 ) ) ;
#4397 = ORIENTED_EDGE ( 'NONE', *, *, #9951, .T. ) ;
#4398 = ORIENTED_EDGE ( 'NONE', *, *, #737, .T. ) ;
#4399 = DIRECTION ( 'NONE',  ( 0.0000000000000000000, -0.0000000000000000000, 1.000000000000000000 ) ) ;
#4400 = VECTOR ( 'NONE', #322, 1000.000000000000000 ) ;
#4401 = CARTESIAN_POINT ( 'NONE',  ( 5.874999999999999100, 3.000000000000000000, 2.650000000000000400 ) ) ;
#4402 = VECTOR ( 'NONE', #6243, 1000.000000000000000 ) ;
#4403 = AXIS2_PLACEMENT_3D ( 'NONE', #3792, #9985, #5358 ) ;
#4404 = VERTEX_POINT ( 'NONE', #8041 ) ;
#4405 = PLANE ( 'NONE',  #6909 ) ;
#4406 = CARTESIAN_POINT ( 'NONE',  ( -3.185000000000000500, 0.5999999999999998700, 6.505213034913026600E-016 ) ) ;
#4407 = CARTESIAN_POINT ( 'NONE',  ( -4.285000000000000100, 0.5999999999999998700, 6.505213034913026600E-016 ) ) ;
#4408 = EDGE_LOOP ( 'NONE', ( #3170, #3655, #4584, #2228 ) ) ;
#4409 = VERTEX_POINT ( 'NONE', #9608 ) ;
#4410 = CARTESIAN_POINT ( 'NONE',  ( -0.4749999999999997600, 0.1000000000000000500, -1.950000000000000200 ) ) ;
#4411 = PLANE ( 'NONE',  #8604 ) ;
#4412 = LINE ( 'NONE', #3885, #6442 ) ;
#4414 = DIRECTION ( 'NONE',  ( -1.000000000000000000, 0.0000000000000000000, -0.0000000000000000000 ) ) ;
#4413 = SURFACE_STYLE_FILL_AREA ( #2884 ) ;
#4415 = SURFACE_STYLE_FILL_AREA ( #9417 ) ;
#4416 = ORIENTED_EDGE ( 'NONE', *, *, #977, .T. ) ;
#4417 = ORIENTED_EDGE ( 'NONE', *, *, #9412, .T. ) ;
#4418 = DIRECTION ( 'NONE',  ( -1.000000000000000000, -0.0000000000000000000, -0.0000000000000000000 ) ) ;
#4419 = PLANE ( 'NONE',  #6139 ) ;
#4420 = AXIS2_PLACEMENT_3D ( 'NONE', #1610, #7002, #4719 ) ;
#4421 = DIRECTION ( 'NONE',  ( 1.000000000000000000, -0.0000000000000000000, 0.0000000000000000000 ) ) ;
#4422 =( GEOMETRIC_REPRESENTATION_CONTEXT ( 3 ) GLOBAL_UNCERTAINTY_ASSIGNED_CONTEXT ( ( #3876 ) ) GLOBAL_UNIT_ASSIGNED_CONTEXT ( ( #1265, #5828, #8170 ) ) REPRESENTATION_CONTEXT ( 'NONE', 'WORKASPACE' ) );
#4423 = ADVANCED_FACE ( 'NONE', ( #5155 ), #5405, .T. ) ;
#4424 = VECTOR ( 'NONE', #7753, 1000.000000000000000 ) ;
#4425 = ORIENTED_EDGE ( 'NONE', *, *, #4945, .T. ) ;
#4426 = CARTESIAN_POINT ( 'NONE',  ( 0.4750000000000005900, 1.500000000000000000, -1.600000000000001000 ) ) ;
#4427 = ORIENTED_EDGE ( 'NONE', *, *, #7768, .F. ) ;
#4428 = ORIENTED_EDGE ( 'NONE', *, *, #2517, .T. ) ;
#4429 = DIRECTION ( 'NONE',  ( -1.000000000000000000, 0.0000000000000000000, 0.0000000000000000000 ) ) ;
#4430 = DIRECTION ( 'NONE',  ( 0.1378445374916254000, -0.1378445374916254000, 0.9808148484639900300 ) ) ;
#4431 = EDGE_CURVE ( 'NONE', #750, #3108, #4662, .T. ) ;
#4432 = EDGE_CURVE ( 'NONE', #7327, #3543, #181, .T. ) ;
#4433 = DIRECTION ( 'NONE',  ( 1.000000000000000000, 0.0000000000000000000, 0.0000000000000000000 ) ) ;
#4434 = FACE_OUTER_BOUND ( 'NONE', #5641, .T. ) ;
#4435 = EDGE_LOOP ( 'NONE', ( #5412, #5951, #3986, #3503, #9504, #1109, #7967 ) ) ;
#4436 = CARTESIAN_POINT ( 'NONE',  ( -6.274999999999998600, 0.2999999999999989900, 1.850000000000000100 ) ) ;
#4437 = EDGE_CURVE ( 'NONE', #6551, #8024, #9509, .T. ) ;
#4438 = ORIENTED_EDGE ( 'NONE', *, *, #9026, .F. ) ;
#4439 = ORIENTED_EDGE ( 'NONE', *, *, #4089, .F. ) ;
#4440 = DIRECTION ( 'NONE',  ( 0.0000000000000000000, -1.000000000000000000, 0.0000000000000000000 ) ) ;
#4441 = LINE ( 'NONE', #5009, #4064 ) ;
#4442 = ORIENTED_EDGE ( 'NONE', *, *, #5683, .T. ) ;
#4443 = DIRECTION ( 'NONE',  ( 0.0000000000000000000, 0.0000000000000000000, 1.000000000000000000 ) ) ;
#4444 = DIRECTION ( 'NONE',  ( 0.0000000000000000000, -0.0000000000000000000, 1.000000000000000000 ) ) ;
#4445 = LINE ( 'NONE', #1072, #2009 ) ;
#4446 = EDGE_LOOP ( 'NONE', ( #5116, #5707, #6299, #7371 ) ) ;
#4447 = CARTESIAN_POINT ( 'NONE',  ( -4.524999999999999500, 0.5000000000000000000, -1.849999999999999900 ) ) ;
#4448 = VERTEX_POINT ( 'NONE', #3391 ) ;
#4449 = DIRECTION ( 'NONE',  ( 1.000000000000000000, 0.0000000000000000000, 0.0000000000000000000 ) ) ;
#4450 = ORIENTED_EDGE ( 'NONE', *, *, #8752, .T. ) ;
#4451 = EDGE_CURVE ( 'NONE', #3308, #1958, #1281, .T. ) ;
#4452 = CARTESIAN_POINT ( 'NONE',  ( 2.025000000000000800, 2.140000000000000100, -1.400000000000000600 ) ) ;
#4453 = CYLINDRICAL_SURFACE ( 'NONE', #4908, 0.1000000000000000500 ) ;
#4454 = VERTEX_POINT ( 'NONE', #6504 ) ;
#4455 = VECTOR ( 'NONE', #5446, 1000.000000000000000 ) ;
#4456 = AXIS2_PLACEMENT_3D ( 'NONE', #392, #1805, #360 ) ;
#4457 = CARTESIAN_POINT ( 'NONE',  ( -5.874999999999999100, 0.0000000000000000000, -1.550000000000000500 ) ) ;
#4458 = PLANE ( 'NONE',  #1783 ) ;
#4459 = CARTESIAN_POINT ( 'NONE',  ( 5.204999999999999200, 0.2999999999999991600, -0.5999999999999985300 ) ) ;
#4460 = ORIENTED_EDGE ( 'NONE', *, *, #6743, .T. ) ;
#4461 = CARTESIAN_POINT ( 'NONE',  ( 1.725000000000000800, 0.4000000000000001900, -2.649999999999999900 ) ) ;
#4462 = CARTESIAN_POINT ( 'NONE',  ( -4.224999999999999600, 2.140000000000000100, -1.500000000000000000 ) ) ;
#4463 = LINE ( 'NONE', #7440, #7193 ) ;
#4464 = LINE ( 'NONE', #4124, #7803 ) ;
#4465 = ORIENTED_EDGE ( 'NONE', *, *, #7312, .F. ) ;
#4466 = EDGE_CURVE ( 'NONE', #9798, #3022, #2601, .T. ) ;
#4467 = DIRECTION ( 'NONE',  ( 0.0000000000000000000, 0.0000000000000000000, -1.000000000000000000 ) ) ;
#4468 = AXIS2_PLACEMENT_3D ( 'NONE', #1622, #5389, #3856 ) ;
#4469 = LINE ( 'NONE', #8123, #5438 ) ;
#4470 = LINE ( 'NONE', #1428, #3969 ) ;
#4471 = ORIENTED_EDGE ( 'NONE', *, *, #4628, .F. ) ;
#4472 = DIRECTION ( 'NONE',  ( -7.228014483236702500E-016, -1.000000000000000000, 0.0000000000000000000 ) ) ;
#4473 = PLANE ( 'NONE',  #4090 ) ;
#4474 = ADVANCED_FACE ( 'NONE', ( #3317 ), #8640, .F. ) ;
#4475 = DIRECTION ( 'NONE',  ( -1.000000000000000000, -0.0000000000000000000, -0.0000000000000000000 ) ) ;
#4476 = DIRECTION ( 'NONE',  ( 1.000000000000000000, 0.0000000000000000000, 0.0000000000000000000 ) ) ;
#4477 = VECTOR ( 'NONE', #8, 1000.000000000000000 ) ;
#4478 = DIRECTION ( 'NONE',  ( 1.000000000000000000, 0.0000000000000000000, 0.0000000000000000000 ) ) ;
#4479 = VECTOR ( 'NONE', #5892, 1000.000000000000000 ) ;
#4480 = VERTEX_POINT ( 'NONE', #1808 ) ;
#4481 = CARTESIAN_POINT ( 'NONE',  ( 0.7750000000000004700, 1.700000000000000000, -1.000000000000000700 ) ) ;
#4482 = LINE ( 'NONE', #10022, #1676 ) ;
#4483 = DIRECTION ( 'NONE',  ( 0.0000000000000000000, 0.0000000000000000000, 1.000000000000000000 ) ) ;
#4484 = ORIENTED_EDGE ( 'NONE', *, *, #6998, .T. ) ;
#4485 = CARTESIAN_POINT ( 'NONE',  ( -3.274999999999999500, 0.0000000000000000000, -2.549999999999999400 ) ) ;
#4486 = FACE_OUTER_BOUND ( 'NONE', #1933, .T. ) ;
#4487 = ORIENTED_EDGE ( 'NONE', *, *, #3643, .F. ) ;
#4488 = DIRECTION ( 'NONE',  ( 0.0000000000000000000, 1.000000000000000000, 0.0000000000000000000 ) ) ;
#4489 = CARTESIAN_POINT ( 'NONE',  ( 2.975000000000000100, 0.5000000000000000000, -1.550000000000000300 ) ) ;
#4490 = CARTESIAN_POINT ( 'NONE',  ( -0.6906754991785647400, 1.034324500821434800, 1.850000000000000500 ) ) ;
#4491 = FACE_OUTER_BOUND ( 'NONE', #4116, .T. ) ;
#4492 = LINE ( 'NONE', #7725, #364 ) ;
#4493 = DIRECTION ( 'NONE',  ( -0.7071067811865452400, -0.7071067811865497900, -0.0000000000000000000 ) ) ;
#4494 = ORIENTED_EDGE ( 'NONE', *, *, #800, .F. ) ;
#4495 = EDGE_CURVE ( 'NONE', #1980, #9289, #6352, .T. ) ;
#4496 = CARTESIAN_POINT ( 'NONE',  ( -5.594999999999998900, 2.179999999999998800, 2.650000000000000400 ) ) ;
#4497 = ORIENTED_EDGE ( 'NONE', *, *, #4939, .T. ) ;
#4498 = CARTESIAN_POINT ( 'NONE',  ( 0.7750000000000004700, 1.500000000000000000, -1.600000000000001000 ) ) ;
#4499 = CIRCLE ( 'NONE', #1515, 0.1000000000000000500 ) ;
#4500 = EDGE_CURVE ( 'NONE', #664, #1999, #2253, .T. ) ;
#4501 = VERTEX_POINT ( 'NONE', #925 ) ;
#4502 = CARTESIAN_POINT ( 'NONE',  ( 4.525000000000001200, 2.140000000000000100, -1.400000000000000600 ) ) ;
#4503 = ORIENTED_EDGE ( 'NONE', *, *, #1112, .F. ) ;
#4504 = EDGE_LOOP ( 'NONE', ( #602, #6101, #7075, #9156, #8423, #7064, #9518, #8544, #2441, #5996, #8622, #2654, #533, #6681, #4552, #8178, #9589 ) ) ;
#4505 = CARTESIAN_POINT ( 'NONE',  ( -4.524999999999999500, 1.250000000000000000, -2.299999999999999800 ) ) ;
#4506 = UNCERTAINTY_MEASURE_WITH_UNIT (LENGTH_MEASURE( 1.000000000000000100E-005 ), #8191, 'distance_accuracy_value', 'NONE');
#4507 = PLANE ( 'NONE',  #5224 ) ;
#4508 = AXIS2_PLACEMENT_3D ( 'NONE', #7755, #8568, #5531 ) ;
#4509 = FACE_OUTER_BOUND ( 'NONE', #7199, .T. ) ;
#4510 = VECTOR ( 'NONE', #6908, 1000.000000000000100 ) ;
#4511 = EDGE_LOOP ( 'NONE', ( #3280, #7399, #2739, #992 ) ) ;
#4512 = CARTESIAN_POINT ( 'NONE',  ( 3.885000000000000200, 3.469233347080714400, 1.250000000000000700 ) ) ;
#4513 = EDGE_LOOP ( 'NONE', ( #9549, #5596, #384, #2140, #1798 ) ) ;
#4514 = EDGE_LOOP ( 'NONE', ( #6473, #4051, #8276, #5505 ) ) ;
#4515 = ORIENTED_EDGE ( 'NONE', *, *, #2854, .F. ) ;
#4516 = FACE_OUTER_BOUND ( 'NONE', #8068, .T. ) ;
#4517 = CARTESIAN_POINT ( 'NONE',  ( -7.575000000000000200, 0.0000000000000000000, 1.850000000000000100 ) ) ;
#4518 = EDGE_CURVE ( 'NONE', #3267, #1876, #9030, .T. ) ;
#4519 = DIRECTION ( 'NONE',  ( 0.0000000000000000000, -1.000000000000000000, -6.672013369141573100E-016 ) ) ;
#4520 = SHAPE_REPRESENTATION ( '10114830-xxxxxLF (Additional)_10114830-10108LF', ( #7294 ), #8877 ) ;
#4521 = CARTESIAN_POINT ( 'NONE',  ( -2.974999999999999200, 2.039999999999999100, -1.600000000000000800 ) ) ;
#4522 = FACE_OUTER_BOUND ( 'NONE', #2480, .T. ) ;
#4523 = FACE_OUTER_BOUND ( 'NONE', #130, .T. ) ;
#4524 = DIRECTION ( 'NONE',  ( -1.000000000000000000, -0.0000000000000000000, -0.0000000000000000000 ) ) ;
#4525 = ORIENTED_EDGE ( 'NONE', *, *, #6993, .T. ) ;
#4526 = ORIENTED_EDGE ( 'NONE', *, *, #5231, .F. ) ;
#4527 = CARTESIAN_POINT ( 'NONE',  ( 2.025000000000000800, 1.700000000000000000, -1.000000000000000700 ) ) ;
#4528 = LINE ( 'NONE', #8111, #3673 ) ;
#4529 = LINE ( 'NONE', #2191, #9838 ) ;
#4530 = PLANE ( 'NONE',  #5548 ) ;
#4531 = ORIENTED_EDGE ( 'NONE', *, *, #6229, .F. ) ;
#4532 = DIRECTION ( 'NONE',  ( 0.0000000000000000000, -1.000000000000000000, 0.0000000000000000000 ) ) ;
#4533 = VERTEX_POINT ( 'NONE', #3971 ) ;
#4534 = VERTEX_POINT ( 'NONE', #2418 ) ;
#4535 = DIRECTION ( 'NONE',  ( 0.0000000000000000000, 0.0000000000000000000, -1.000000000000000000 ) ) ;
#4536 = PRODUCT_DEFINITION ( 'UNKNOWN', '', #6086, #194 ) ;
#4537 = DIRECTION ( 'NONE',  ( -1.000000000000000000, -0.0000000000000000000, -0.0000000000000000000 ) ) ;
#4538 = VECTOR ( 'NONE', #4634, 1000.000000000000000 ) ;
#4539 = FACE_OUTER_BOUND ( 'NONE', #3269, .T. ) ;
#4540 = CARTESIAN_POINT ( 'NONE',  ( -3.274999999999999500, 0.5000000000000000000, -1.849999999999999900 ) ) ;
#4541 = ORIENTED_EDGE ( 'NONE', *, *, #9932, .F. ) ;
#4542 = DIRECTION ( 'NONE',  ( 1.000000000000000000, 6.123233995736764800E-017, 0.0000000000000000000 ) ) ;
#4543 = VERTEX_POINT ( 'NONE', #7800 ) ;
#4544 = VERTEX_POINT ( 'NONE', #2482 ) ;
#4545 = CARTESIAN_POINT ( 'NONE',  ( -1.724999999999999600, 0.6000000000000007500, -2.449999999999999700 ) ) ;
#4546 = CARTESIAN_POINT ( 'NONE',  ( -2.974999999999999200, 1.399999999999999700, -1.700000000000000800 ) ) ;
#4547 = VECTOR ( 'NONE', #889, 1000.000000000000000 ) ;
#4548 = ORIENTED_EDGE ( 'NONE', *, *, #1982, .F. ) ;
#4549 = PLANE ( 'NONE',  #8179 ) ;
#4550 = AXIS2_PLACEMENT_3D ( 'NONE', #3298, #4870, #7788 ) ;
#4551 = SURFACE_STYLE_USAGE ( .BOTH. , #9856 ) ;
#4552 = ORIENTED_EDGE ( 'NONE', *, *, #3972, .T. ) ;
#4553 = ORIENTED_EDGE ( 'NONE', *, *, #8804, .T. ) ;
#4554 = CARTESIAN_POINT ( 'NONE',  ( 7.174999999999998900, 2.200000000000000200, 5.480194339616986100 ) ) ;
#4555 = PLANE ( 'NONE',  #3371 ) ;
#4556 = STYLED_ITEM ( 'NONE', ( #9437 ), #9530 ) ;
#4557 = CARTESIAN_POINT ( 'NONE',  ( 5.874999999999999100, 0.2999999999999990500, -1.550000000000000300 ) ) ;
#4558 = ORIENTED_EDGE ( 'NONE', *, *, #7719, .F. ) ;
#4559 = VECTOR ( 'NONE', #3148, 1000.000000000000000 ) ;
#4560 = CARTESIAN_POINT ( 'NONE',  ( 4.225000000000001400, 1.399999999999999700, -2.299999999999999800 ) ) ;
#4561 = ORIENTED_EDGE ( 'NONE', *, *, #2221, .F. ) ;
#4562 = EDGE_CURVE ( 'NONE', #266, #1999, #6707, .T. ) ;
#4563 = EDGE_CURVE ( 'NONE', #2020, #6966, #548, .T. ) ;
#4564 = FACE_OUTER_BOUND ( 'NONE', #8214, .T. ) ;
#4565 = VERTEX_POINT ( 'NONE', #2388 ) ;
#4566 = ORIENTED_EDGE ( 'NONE', *, *, #7255, .F. ) ;
#4567 = CARTESIAN_POINT ( 'NONE',  ( 3.275000000000000400, 1.399999999999999700, -1.700000000000000800 ) ) ;
#4568 = CARTESIAN_POINT ( 'NONE',  ( 5.594999999999998000, 1.430000000000000200, 2.650000000000000400 ) ) ;
#4569 = EDGE_CURVE ( 'NONE', #4989, #2477, #6836, .T. ) ;
#4570 = ORIENTED_EDGE ( 'NONE', *, *, #1513, .T. ) ;
#4571 = ORIENTED_EDGE ( 'NONE', *, *, #1252, .F. ) ;
#4572 = CARTESIAN_POINT ( 'NONE',  ( -4.224999999999999600, 0.5000000000000000000, -1.849999999999999900 ) ) ;
#4573 = DIRECTION ( 'NONE',  ( 0.0000000000000000000, 0.0000000000000000000, 1.000000000000000000 ) ) ;
#4574 = DIRECTION ( 'NONE',  ( 0.0000000000000000000, 1.000000000000000000, 0.0000000000000000000 ) ) ;
#4575 = CYLINDRICAL_SURFACE ( 'NONE', #3210, 0.1000000000000000500 ) ;
#4576 = EDGE_LOOP ( 'NONE', ( #1324, #4062, #8988, #1083 ) ) ;
#4577 = CARTESIAN_POINT ( 'NONE',  ( -3.584999999999999500, 0.5999999999999984200, 2.400000000000003900 ) ) ;
#4578 = CARTESIAN_POINT ( 'NONE',  ( 0.7750000000000004700, 1.500000000000000000, -1.600000000000000800 ) ) ;
#4579 = EDGE_CURVE ( 'NONE', #6176, #1840, #8661, .T. ) ;
#4580 = CARTESIAN_POINT ( 'NONE',  ( 7.174999999999998900, 2.200000000000000200, -0.5499999999999997100 ) ) ;
#4581 = LINE ( 'NONE', #1708, #4327 ) ;
#4582 = CARTESIAN_POINT ( 'NONE',  ( -7.575000000000000200, 0.2500000000000000000, 1.850000000000000100 ) ) ;
#4583 = VECTOR ( 'NONE', #8004, 1000.000000000000000 ) ;
#4584 = ORIENTED_EDGE ( 'NONE', *, *, #784, .F. ) ;
#4585 = DIRECTION ( 'NONE',  ( -0.0000000000000000000, 1.000000000000000000, -0.0000000000000000000 ) ) ;
#4586 = CARTESIAN_POINT ( 'NONE',  ( 5.594999999999998000, 1.430000000000000200, 2.650000000000000400 ) ) ;
#4587 = DIRECTION ( 'NONE',  ( 0.0000000000000000000, 0.0000000000000000000, -1.000000000000000000 ) ) ;
#4588 = FACE_OUTER_BOUND ( 'NONE', #5096, .T. ) ;
#4589 = ORIENTED_EDGE ( 'NONE', *, *, #7063, .T. ) ;
#4590 = CARTESIAN_POINT ( 'NONE',  ( -3.274999999999999500, 2.140000000000000100, -1.500000000000000000 ) ) ;
#4591 = LINE ( 'NONE', #964, #8065 ) ;
#4592 = SURFACE_STYLE_USAGE ( .BOTH. , #9236 ) ;
#4593 = DIRECTION ( 'NONE',  ( 1.000000000000000000, 0.0000000000000000000, 0.0000000000000000000 ) ) ;
#4594 = VECTOR ( 'NONE', #1356, 1000.000000000000000 ) ;
#4595 = VERTEX_POINT ( 'NONE', #90 ) ;
#4596 = DIRECTION ( 'NONE',  ( -1.000000000000000000, 0.0000000000000000000, 0.0000000000000000000 ) ) ;
#4597 = CARTESIAN_POINT ( 'NONE',  ( 1.725000000000000800, 0.5000000000000000000, -1.550000000000000300 ) ) ;
#4598 = LINE ( 'NONE', #863, #1070 ) ;
#4599 = CARTESIAN_POINT ( 'NONE',  ( 4.525000000000001200, 2.039999999999999100, -1.600000000000000800 ) ) ;
#4600 = ORIENTED_EDGE ( 'NONE', *, *, #7179, .F. ) ;
#4601 = AXIS2_PLACEMENT_3D ( 'NONE', #8731, #210, #5662 ) ;
#4602 = DIRECTION ( 'NONE',  ( -0.0000000000000000000, -1.000000000000000000, -0.0000000000000000000 ) ) ;
#4603 = ORIENTED_EDGE ( 'NONE', *, *, #8087, .T. ) ;
#4605 = VECTOR ( 'NONE', #1619, 1000.000000000000000 ) ;
#4604 = CARTESIAN_POINT ( 'NONE',  ( -5.524999999999995900, 1.429999999999998800, 2.650000000000000400 ) ) ;
#4606 = LINE ( 'NONE', #9057, #3996 ) ;
#4607 = CARTESIAN_POINT ( 'NONE',  ( -2.024999999999999500, 0.7999999999999999300, -1.400000000000000600 ) ) ;
#4608 = DIRECTION ( 'NONE',  ( -1.000000000000000000, 0.0000000000000000000, 0.0000000000000000000 ) ) ;
#4609 = DIRECTION ( 'NONE',  ( 0.0000000000000000000, -4.015563601798169700E-016, 1.000000000000000000 ) ) ;
#4610 = ORIENTED_EDGE ( 'NONE', *, *, #8888, .F. ) ;
#4611 = EDGE_CURVE ( 'NONE', #6280, #2895, #8409, .T. ) ;
#4612 = EDGE_LOOP ( 'NONE', ( #875, #9540, #6892, #8380 ) ) ;
#4613 = ORIENTED_EDGE ( 'NONE', *, *, #5646, .T. ) ;
#4614 = EDGE_CURVE ( 'NONE', #6874, #9162, #4292, .T. ) ;
#4615 = DIRECTION ( 'NONE',  ( 0.0000000000000000000, 1.000000000000000000, 5.421010862427532000E-016 ) ) ;
#4616 = FACE_OUTER_BOUND ( 'NONE', #3143, .T. ) ;
#4617 = LINE ( 'NONE', #4241, #9820 ) ;
#4618 = EDGE_CURVE ( 'NONE', #4288, #5731, #1273, .T. ) ;
#4619 = AXIS2_PLACEMENT_3D ( 'NONE', #2851, #5977, #6802 ) ;
#4620 = ORIENTED_EDGE ( 'NONE', *, *, #5474, .T. ) ;
#4621 = CARTESIAN_POINT ( 'NONE',  ( 1.725000000000000800, 0.6000000000000007500, -2.550000000000000300 ) ) ;
#4622 = ORIENTED_EDGE ( 'NONE', *, *, #6824, .F. ) ;
#4623 = VERTEX_POINT ( 'NONE', #8576 ) ;
#4624 = DIRECTION ( 'NONE',  ( -0.0000000000000000000, -0.0000000000000000000, -1.000000000000000000 ) ) ;
#4625 = FACE_OUTER_BOUND ( 'NONE', #2651, .T. ) ;
#4626 = UNCERTAINTY_MEASURE_WITH_UNIT (LENGTH_MEASURE( 1.000000000000000100E-005 ), #5076, 'distance_accuracy_value', 'NONE');
#4627 = DIRECTION ( 'NONE',  ( -6.123233995736764800E-017, 1.000000000000000000, 0.0000000000000000000 ) ) ;
#4628 = EDGE_CURVE ( 'NONE', #771, #9253, #5517, .T. ) ;
#4629 = CARTESIAN_POINT ( 'NONE',  ( 0.4750000000000005900, 0.9499999999999998400, 3.457774721070176100 ) ) ;
#4630 = LINE ( 'NONE', #3147, #2564 ) ;
#4631 = ORIENTED_EDGE ( 'NONE', *, *, #3512, .F. ) ;
#4632 = ORIENTED_EDGE ( 'NONE', *, *, #8216, .T. ) ;
#4633 = EDGE_LOOP ( 'NONE', ( #8566, #7185, #5738, #6046 ) ) ;
#4634 = DIRECTION ( 'NONE',  ( -1.000000000000000000, -0.0000000000000000000, -0.0000000000000000000 ) ) ;
#4635 = VECTOR ( 'NONE', #7482, 1000.000000000000000 ) ;
#4636 = LINE ( 'NONE', #7631, #4997 ) ;
#4638 = PLANE ( 'NONE',  #9778 ) ;
#4637 = FACE_OUTER_BOUND ( 'NONE', #2146, .T. ) ;
#4639 = ORIENTED_EDGE ( 'NONE', *, *, #15, .T. ) ;
#4640 = DIRECTION ( 'NONE',  ( 0.0000000000000000000, -0.0000000000000000000, -1.000000000000000000 ) ) ;
#4641 = ORIENTED_EDGE ( 'NONE', *, *, #163, .F. ) ;
#4642 = ORIENTED_EDGE ( 'NONE', *, *, #4314, .F. ) ;
#4643 = EDGE_CURVE ( 'NONE', #6884, #1615, #6578, .T. ) ;
#4644 = CARTESIAN_POINT ( 'NONE',  ( -0.7749999999999996900, 0.4000000000000001900, -2.550000000000000300 ) ) ;
#4645 = DIRECTION ( 'NONE',  ( 0.0000000000000000000, -1.000000000000000000, -6.672013369141573100E-016 ) ) ;
#4646 = LINE ( 'NONE', #5754, #1507 ) ;
#4647 = FACE_OUTER_BOUND ( 'NONE', #4178, .T. ) ;
#4648 = AXIS2_PLACEMENT_3D ( 'NONE', #5747, #8744, #3390 ) ;
#4649 = ORIENTED_EDGE ( 'NONE', *, *, #4097, .F. ) ;
#4650 = ADVANCED_FACE ( 'NONE', ( #2720 ), #6116, .T. ) ;
#4651 = ORIENTED_EDGE ( 'NONE', *, *, #9019, .T. ) ;
#4652 = ORIENTED_EDGE ( 'NONE', *, *, #2781, .T. ) ;
#4653 = DIRECTION ( 'NONE',  ( 0.0000000000000000000, 0.0000000000000000000, 1.000000000000000000 ) ) ;
#4654 = CYLINDRICAL_SURFACE ( 'NONE', #5637, 0.1000000000000000500 ) ;
#4655 = ORIENTED_EDGE ( 'NONE', *, *, #3012, .F. ) ;
#4656 = DIRECTION ( 'NONE',  ( 1.000000000000000000, 0.0000000000000000000, 0.0000000000000000000 ) ) ;
#4657 = ORIENTED_EDGE ( 'NONE', *, *, #6177, .F. ) ;
#4658 = VERTEX_POINT ( 'NONE', #3243 ) ;
#4659 = DIRECTION ( 'NONE',  ( 0.0000000000000000000, -1.000000000000000000, 0.0000000000000000000 ) ) ;
#4660 = DIRECTION ( 'NONE',  ( -1.000000000000000000, -0.0000000000000000000, -0.0000000000000000000 ) ) ;
#4661 = CARTESIAN_POINT ( 'NONE',  ( 4.525000000000001200, 0.9499999999999998400, 3.457774721070176100 ) ) ;
#4662 = LINE ( 'NONE', #9538, #1153 ) ;
#4663 = DIRECTION ( 'NONE',  ( -0.0000000000000000000, -0.0000000000000000000, -1.000000000000000000 ) ) ;
#4664 = ORIENTED_EDGE ( 'NONE', *, *, #8692, .F. ) ;
#4665 = CARTESIAN_POINT ( 'NONE',  ( 7.174999999999998900, 2.200000000000000200, 2.250000000000001300 ) ) ;
#4666 = DIRECTION ( 'NONE',  ( 0.0000000000000000000, -1.000000000000000000, 0.0000000000000000000 ) ) ;
#4667 = ORIENTED_EDGE ( 'NONE', *, *, #9564, .F. ) ;
#4668 = EDGE_LOOP ( 'NONE', ( #1069, #182, #2454, #7496 ) ) ;
#4669 = LINE ( 'NONE', #92, #7917 ) ;
#4670 = ORIENTED_EDGE ( 'NONE', *, *, #5741, .T. ) ;
#4671 = EDGE_CURVE ( 'NONE', #8115, #3152, #1143, .T. ) ;
#4672 = EDGE_CURVE ( 'NONE', #2685, #839, #4048, .T. ) ;
#4673 = ADVANCED_FACE ( 'NONE', ( #5629 ), #4986, .F. ) ;
#4674 = PLANE ( 'NONE',  #8142 ) ;
#4675 = CYLINDRICAL_SURFACE ( 'NONE', #2766, 0.09999999999999982500 ) ;
#4676 = ORIENTED_EDGE ( 'NONE', *, *, #7636, .F. ) ;
#4677 = DIRECTION ( 'NONE',  ( 0.0000000000000000000, -1.000000000000000000, 0.0000000000000000000 ) ) ;
#4678 = DIRECTION ( 'NONE',  ( -1.000000000000000000, 0.0000000000000000000, 0.0000000000000000000 ) ) ;
#4679 = DIRECTION ( 'NONE',  ( 0.0000000000000000000, 0.0000000000000000000, -1.000000000000000000 ) ) ;
#4680 = ORIENTED_EDGE ( 'NONE', *, *, #8438, .T. ) ;
#4681 = EDGE_CURVE ( 'NONE', #8850, #5655, #9264, .T. ) ;
#4682 = CARTESIAN_POINT ( 'NONE',  ( 1.725000000000000800, 0.9499999999999998400, -1.000000000000000700 ) ) ;
#4683 = LINE ( 'NONE', #4452, #6252 ) ;
#4684 = ORIENTED_EDGE ( 'NONE', *, *, #4282, .F. ) ;
#4685 = COLOUR_RGB ( '',0.7921568627450980000, 0.8196078431372548800, 0.9333333333333333500 ) ;
#4686 = EDGE_CURVE ( 'NONE', #4855, #8262, #3557, .T. ) ;
#4687 = ORIENTED_EDGE ( 'NONE', *, *, #2791, .T. ) ;
#4688 = DIRECTION ( 'NONE',  ( 0.0000000000000000000, -1.000000000000000000, -5.421010862427532000E-016 ) ) ;
#4689 = EDGE_CURVE ( 'NONE', #2301, #5477, #1637, .T. ) ;
#4690 = CARTESIAN_POINT ( 'NONE',  ( 6.374999999999999100, 2.200000000000000200, 5.480194339616986100 ) ) ;
#4691 = VECTOR ( 'NONE', #8441, 1000.000000000000000 ) ;
#4692 = DIRECTION ( 'NONE',  ( -1.000000000000000000, 0.0000000000000000000, -1.146293045799652500E-016 ) ) ;
#4693 = VECTOR ( 'NONE', #362, 1000.000000000000000 ) ;
#4694 = EDGE_LOOP ( 'NONE', ( #3203, #579, #1417, #6992 ) ) ;
#4695 = EDGE_CURVE ( 'NONE', #631, #3930, #2476, .T. ) ;
#4696 = DIRECTION ( 'NONE',  ( -1.000000000000000000, -0.0000000000000000000, -0.0000000000000000000 ) ) ;
#4697 = VECTOR ( 'NONE', #4329, 1000.000000000000000 ) ;
#4698 = ADVANCED_FACE ( 'NONE', ( #417 ), #5696, .F. ) ;
#4699 = DIRECTION ( 'NONE',  ( 0.0000000000000000000, 0.0000000000000000000, -1.000000000000000000 ) ) ;
#4700 = CARTESIAN_POINT ( 'NONE',  ( -0.4749999999999997600, 1.250000000000000000, -2.449999999999999300 ) ) ;
#4701 = LINE ( 'NONE', #2238, #1901 ) ;
#4702 = ORIENTED_EDGE ( 'NONE', *, *, #1761, .T. ) ;
#4703 = EDGE_CURVE ( 'NONE', #3878, #1928, #3073, .T. ) ;
#4704 = DIRECTION ( 'NONE',  ( -1.000000000000000000, -0.0000000000000000000, -0.0000000000000000000 ) ) ;
#4705 = EDGE_CURVE ( 'NONE', #3260, #1473, #1517, .T. ) ;
#4706 = AXIS2_PLACEMENT_3D ( 'NONE', #7761, #6297, #924 ) ;
#4707 = VECTOR ( 'NONE', #6728, 1000.000000000000000 ) ;
#4708 = CARTESIAN_POINT ( 'NONE',  ( -4.524999999999999500, 1.700000000000000000, -1.000000000000000700 ) ) ;
#4709 = PLANE ( 'NONE',  #2003 ) ;
#4710 = CIRCLE ( 'NONE', #1328, 0.2999999999999997100 ) ;
#4711 = CARTESIAN_POINT ( 'NONE',  ( 0.7750000000000004700, 0.0000000000000000000, -1.950000000000000800 ) ) ;
#4712 = EDGE_LOOP ( 'NONE', ( #6255, #6943, #8357, #4141 ) ) ;
#4713 = CARTESIAN_POINT ( 'NONE',  ( 1.725000000000000800, 1.700000000000000000, 1.249999999999986000 ) ) ;
#4714 = FACE_OUTER_BOUND ( 'NONE', #2804, .T. ) ;
#4715 = FACE_OUTER_BOUND ( 'NONE', #627, .T. ) ;
#4716 = CARTESIAN_POINT ( 'NONE',  ( 5.274999999999998600, 1.430000000000000200, 2.400000000000003500 ) ) ;
#4717 = VECTOR ( 'NONE', #1662, 1000.000000000000000 ) ;
#4718 = VERTEX_POINT ( 'NONE', #1082 ) ;
#4719 = DIRECTION ( 'NONE',  ( -1.000000000000000000, 0.0000000000000000000, 0.0000000000000000000 ) ) ;
#4720 = DIRECTION ( 'NONE',  ( 0.1378445374916254000, -0.1378445374916254000, 0.9808148484639900300 ) ) ;
#4721 = AXIS2_PLACEMENT_3D ( 'NONE', #9953, #6883, #1429 ) ;
#4722 = DIRECTION ( 'NONE',  ( 0.0000000000000000000, -3.614007241618353200E-016, 1.000000000000000000 ) ) ;
#4723 = ADVANCED_FACE ( 'NONE', ( #7775 ), #240, .F. ) ;
#4724 = CYLINDRICAL_SURFACE ( 'NONE', #1303, 0.1000000000000002600 ) ;
#4725 = CARTESIAN_POINT ( 'NONE',  ( 4.525000000000001200, 0.6000000000000007500, -2.550000000000000300 ) ) ;
#4726 = ORIENTED_EDGE ( 'NONE', *, *, #5904, .F. ) ;
#4727 = VERTEX_POINT ( 'NONE', #5734 ) ;
#4728 = CARTESIAN_POINT ( 'NONE',  ( 4.525000000000001200, 2.140000000000000100, -1.400000000000000600 ) ) ;
#4729 = CARTESIAN_POINT ( 'NONE',  ( -5.275000000000000400, 0.5999999999999998700, -1.000000000000000900 ) ) ;
#4730 = FACE_OUTER_BOUND ( 'NONE', #6901, .T. ) ;
#4731 = AXIS2_PLACEMENT_3D ( 'NONE', #3812, #3020, #9903 ) ;
#4732 = ORIENTED_EDGE ( 'NONE', *, *, #9479, .T. ) ;
#4733 = AXIS2_PLACEMENT_3D ( 'NONE', #3223, #5516, #3252 ) ;
#4734 = ORIENTED_EDGE ( 'NONE', *, *, #7360, .F. ) ;
#4735 = VERTEX_POINT ( 'NONE', #8828 ) ;
#4736 = CARTESIAN_POINT ( 'NONE',  ( -2.024999999999999500, 0.9499999999999998400, -1.000000000000000700 ) ) ;
#4737 =( LENGTH_UNIT ( ) NAMED_UNIT ( * ) SI_UNIT ( .MILLI., .METRE. ) );
#4738 = PLANE ( 'NONE',  #6059 ) ;
#4739 = FACE_OUTER_BOUND ( 'NONE', #7792, .T. ) ;
#4740 = LINE ( 'NONE', #9241, #4510 ) ;
#4741 = EDGE_CURVE ( 'NONE', #8285, #4735, #8399, .T. ) ;
#4742 = EDGE_CURVE ( 'NONE', #391, #6427, #7534, .T. ) ;
#4743 = ORIENTED_EDGE ( 'NONE', *, *, #1576, .F. ) ;
#4744 = ADVANCED_FACE ( 'NONE', ( #660 ), #60, .T. ) ;
#4745 = EDGE_LOOP ( 'NONE', ( #8429, #4374, #713, #6063 ) ) ;
#4746 = ORIENTED_EDGE ( 'NONE', *, *, #9037, .F. ) ;
#4747 = ADVANCED_FACE ( 'NONE', ( #5146 ), #9486, .F. ) ;
#4748 = UNCERTAINTY_MEASURE_WITH_UNIT (LENGTH_MEASURE( 1.000000000000000100E-005 ), #8445, 'distance_accuracy_value', 'NONE');
#4749 = EDGE_CURVE ( 'NONE', #8955, #4767, #9986, .T. ) ;
#4750 = CARTESIAN_POINT ( 'NONE',  ( 1.725000000000000800, 0.4000000000000001900, -2.649999999999999900 ) ) ;
#4751 = VECTOR ( 'NONE', #9420, 1000.000000000000000 ) ;
#4752 = VECTOR ( 'NONE', #3613, 1000.000000000000000 ) ;
#4753 = AXIS2_PLACEMENT_3D ( 'NONE', #7995, #995, #8705 ) ;
#4754 = CARTESIAN_POINT ( 'NONE',  ( 5.674999999999999800, 0.2999999999999991600, -1.550000000000000300 ) ) ;
#4755 = DIRECTION ( 'NONE',  ( -1.000000000000000000, 0.0000000000000000000, 0.0000000000000000000 ) ) ;
#4756 = EDGE_LOOP ( 'NONE', ( #9460, #2939, #2258, #6739 ) ) ;
#4757 = CARTESIAN_POINT ( 'NONE',  ( -2.024999999999999500, 0.5000000000000000000, -2.550000000000000300 ) ) ;
#4758 = ORIENTED_EDGE ( 'NONE', *, *, #2799, .F. ) ;
#4759 = ORIENTED_EDGE ( 'NONE', *, *, #9248, .T. ) ;
#4760 = EDGE_CURVE ( 'NONE', #9763, #4869, #3433, .T. ) ;
#4761 = FACE_OUTER_BOUND ( 'NONE', #1947, .T. ) ;
#4762 = FILL_AREA_STYLE_COLOUR ( '', #1457 ) ;
#4763 =( NAMED_UNIT ( * ) PLANE_ANGLE_UNIT ( ) SI_UNIT ( $, .RADIAN. ) );
#4764 = DIRECTION ( 'NONE',  ( 0.0000000000000000000, -0.0000000000000000000, -1.000000000000000000 ) ) ;
#4765 =( GEOMETRIC_REPRESENTATION_CONTEXT ( 3 ) GLOBAL_UNCERTAINTY_ASSIGNED_CONTEXT ( ( #8773 ) ) GLOBAL_UNIT_ASSIGNED_CONTEXT ( ( #10044, #4763, #3193 ) ) REPRESENTATION_CONTEXT ( 'NONE', 'WORKASPACE' ) );
#4766 = CARTESIAN_POINT ( 'NONE',  ( -3.190675499178564400, 1.034324500821434800, 1.850000000000000500 ) ) ;
#4767 = VERTEX_POINT ( 'NONE', #6517 ) ;
#4768 = ORIENTED_EDGE ( 'NONE', *, *, #9940, .F. ) ;
#4769 = CARTESIAN_POINT ( 'NONE',  ( 0.7750000000000004700, 0.1000000000000000300, -2.550000000000000300 ) ) ;
#4770 = LINE ( 'NONE', #6748, #407 ) ;
#4771 = LINE ( 'NONE', #3206, #651 ) ;
#4772 = ORIENTED_EDGE ( 'NONE', *, *, #2047, .T. ) ;
#4773 = DIRECTION ( 'NONE',  ( 1.000000000000000000, 0.0000000000000000000, 0.0000000000000000000 ) ) ;
#4774 = CARTESIAN_POINT ( 'NONE',  ( -0.4749999999999997600, 1.700000000000000000, 1.249999999999986000 ) ) ;
#4775 = EDGE_CURVE ( 'NONE', #4313, #6240, #8014, .T. ) ;
#4776 = DIRECTION ( 'NONE',  ( -1.000000000000000000, 0.0000000000000000000, 0.0000000000000000000 ) ) ;
#4777 = CARTESIAN_POINT ( 'NONE',  ( -0.7749999999999996900, 0.5000000000000000000, -1.550000000000000300 ) ) ;
#4778 = VERTEX_POINT ( 'NONE', #9013 ) ;
#4779 = ORIENTED_EDGE ( 'NONE', *, *, #5654, .T. ) ;
#4780 = VECTOR ( 'NONE', #550, 1000.000000000000000 ) ;
#4781 = ORIENTED_EDGE ( 'NONE', *, *, #2290, .T. ) ;
#4782 = CARTESIAN_POINT ( 'NONE',  ( 6.274999999999998600, 0.2999999999999989900, -0.3500000000000000300 ) ) ;
#4783 = ORIENTED_EDGE ( 'NONE', *, *, #4030, .F. ) ;
#4784 = VERTEX_POINT ( 'NONE', #5830 ) ;
#4785 = DIRECTION ( 'NONE',  ( 1.000000000000000000, 0.0000000000000000000, 0.0000000000000000000 ) ) ;
#4786 = EDGE_LOOP ( 'NONE', ( #7226, #4803, #6589, #4465 ) ) ;
#4787 = FACE_OUTER_BOUND ( 'NONE', #7239, .T. ) ;
#4788 = ORIENTED_EDGE ( 'NONE', *, *, #5534, .F. ) ;
#4789 = LINE ( 'NONE', #9158, #1361 ) ;
#4790 = CARTESIAN_POINT ( 'NONE',  ( -2.974999999999999200, 0.0000000000000000000, -1.950000000000000800 ) ) ;
#4791 = LINE ( 'NONE', #8591, #803 ) ;
#4792 = ORIENTED_EDGE ( 'NONE', *, *, #917, .F. ) ;
#4793 = ADVANCED_FACE ( 'NONE', ( #5035 ), #5031, .F. ) ;
#4794 = DIRECTION ( 'NONE',  ( 0.0000000000000000000, -1.000000000000000000, 0.0000000000000000000 ) ) ;
#4795 = VERTEX_POINT ( 'NONE', #5898 ) ;
#4796 = ORIENTED_EDGE ( 'NONE', *, *, #203, .T. ) ;
#4797 = DIRECTION ( 'NONE',  ( -1.000000000000000000, 0.0000000000000000000, -1.146293045799652500E-016 ) ) ;
#4798 = CARTESIAN_POINT ( 'NONE',  ( -6.274999999999998600, 0.2499999999999996700, 1.850000000000000100 ) ) ;
#4799 = VECTOR ( 'NONE', #10001, 1000.000000000000000 ) ;
#4800 = EDGE_CURVE ( 'NONE', #1572, #9162, #1743, .T. ) ;
#4801 = CARTESIAN_POINT ( 'NONE',  ( 0.7750000000000004700, 0.4000000000000001900, -2.550000000000000300 ) ) ;
#4802 = LINE ( 'NONE', #9756, #2742 ) ;
#4803 = ORIENTED_EDGE ( 'NONE', *, *, #455, .T. ) ;
#4804 = CARTESIAN_POINT ( 'NONE',  ( -2.024999999999999500, 1.250000000000000000, -2.299999999999999800 ) ) ;
#4805 = CARTESIAN_POINT ( 'NONE',  ( 0.7750000000000004700, 1.250000000000000000, -2.449999999999999300 ) ) ;
#4806 = EDGE_CURVE ( 'NONE', #2624, #3926, #9633, .T. ) ;
#4807 = AXIS2_PLACEMENT_3D ( 'NONE', #3058, #4627, #9170 ) ;
#4808 = LINE ( 'NONE', #2234, #4929 ) ;
#4809 = CYLINDRICAL_SURFACE ( 'NONE', #629, 0.1000000000000000500 ) ;
#4810 = ORIENTED_EDGE ( 'NONE', *, *, #4952, .F. ) ;
#4811 = CARTESIAN_POINT ( 'NONE',  ( -7.575000000000000200, 0.2500000000000000000, 1.850000000000000100 ) ) ;
#4812 = CARTESIAN_POINT ( 'NONE',  ( 5.874999999999999100, 3.399999999999999900, -1.550000000000000500 ) ) ;
#4813 = EDGE_CURVE ( 'NONE', #7813, #9456, #7404, .T. ) ;
#4814 = CARTESIAN_POINT ( 'NONE',  ( -5.674999999999999800, 0.2999999999999991600, 1.700000000000000200 ) ) ;
#4815 = LINE ( 'NONE', #6355, #7332 ) ;
#4816 = AXIS2_PLACEMENT_3D ( 'NONE', #3664, #8242, #9082 ) ;
#4817 = FACE_OUTER_BOUND ( 'NONE', #5767, .T. ) ;
#4818 = VERTEX_POINT ( 'NONE', #6624 ) ;
#4819 = CARTESIAN_POINT ( 'NONE',  ( 2.975000000000000100, 0.1000000000000007100, -1.850000000000000100 ) ) ;
#4820 = DIRECTION ( 'NONE',  ( 0.0000000000000000000, -0.0000000000000000000, 1.000000000000000000 ) ) ;
#4821 = LINE ( 'NONE', #7686, #4222 ) ;
#4822 = CARTESIAN_POINT ( 'NONE',  ( -3.884999999999999800, 0.2999999999999991600, 1.250000000000000700 ) ) ;
#4823 = CARTESIAN_POINT ( 'NONE',  ( 0.4750000000000005900, 1.399999999999999900, -2.299999999999999800 ) ) ;
#4824 = CARTESIAN_POINT ( 'NONE',  ( -7.174999999999998900, 2.200000000000000200, -0.5499999999999997100 ) ) ;
#4825 = EDGE_CURVE ( 'NONE', #2635, #85, #3935, .T. ) ;
#4826 = VECTOR ( 'NONE', #4341, 1000.000000000000000 ) ;
#4827 = DIRECTION ( 'NONE',  ( 0.0000000000000000000, 0.0000000000000000000, 1.000000000000000000 ) ) ;
#4828 = VECTOR ( 'NONE', #3055, 1000.000000000000000 ) ;
#4829 = ORIENTED_EDGE ( 'NONE', *, *, #331, .T. ) ;
#4830 = DIRECTION ( 'NONE',  ( 0.0000000000000000000, 1.000000000000000000, 5.421010862427532000E-016 ) ) ;
#4831 = AXIS2_PLACEMENT_3D ( 'NONE', #2813, #7524, #8245 ) ;
#4832 = DIRECTION ( 'NONE',  ( 1.000000000000000000, -0.0000000000000000000, 0.0000000000000000000 ) ) ;
#4833 = DIRECTION ( 'NONE',  ( 0.0000000000000000000, 0.0000000000000000000, 1.000000000000000000 ) ) ;
#4834 = DIRECTION ( 'NONE',  ( 1.000000000000000000, 7.228014483236702500E-016, -0.0000000000000000000 ) ) ;
#4835 = ORIENTED_EDGE ( 'NONE', *, *, #2562, .F. ) ;
#4836 = ORIENTED_EDGE ( 'NONE', *, *, #2380, .F. ) ;
#4837 = ADVANCED_FACE ( 'NONE', ( #1988 ), #4305, .F. ) ;
#4838 = VECTOR ( 'NONE', #8369, 1000.000000000000000 ) ;
#4839 = VECTOR ( 'NONE', #7528, 1000.000000000000000 ) ;
#4840 = SURFACE_SIDE_STYLE ('',( #4415 ) ) ;
#4841 = DIRECTION ( 'NONE',  ( -1.000000000000000000, 0.0000000000000000000, 0.0000000000000000000 ) ) ;
#4842 = ORIENTED_EDGE ( 'NONE', *, *, #7705, .T. ) ;
#4843 = DIRECTION ( 'NONE',  ( 0.0000000000000000000, 0.0000000000000000000, -1.000000000000000000 ) ) ;
#4844 = MECHANICAL_DESIGN_GEOMETRIC_PRESENTATION_REPRESENTATION (  '', ( #3950 ), #3617 ) ;
#4845 = VERTEX_POINT ( 'NONE', #8201 ) ;
#4846 = ORIENTED_EDGE ( 'NONE', *, *, #3571, .F. ) ;
#4847 = FILL_AREA_STYLE ('',( #7864 ) ) ;
#4848 = VECTOR ( 'NONE', #134, 1000.000000000000000 ) ;
#4849 = CIRCLE ( 'NONE', #4753, 0.09999999999999982500 ) ;
#4850 = DIRECTION ( 'NONE',  ( 0.0000000000000000000, -1.000000000000000000, 0.0000000000000000000 ) ) ;
#4851 = ORIENTED_EDGE ( 'NONE', *, *, #544, .T. ) ;
#4852 = ORIENTED_EDGE ( 'NONE', *, *, #5557, .T. ) ;
#4853 = DIRECTION ( 'NONE',  ( 1.000000000000000000, 6.123233995736764800E-017, 0.0000000000000000000 ) ) ;
#4854 = ORIENTED_EDGE ( 'NONE', *, *, #6505, .T. ) ;
#4855 = VERTEX_POINT ( 'NONE', #1190 ) ;
#4856 = EDGE_CURVE ( 'NONE', #6893, #9891, #5869, .T. ) ;
#4857 = CARTESIAN_POINT ( 'NONE',  ( 3.275000000000000400, 2.140000000000000100, -1.500000000000000000 ) ) ;
#4858 = CARTESIAN_POINT ( 'NONE',  ( -6.274999999999998600, 0.2999999999999989900, -0.3500000000000000300 ) ) ;
#4859 = PLANE ( 'NONE',  #2395 ) ;
#4860 = AXIS2_PLACEMENT_3D ( 'NONE', #5817, #4970, #5014 ) ;
#4861 = VECTOR ( 'NONE', #9728, 1000.000000000000000 ) ;
#4862 = FACE_OUTER_BOUND ( 'NONE', #2879, .T. ) ;
#4863 = EDGE_CURVE ( 'NONE', #8980, #5861, #5279, .T. ) ;
#4864 = ORIENTED_EDGE ( 'NONE', *, *, #4856, .T. ) ;
#4865 = VECTOR ( 'NONE', #2540, 1000.000000000000000 ) ;
#4866 = ORIENTED_EDGE ( 'NONE', *, *, #1443, .T. ) ;
#4867 = CARTESIAN_POINT ( 'NONE',  ( -3.260749162612789100, 0.9642508373872099600, 1.351399976863563800 ) ) ;
#4868 = ADVANCED_FACE ( 'NONE', ( #9384 ), #2771, .F. ) ;
#4869 = VERTEX_POINT ( 'NONE', #413 ) ;
#4870 = DIRECTION ( 'NONE',  ( -1.000000000000000000, -0.0000000000000000000, -0.0000000000000000000 ) ) ;
#4871 = PLANE ( 'NONE',  #8589 ) ;
#4872 = CARTESIAN_POINT ( 'NONE',  ( -5.204999999999999200, 0.0000000000000000000, -1.550000000000000300 ) ) ;
#4873 = EDGE_CURVE ( 'NONE', #8419, #8850, #3809, .T. ) ;
#4874 = VECTOR ( 'NONE', #2914, 1000.000000000000000 ) ;
#4875 = LINE ( 'NONE', #6050, #2572 ) ;
#4876 = EDGE_CURVE ( 'NONE', #3417, #959, #3194, .T. ) ;
#4877 = EDGE_LOOP ( 'NONE', ( #2971, #6145, #8678, #4394, #3427 ) ) ;
#4878 = DIRECTION ( 'NONE',  ( 0.0000000000000000000, 0.0000000000000000000, 1.000000000000000000 ) ) ;
#4879 = EDGE_LOOP ( 'NONE', ( #4105, #6421, #1533, #2708 ) ) ;
#4880 = EDGE_LOOP ( 'NONE', ( #613, #6205, #6142, #5036 ) ) ;
#4881 = EDGE_CURVE ( 'NONE', #4312, #1572, #2952, .T. ) ;
#4882 = CARTESIAN_POINT ( 'NONE',  ( 5.594999999999998000, 2.180000000000000200, 2.650000000000000400 ) ) ;
#4883 = DIRECTION ( 'NONE',  ( -1.000000000000000000, 0.0000000000000000000, -0.0000000000000000000 ) ) ;
#4884 = DIRECTION ( 'NONE',  ( 0.0000000000000000000, 0.0000000000000000000, 1.000000000000000000 ) ) ;
#4885 = LINE ( 'NONE', #5519, #8517 ) ;
#4886 = VECTOR ( 'NONE', #6575, 1000.000000000000000 ) ;
#4887 = VERTEX_POINT ( 'NONE', #7350 ) ;
#4888 = CARTESIAN_POINT ( 'NONE',  ( -0.7749999999999996900, 1.700000000000000000, 1.249999999999986000 ) ) ;
#4889 = ORIENTED_EDGE ( 'NONE', *, *, #4059, .F. ) ;
#4890 = VERTEX_POINT ( 'NONE', #5121 ) ;
#4891 = EDGE_CURVE ( 'NONE', #4595, #2493, #8891, .T. ) ;
#4892 = CARTESIAN_POINT ( 'NONE',  ( -1.724999999999999600, 0.4000000000000001900, -2.649999999999999900 ) ) ;
#4893 = PRESENTATION_STYLE_ASSIGNMENT (( #7083 ) ) ;
#4894 = DIRECTION ( 'NONE',  ( 0.0000000000000000000, 0.0000000000000000000, 1.000000000000000000 ) ) ;
#4895 = AXIS2_PLACEMENT_3D ( 'NONE', #9908, #10015, #8335 ) ;
#4896 = ORIENTED_EDGE ( 'NONE', *, *, #7120, .F. ) ;
#4897 = DIRECTION ( 'NONE',  ( -1.000000000000000000, -0.0000000000000000000, -0.0000000000000000000 ) ) ;
#4898 = DIRECTION ( 'NONE',  ( 0.0000000000000000000, 0.0000000000000000000, 1.000000000000000000 ) ) ;
#4899 = AXIS2_PLACEMENT_3D ( 'NONE', #5300, #2210, #5398 ) ;
#4900 = ORIENTED_EDGE ( 'NONE', *, *, #9355, .F. ) ;
#4901 = ORIENTED_EDGE ( 'NONE', *, *, #2362, .T. ) ;
#4902 = VECTOR ( 'NONE', #1780, 1000.000000000000000 ) ;
#4903 = DIRECTION ( 'NONE',  ( 0.0000000000000000000, 0.0000000000000000000, -1.000000000000000000 ) ) ;
#4904 = PLANE ( 'NONE',  #9122 ) ;
#4905 = DIRECTION ( 'NONE',  ( -0.0000000000000000000, 1.000000000000000000, 0.0000000000000000000 ) ) ;
#4906 = ORIENTED_EDGE ( 'NONE', *, *, #7849, .T. ) ;
#4907 = VERTEX_POINT ( 'NONE', #8342 ) ;
#4908 = AXIS2_PLACEMENT_3D ( 'NONE', #837, #1594, #9373 ) ;
#4909 = CARTESIAN_POINT ( 'NONE',  ( 1.725000000000000800, 0.7999999999999998200, -1.550000000000000300 ) ) ;
#4910 = FACE_OUTER_BOUND ( 'NONE', #2178, .T. ) ;
#4911 = ORIENTED_EDGE ( 'NONE', *, *, #8655, .T. ) ;
#4912 = LINE ( 'NONE', #6541, #5643 ) ;
#4913 = ORIENTED_EDGE ( 'NONE', *, *, #1393, .T. ) ;
#4914 = LINE ( 'NONE', #2179, #1997 ) ;
#4915 = ORIENTED_EDGE ( 'NONE', *, *, #8050, .T. ) ;
#4916 = DIRECTION ( 'NONE',  ( 0.0000000000000000000, 0.0000000000000000000, 1.000000000000000000 ) ) ;
#4917 = CARTESIAN_POINT ( 'NONE',  ( -2.974999999999999200, 0.5000000000000000000, -2.550000000000000300 ) ) ;
#4918 = DIRECTION ( 'NONE',  ( -1.000000000000000000, -0.0000000000000000000, -0.0000000000000000000 ) ) ;
#4919 = ADVANCED_FACE ( 'NONE', ( #8650 ), #5931, .F. ) ;
#4920 = PLANE ( 'NONE',  #2066 ) ;
#4921 = LINE ( 'NONE', #2401, #6482 ) ;
#4922 = EDGE_LOOP ( 'NONE', ( #9340, #6548, #3916, #845 ) ) ;
#4923 = VECTOR ( 'NONE', #8769, 1000.000000000000000 ) ;
#4924 = DIRECTION ( 'NONE',  ( 0.0000000000000000000, 0.0000000000000000000, -1.000000000000000000 ) ) ;
#4925 =( GEOMETRIC_REPRESENTATION_CONTEXT ( 3 ) GLOBAL_UNCERTAINTY_ASSIGNED_CONTEXT ( ( #103 ) ) GLOBAL_UNIT_ASSIGNED_CONTEXT ( ( #4737, #3233, #106 ) ) REPRESENTATION_CONTEXT ( 'NONE', 'WORKASPACE' ) );
#4926 = ORIENTED_EDGE ( 'NONE', *, *, #1112, .T. ) ;
#4927 = CARTESIAN_POINT ( 'NONE',  ( -4.224999999999999600, 0.4000000000000001900, -2.550000000000000300 ) ) ;
#4928 = DIRECTION ( 'NONE',  ( -1.000000000000000000, -0.0000000000000000000, -0.0000000000000000000 ) ) ;
#4929 = VECTOR ( 'NONE', #900, 1000.000000000000000 ) ;
#4930 = CARTESIAN_POINT ( 'NONE',  ( 0.4750000000000005900, 1.700000000000000000, 1.249999999999986000 ) ) ;
#4931 = CARTESIAN_POINT ( 'NONE',  ( -1.724999999999999600, 0.1000000000000000300, -2.649999999999999900 ) ) ;
#4932 = LINE ( 'NONE', #2901, #9067 ) ;
#4933 = DIRECTION ( 'NONE',  ( 0.0000000000000000000, 0.0000000000000000000, 1.000000000000000000 ) ) ;
#4934 = LINE ( 'NONE', #4823, #8565 ) ;
#4935 = ORIENTED_EDGE ( 'NONE', *, *, #8854, .T. ) ;
#4936 = CARTESIAN_POINT ( 'NONE',  ( -4.230700334954884000, 0.9557003349548839300, 1.290559990745417100 ) ) ;
#4937 = CARTESIAN_POINT ( 'NONE',  ( 5.874999999999999100, 3.000000000000000000, 2.650000000000000400 ) ) ;
#4938 = EDGE_CURVE ( 'NONE', #8978, #6491, #1018, .T. ) ;
#4939 = EDGE_CURVE ( 'NONE', #3049, #4718, #893, .T. ) ;
#4940 = CARTESIAN_POINT ( 'NONE',  ( -2.974999999999999200, 0.0000000000000000000, -1.950000000000000800 ) ) ;
#4941 = CARTESIAN_POINT ( 'NONE',  ( 1.725000000000000800, 1.250000000000000000, -2.299999999999999800 ) ) ;
#4942 = LINE ( 'NONE', #4294, #4209 ) ;
#4943 = VECTOR ( 'NONE', #2558, 1000.000000000000000 ) ;
#4944 = ORIENTED_EDGE ( 'NONE', *, *, #7238, .F. ) ;
#4945 = EDGE_CURVE ( 'NONE', #4565, #4969, #775, .T. ) ;
#4946 = AXIS2_PLACEMENT_3D ( 'NONE', #9794, #5163, #2112 ) ;
#4947 = ADVANCED_FACE ( 'NONE', ( #7278 ), #3681, .F. ) ;
#4948 = LINE ( 'NONE', #2507, #9423 ) ;
#4949 = VECTOR ( 'NONE', #5369, 1000.000000000000000 ) ;
#4950 = ORIENTED_EDGE ( 'NONE', *, *, #4681, .F. ) ;
#4951 = DIRECTION ( 'NONE',  ( 1.000000000000000000, 0.0000000000000000000, 0.0000000000000000000 ) ) ;
#4952 = EDGE_CURVE ( 'NONE', #4957, #6669, #9018, .T. ) ;
#4953 = CARTESIAN_POINT ( 'NONE',  ( -4.224999999999999600, 0.5000000000000000000, -2.550000000000000300 ) ) ;
#4954 = DIRECTION ( 'NONE',  ( -1.000000000000000000, -0.0000000000000000000, -0.0000000000000000000 ) ) ;
#4955 = AXIS2_PLACEMENT_3D ( 'NONE', #1146, #8894, #8817 ) ;
#4956 = AXIS2_PLACEMENT_3D ( 'NONE', #5984, #2785, #3567 ) ;
#4957 = VERTEX_POINT ( 'NONE', #9052 ) ;
#4958 = ORIENTED_EDGE ( 'NONE', *, *, #718, .T. ) ;
#4959 = CARTESIAN_POINT ( 'NONE',  ( -4.524999999999999500, 0.9499999999999998400, -1.000000000000000700 ) ) ;
#4960 = DIRECTION ( 'NONE',  ( 0.0000000000000000000, 0.0000000000000000000, -1.000000000000000000 ) ) ;
#4961 = CARTESIAN_POINT ( 'NONE',  ( 0.7750000000000004700, 1.500000000000000000, -1.700000000000000800 ) ) ;
#4962 = LINE ( 'NONE', #5452, #5220 ) ;
#4963 = LINE ( 'NONE', #1984, #1338 ) ;
#4964 = CARTESIAN_POINT ( 'NONE',  ( 2.975000000000000100, 1.250000000000000000, -2.449999999999999300 ) ) ;
#4965 = EDGE_CURVE ( 'NONE', #328, #4658, #2233, .T. ) ;
#4966 = DIRECTION ( 'NONE',  ( -0.7071067811865483500, 0.7071067811865466800, 0.0000000000000000000 ) ) ;
#4967 = EDGE_LOOP ( 'NONE', ( #3688, #752, #7476, #262 ) ) ;
#4968 = DIRECTION ( 'NONE',  ( 0.0000000000000000000, 1.000000000000000000, 0.0000000000000000000 ) ) ;
#4969 = VERTEX_POINT ( 'NONE', #7449 ) ;
#4970 = DIRECTION ( 'NONE',  ( -0.0000000000000000000, 0.0000000000000000000, 1.000000000000000000 ) ) ;
#4971 = STYLED_ITEM ( 'NONE', ( #9661 ), #2334 ) ;
#4972 = ADVANCED_FACE ( 'NONE', ( #165 ), #9916, .F. ) ;
#4973 = DIRECTION ( 'NONE',  ( -1.000000000000000000, 0.0000000000000000000, 0.0000000000000000000 ) ) ;
#4974 = EDGE_CURVE ( 'NONE', #8846, #6761, #9375, .T. ) ;
#4975 = DIRECTION ( 'NONE',  ( 0.0000000000000000000, 0.0000000000000000000, 1.000000000000000000 ) ) ;
#4976 = CARTESIAN_POINT ( 'NONE',  ( -5.674999999999999800, -5.755839955992548600E-017, 2.650000000000000400 ) ) ;
#4977 = VECTOR ( 'NONE', #9547, 1000.000000000000000 ) ;
#4978 = VECTOR ( 'NONE', #6464, 1000.000000000000000 ) ;
#4979 = ORIENTED_EDGE ( 'NONE', *, *, #4689, .F. ) ;
#4980 = CARTESIAN_POINT ( 'NONE',  ( 3.585000000000000000, 0.5999999999999998700, 2.400000000000003000 ) ) ;
#4981 = EDGE_LOOP ( 'NONE', ( #4254, #6515, #6964, #2947 ) ) ;
#4982 = VERTEX_POINT ( 'NONE', #7558 ) ;
#4983 = PLANE ( 'NONE',  #24 ) ;
#4984 = VECTOR ( 'NONE', #7754, 1000.000000000000000 ) ;
#4985 = VECTOR ( 'NONE', #1524, 1000.000000000000000 ) ;
#4986 = PLANE ( 'NONE',  #7481 ) ;
#4987 = CARTESIAN_POINT ( 'NONE',  ( -0.7749999999999996900, 2.140000000000000100, -1.500000000000000000 ) ) ;
#4988 = AXIS2_PLACEMENT_3D ( 'NONE', #2327, #766, #7707 ) ;
#4989 = VERTEX_POINT ( 'NONE', #9959 ) ;
#4990 = SURFACE_SIDE_STYLE ('',( #3500 ) ) ;
#4991 = ORIENTED_EDGE ( 'NONE', *, *, #1185, .F. ) ;
#4992 = LINE ( 'NONE', #2111, #865 ) ;
#4993 = ORIENTED_EDGE ( 'NONE', *, *, #8071, .F. ) ;
#4994 = EDGE_LOOP ( 'NONE', ( #6214, #3033, #5497, #7542, #5099, #3168, #3560, #1605, #9285, #4896, #4165, #370, #3891, #5330, #253, #1282, #2822 ) ) ;
#4995 = LINE ( 'NONE', #5097, #4015 ) ;
#4996 = PLANE ( 'NONE',  #9292 ) ;
#4997 = VECTOR ( 'NONE', #3911, 1000.000000000000000 ) ;
#4998 = LINE ( 'NONE', #1851, #2922 ) ;
#4999 = CARTESIAN_POINT ( 'NONE',  ( 0.4750000000000005900, 0.7999999999999998200, -1.550000000000000300 ) ) ;
#5000 = PLANE ( 'NONE',  #2631 ) ;
#5001 = VERTEX_POINT ( 'NONE', #7521 ) ;
#5002 = EDGE_CURVE ( 'NONE', #7604, #6580, #8880, .T. ) ;
#5003 = ADVANCED_FACE ( 'NONE', ( #5511 ), #3661, .F. ) ;
#5004 = PLANE ( 'NONE',  #4456 ) ;
#5005 = CARTESIAN_POINT ( 'NONE',  ( -4.224999999999999600, 2.140000000000000100, -1.500000000000000000 ) ) ;
#5006 = VERTEX_POINT ( 'NONE', #4517 ) ;
#5007 = DIRECTION ( 'NONE',  ( -1.000000000000000000, -0.0000000000000000000, -0.0000000000000000000 ) ) ;
#5008 = ORIENTED_EDGE ( 'NONE', *, *, #4800, .T. ) ;
#5009 = CARTESIAN_POINT ( 'NONE',  ( -0.7749999999999996900, 1.700000000000000000, -1.000000000000000700 ) ) ;
#5010 = CARTESIAN_POINT ( 'NONE',  ( 0.7750000000000004700, 0.5000000000000000000, -2.550000000000000300 ) ) ;
#5011 = EDGE_CURVE ( 'NONE', #421, #412, #6109, .T. ) ;
#5012 = LINE ( 'NONE', #9702, #9729 ) ;
#5013 = LINE ( 'NONE', #5950, #8256 ) ;
#5014 = DIRECTION ( 'NONE',  ( 1.000000000000000000, 0.0000000000000000000, 0.0000000000000000000 ) ) ;
#5015 = DIRECTION ( 'NONE',  ( 0.0000000000000000000, 0.0000000000000000000, 1.000000000000000000 ) ) ;
#5016 = DIRECTION ( 'NONE',  ( 1.000000000000000000, 0.0000000000000000000, 0.0000000000000000000 ) ) ;
#5017 = DIRECTION ( 'NONE',  ( -0.0000000000000000000, -0.0000000000000000000, -1.000000000000000000 ) ) ;
#5018 = EDGE_LOOP ( 'NONE', ( #6454, #2499, #6301, #5824 ) ) ;
#5019 = ORIENTED_EDGE ( 'NONE', *, *, #3309, .T. ) ;
#5020 = CARTESIAN_POINT ( 'NONE',  ( -2.024999999999999500, 0.5000000000000000000, -1.550000000000000300 ) ) ;
#5021 = EDGE_CURVE ( 'NONE', #2840, #1398, #3929, .T. ) ;
#5022 = VECTOR ( 'NONE', #9111, 1000.000000000000000 ) ;
#5024 = PLANE ( 'NONE',  #7338 ) ;
#5023 = LINE ( 'NONE', #6961, #6698 ) ;
#5025 = CLOSED_SHELL ( 'NONE', ( #2368, #9436, #6649, #5077, #856, #4793, #4747, #5991, #9818, #273 ) ) ;
#5026 = EDGE_CURVE ( 'NONE', #2957, #2794, #5270, .T. ) ;
#5027 = APPLICATION_PROTOCOL_DEFINITION ( 'draft international standard', 'automotive_design', 1998, #5766 ) ;
#5028 = VERTEX_POINT ( 'NONE', #2142 ) ;
#5029 = ORIENTED_EDGE ( 'NONE', *, *, #5409, .F. ) ;
#5030 = AXIS2_PLACEMENT_3D ( 'NONE', #2984, #691, #6049 ) ;
#5031 = PLANE ( 'NONE',  #9983 ) ;
#5032 = PLANE ( 'NONE',  #5492 ) ;
#5033 = DIRECTION ( 'NONE',  ( 0.0000000000000000000, 0.0000000000000000000, -1.000000000000000000 ) ) ;
#5034 = ADVANCED_FACE ( 'NONE', ( #4539 ), #8490, .F. ) ;
#5035 = FACE_OUTER_BOUND ( 'NONE', #8314, .T. ) ;
#5036 = ORIENTED_EDGE ( 'NONE', *, *, #79, .F. ) ;
#5037 = EDGE_CURVE ( 'NONE', #274, #2704, #9976, .T. ) ;
#5038 = CARTESIAN_POINT ( 'NONE',  ( 1.725000000000000800, 0.9499999999999998400, 1.249999999999986000 ) ) ;
#5039 = ORIENTED_EDGE ( 'NONE', *, *, #7047, .F. ) ;
#5040 = PLANE ( 'NONE',  #193 ) ;
#5041 = CARTESIAN_POINT ( 'NONE',  ( -3.274999999999999500, 1.700000000000000000, 1.249999999999986000 ) ) ;
#5042 = VERTEX_POINT ( 'NONE', #3832 ) ;
#5043 = DIRECTION ( 'NONE',  ( -0.0000000000000000000, -0.0000000000000000000, 1.000000000000000000 ) ) ;
#5044 = AXIS2_PLACEMENT_3D ( 'NONE', #6010, #8282, #686 ) ;
#5045 = VECTOR ( 'NONE', #3182, 1000.000000000000000 ) ;
#5046 = ORIENTED_EDGE ( 'NONE', *, *, #294, .F. ) ;
#5047 = DIRECTION ( 'NONE',  ( -1.000000000000000000, -1.162683294890621800E-016, 0.0000000000000000000 ) ) ;
#5048 = VECTOR ( 'NONE', #3034, 1000.000000000000000 ) ;
#5049 = ORIENTED_EDGE ( 'NONE', *, *, #4351, .F. ) ;
#5050 = CARTESIAN_POINT ( 'NONE',  ( 3.185000000000000500, 0.2999999999999991600, 1.250000000000000700 ) ) ;
#5051 = SURFACE_STYLE_USAGE ( .BOTH. , #9749 ) ;
#5052 = VECTOR ( 'NONE', #6367, 1000.000000000000000 ) ;
#5053 = ORIENTED_EDGE ( 'NONE', *, *, #5339, .T. ) ;
#5054 = AXIS2_PLACEMENT_3D ( 'NONE', #3469, #474, #2067 ) ;
#5055 = ADVANCED_FACE ( 'NONE', ( #8000 ), #4654, .T. ) ;
#5056 = FACE_OUTER_BOUND ( 'NONE', #8783, .T. ) ;
#5057 = ORIENTED_EDGE ( 'NONE', *, *, #4226, .T. ) ;
#5058 = DIRECTION ( 'NONE',  ( 0.0000000000000000000, 0.0000000000000000000, -1.000000000000000000 ) ) ;
#5059 = DIRECTION ( 'NONE',  ( 1.000000000000000000, 0.0000000000000000000, 0.0000000000000000000 ) ) ;
#5060 = DIRECTION ( 'NONE',  ( 0.0000000000000000000, -1.000000000000000000, 0.0000000000000000000 ) ) ;
#5061 = LINE ( 'NONE', #1855, #3968 ) ;
#5062 = CYLINDRICAL_SURFACE ( 'NONE', #7855, 0.1000000000000000500 ) ;
#5063 = ORIENTED_EDGE ( 'NONE', *, *, #8641, .T. ) ;
#5064 = UNCERTAINTY_MEASURE_WITH_UNIT (LENGTH_MEASURE( 1.000000000000000100E-005 ), #2677, 'distance_accuracy_value', 'NONE');
#5065 = DIRECTION ( 'NONE',  ( 0.0000000000000000000, 0.0000000000000000000, 1.000000000000000000 ) ) ;
#5066 = FILL_AREA_STYLE_COLOUR ( '', #3404 ) ;
#5067 = DIRECTION ( 'NONE',  ( -1.000000000000000000, -1.162683294890621800E-016, 0.0000000000000000000 ) ) ;
#5068 = VECTOR ( 'NONE', #5589, 1000.000000000000000 ) ;
#5069 = DIRECTION ( 'NONE',  ( -0.0000000000000000000, -0.0000000000000000000, 1.000000000000000000 ) ) ;
#5070 = LINE ( 'NONE', #8426, #5448 ) ;
#5071 = ORIENTED_EDGE ( 'NONE', *, *, #406, .T. ) ;
#5072 = EDGE_CURVE ( 'NONE', #4501, #2915, #6817, .T. ) ;
#5073 = PLANE ( 'NONE',  #6926 ) ;
#5074 = EDGE_CURVE ( 'NONE', #1623, #8943, #4162, .T. ) ;
#5075 = EDGE_CURVE ( 'NONE', #3336, #1936, #5023, .T. ) ;
#5076 =( LENGTH_UNIT ( ) NAMED_UNIT ( * ) SI_UNIT ( .MILLI., .METRE. ) );
#5077 = ADVANCED_FACE ( 'NONE', ( #2468 ), #4709, .F. ) ;
#5078 = VECTOR ( 'NONE', #1537, 1000.000000000000000 ) ;
#5079 = CARTESIAN_POINT ( 'NONE',  ( 6.374999999999999100, 2.200000000000000200, -0.5499999999999997100 ) ) ;
#5080 = DIRECTION ( 'NONE',  ( 0.0000000000000000000, 0.0000000000000000000, 1.000000000000000000 ) ) ;
#5081 = PLANE ( 'NONE',  #7078 ) ;
#5082 = VECTOR ( 'NONE', #7419, 1000.000000000000000 ) ;
#5083 = EDGE_CURVE ( 'NONE', #2443, #8980, #2946, .T. ) ;
#5084 = ORIENTED_EDGE ( 'NONE', *, *, #7021, .F. ) ;
#5085 = LINE ( 'NONE', #1063, #3010 ) ;
#5086 = LINE ( 'NONE', #1543, #956 ) ;
#5087 = DIRECTION ( 'NONE',  ( -1.000000000000000000, -0.0000000000000000000, -0.0000000000000000000 ) ) ;
#5088 = EDGE_CURVE ( 'NONE', #673, #9371, #1858, .T. ) ;
#5089 = LINE ( 'NONE', #4172, #6513 ) ;
#5090 = FILL_AREA_STYLE ('',( #8865 ) ) ;
#5091 = VERTEX_POINT ( 'NONE', #5464 ) ;
#5092 = DIRECTION ( 'NONE',  ( -0.0000000000000000000, 0.0000000000000000000, -1.000000000000000000 ) ) ;
#5093 = LINE ( 'NONE', #7564, #3255 ) ;
#5094 = AXIS2_PLACEMENT_3D ( 'NONE', #6860, #7618, #3005 ) ;
#5095 = CARTESIAN_POINT ( 'NONE',  ( 2.025000000000000800, 2.140000000000000100, -1.400000000000000600 ) ) ;
#5096 = EDGE_LOOP ( 'NONE', ( #7530, #9725, #7260, #8992 ) ) ;
#5097 = CARTESIAN_POINT ( 'NONE',  ( 2.025000000000000800, 1.250000000000000000, -2.449999999999999300 ) ) ;
#5098 = ORIENTED_EDGE ( 'NONE', *, *, #8329, .T. ) ;
#5099 = ORIENTED_EDGE ( 'NONE', *, *, #6366, .F. ) ;
#5100 = ADVANCED_FACE ( 'NONE', ( #2356 ), #41, .F. ) ;
#5101 = CARTESIAN_POINT ( 'NONE',  ( -0.4749999999999997600, 0.5000000000000000000, -1.849999999999999900 ) ) ;
#5102 = DIRECTION ( 'NONE',  ( -1.000000000000000000, -0.0000000000000000000, -0.0000000000000000000 ) ) ;
#5103 = FACE_OUTER_BOUND ( 'NONE', #2528, .T. ) ;
#5105 = PLANE ( 'NONE',  #371 ) ;
#5104 = CYLINDRICAL_SURFACE ( 'NONE', #791, 0.1499999999999999700 ) ;
#5106 = ORIENTED_EDGE ( 'NONE', *, *, #6114, .F. ) ;
#5107 = ORIENTED_EDGE ( 'NONE', *, *, #9621, .T. ) ;
#5108 = AXIS2_PLACEMENT_3D ( 'NONE', #9234, #4532, #6774 ) ;
#5109 = ORIENTED_EDGE ( 'NONE', *, *, #6813, .F. ) ;
#5110 = EDGE_LOOP ( 'NONE', ( #6623, #8726, #4123, #45 ) ) ;
#5111 = CARTESIAN_POINT ( 'NONE',  ( 2.025000000000000800, 0.7999999999999999300, -1.400000000000000600 ) ) ;
#5112 =( LENGTH_UNIT ( ) NAMED_UNIT ( * ) SI_UNIT ( .MILLI., .METRE. ) );
#5113 = LINE ( 'NONE', #7295, #7501 ) ;
#5114 = VECTOR ( 'NONE', #926, 1000.000000000000000 ) ;
#5115 = LINE ( 'NONE', #4867, #3273 ) ;
#5116 = ORIENTED_EDGE ( 'NONE', *, *, #1102, .F. ) ;
#5117 = CARTESIAN_POINT ( 'NONE',  ( -2.974999999999999200, 0.0000000000000000000, -1.950000000000000800 ) ) ;
#5118 = ORIENTED_EDGE ( 'NONE', *, *, #3303, .T. ) ;
#5119 = VERTEX_POINT ( 'NONE', #6987 ) ;
#5120 = ORIENTED_EDGE ( 'NONE', *, *, #207, .F. ) ;
#5121 = CARTESIAN_POINT ( 'NONE',  ( 3.185000000000000500, 0.5999999999999998700, 6.505213034913026600E-016 ) ) ;
#5122 = CARTESIAN_POINT ( 'NONE',  ( -3.274999999999999500, 1.500000000000000000, -1.700000000000000800 ) ) ;
#5123 = AXIS2_PLACEMENT_3D ( 'NONE', #348, #4883, #2620 ) ;
#5124 = CARTESIAN_POINT ( 'NONE',  ( 5.674999999999999800, -5.755839955992548600E-017, -1.550000000000000300 ) ) ;
#5125 = CIRCLE ( 'NONE', #2042, 0.2999999999999997100 ) ;
#5126 = LINE ( 'NONE', #9200, #642 ) ;
#5127 = CARTESIAN_POINT ( 'NONE',  ( 3.275000000000000400, 1.500000000000000000, -1.600000000000000800 ) ) ;
#5128 = ADVANCED_FACE ( 'NONE', ( #4281 ), #6, .F. ) ;
#5129 = EDGE_LOOP ( 'NONE', ( #5189, #7987, #1845, #3215 ) ) ;
#5130 = ORIENTED_EDGE ( 'NONE', *, *, #3983, .T. ) ;
#5131 = CARTESIAN_POINT ( 'NONE',  ( 4.285000000000001000, 3.469233347080714400, 1.250000000000000700 ) ) ;
#5132 = DIRECTION ( 'NONE',  ( 1.000000000000000000, 0.0000000000000000000, 0.0000000000000000000 ) ) ;
#5133 = CARTESIAN_POINT ( 'NONE',  ( -3.185000000000000500, 3.469233347080714400, 1.250000000000000700 ) ) ;
#5134 = EDGE_CURVE ( 'NONE', #1209, #8198, #2589, .T. ) ;
#5135 = LINE ( 'NONE', #2236, #1977 ) ;
#5136 = VECTOR ( 'NONE', #1248, 1000.000000000000000 ) ;
#5137 = EDGE_CURVE ( 'NONE', #4480, #6670, #8265, .T. ) ;
#5138 = ORIENTED_EDGE ( 'NONE', *, *, #8310, .T. ) ;
#5139 = DIRECTION ( 'NONE',  ( -1.000000000000000000, 0.0000000000000000000, 0.0000000000000000000 ) ) ;
#5140 = ORIENTED_EDGE ( 'NONE', *, *, #9131, .T. ) ;
#5141 = ORIENTED_EDGE ( 'NONE', *, *, #1891, .T. ) ;
#5142 =( NAMED_UNIT ( * ) SI_UNIT ( $, .STERADIAN. ) SOLID_ANGLE_UNIT ( ) );
#5143 = EDGE_CURVE ( 'NONE', #6893, #7886, #4771, .T. ) ;
#5144 = AXIS2_PLACEMENT_3D ( 'NONE', #4489, #5303, #649 ) ;
#5145 = DIRECTION ( 'NONE',  ( -1.000000000000000000, 0.0000000000000000000, 0.0000000000000000000 ) ) ;
#5146 = FACE_OUTER_BOUND ( 'NONE', #6253, .T. ) ;
#5147 = DIRECTION ( 'NONE',  ( -1.000000000000000000, 5.421010862427532000E-016, -0.0000000000000000000 ) ) ;
#5148 = CARTESIAN_POINT ( 'NONE',  ( 1.725000000000000800, 0.5000000000000000000, -2.550000000000000300 ) ) ;
#5149 = CARTESIAN_POINT ( 'NONE',  ( -5.594999999999998900, 1.429999999999998800, 2.650000000000000400 ) ) ;
#5150 = DIRECTION ( 'NONE',  ( 0.0000000000000000000, 5.421010862427532000E-016, -1.000000000000000000 ) ) ;
#5151 = FILL_AREA_STYLE ('',( #9048 ) ) ;
#5152 = EDGE_LOOP ( 'NONE', ( #2240, #1343, #9261, #9597 ) ) ;
#5153 = EDGE_CURVE ( 'NONE', #4134, #8298, #3421, .T. ) ;
#5154 = ADVANCED_FACE ( 'NONE', ( #6449 ), #5529, .F. ) ;
#5155 = FACE_OUTER_BOUND ( 'NONE', #5152, .T. ) ;
#5156 = EDGE_CURVE ( 'NONE', #3388, #6235, #288, .T. ) ;
#5157 = ORIENTED_EDGE ( 'NONE', *, *, #2625, .T. ) ;
#5158 = AXIS2_PLACEMENT_3D ( 'NONE', #9028, #6736, #4467 ) ;
#5159 = DIRECTION ( 'NONE',  ( 0.0000000000000000000, 0.0000000000000000000, 1.000000000000000000 ) ) ;
#5160 = CARTESIAN_POINT ( 'NONE',  ( 4.525000000000001200, 0.7999999999999998200, -1.550000000000000300 ) ) ;
#5161 = ORIENTED_EDGE ( 'NONE', *, *, #5137, .F. ) ;
#5162 = DIRECTION ( 'NONE',  ( -1.000000000000000000, -0.0000000000000000000, -0.0000000000000000000 ) ) ;
#5163 = DIRECTION ( 'NONE',  ( 0.0000000000000000000, 0.9902680687415708100, -0.1391731009600621100 ) ) ;
#5164 = CYLINDRICAL_SURFACE ( 'NONE', #6448, 0.2999999999999997100 ) ;
#5165 = ORIENTED_EDGE ( 'NONE', *, *, #9801, .F. ) ;
#5166 = CIRCLE ( 'NONE', #179, 0.1000000000000000500 ) ;
#5167 = EDGE_LOOP ( 'NONE', ( #308, #8391, #3169, #761 ) ) ;
#5168 = EDGE_CURVE ( 'NONE', #3473, #2721, #4040, .T. ) ;
#5169 = CARTESIAN_POINT ( 'NONE',  ( -5.274999999999999500, 2.179999999999998800, 2.400000000000003000 ) ) ;
#5170 = EDGE_LOOP ( 'NONE', ( #2130, #7539, #1076, #206 ) ) ;
#5171 = ORIENTED_EDGE ( 'NONE', *, *, #3369, .F. ) ;
#5172 = LINE ( 'NONE', #3600, #4799 ) ;
#5173 = CARTESIAN_POINT ( 'NONE',  ( 3.275000000000000400, 0.4000000000000001900, -2.550000000000000300 ) ) ;
#5175 = EDGE_CURVE ( 'NONE', #9253, #6897, #2830, .T. ) ;
#5174 = CARTESIAN_POINT ( 'NONE',  ( -4.524999999999999500, 2.140000000000000100, -1.500000000000000000 ) ) ;
#5176 = AXIS2_PLACEMENT_3D ( 'NONE', #4568, #9704, #5067 ) ;
#5177 = FACE_OUTER_BOUND ( 'NONE', #2089, .T. ) ;
#5178 = ORIENTED_EDGE ( 'NONE', *, *, #2616, .F. ) ;
#5179 = CARTESIAN_POINT ( 'NONE',  ( -0.4749999999999997600, 0.5000000000000000000, -2.550000000000000300 ) ) ;
#5180 = VECTOR ( 'NONE', #7835, 1000.000000000000000 ) ;
#5181 = CARTESIAN_POINT ( 'NONE',  ( 4.225000000000001400, 0.4000000000000001900, -2.550000000000000300 ) ) ;
#5182 = ORIENTED_EDGE ( 'NONE', *, *, #2415, .F. ) ;
#5183 = CARTESIAN_POINT ( 'NONE',  ( 7.575000000000002000, 0.0000000000000000000, -0.3500000000000000300 ) ) ;
#5184 = ADVANCED_FACE ( 'NONE', ( #3184 ), #6286, .F. ) ;
#5185 = CARTESIAN_POINT ( 'NONE',  ( -7.575000000000000200, 0.2500000000000000000, 1.850000000000000100 ) ) ;
#5186 = LINE ( 'NONE', #768, #1778 ) ;
#5187 = CARTESIAN_POINT ( 'NONE',  ( 0.7750000000000004700, 1.399999999999999900, -2.299999999999999800 ) ) ;
#5188 = VECTOR ( 'NONE', #1657, 1000.000000000000000 ) ;
#5189 = ORIENTED_EDGE ( 'NONE', *, *, #7200, .T. ) ;
#5190 = CARTESIAN_POINT ( 'NONE',  ( 2.025000000000000800, 1.250000000000000000, -2.449999999999999300 ) ) ;
#5191 = CARTESIAN_POINT ( 'NONE',  ( 1.809324500821435800, 1.034324500821434800, 1.850000000000000500 ) ) ;
#5192 = AXIS2_PLACEMENT_3D ( 'NONE', #8851, #9674, #4903 ) ;
#5193 = CARTESIAN_POINT ( 'NONE',  ( -0.7749999999999996900, 1.700000000000000000, -1.000000000000000700 ) ) ;
#5194 = VECTOR ( 'NONE', #469, 1000.000000000000000 ) ;
#5195 = VECTOR ( 'NONE', #1712, 1000.000000000000000 ) ;
#5196 = VERTEX_POINT ( 'NONE', #5623 ) ;
#5197 = MANIFOLD_SOLID_BREP ( 'Boss-Extrude3[2]', #5616 ) ;
#5198 = DIRECTION ( 'NONE',  ( 0.0000000000000000000, -3.614007241618353200E-016, 1.000000000000000000 ) ) ;
#5199 = CARTESIAN_POINT ( 'NONE',  ( -0.7749999999999996900, 1.700000000000000000, 1.249999999999986000 ) ) ;
#5200 = PLANE ( 'NONE',  #6880 ) ;
#5201 = CARTESIAN_POINT ( 'NONE',  ( -2.024999999999999500, 1.700000000000000000, 3.457774721070176100 ) ) ;
#5202 = EDGE_CURVE ( 'NONE', #1595, #2957, #52, .T. ) ;
#5203 = CYLINDRICAL_SURFACE ( 'NONE', #4816, 0.1000000000000000500 ) ;
#5204 = PLANE ( 'NONE',  #1823 ) ;
#5205 = LINE ( 'NONE', #1296, #2646 ) ;
#5206 = VERTEX_POINT ( 'NONE', #4025 ) ;
#5207 = EDGE_CURVE ( 'NONE', #6819, #4000, #43, .T. ) ;
#5208 = CARTESIAN_POINT ( 'NONE',  ( -4.224999999999999600, 0.5000000000000000000, -1.849999999999999900 ) ) ;
#5209 = ADVANCED_FACE ( 'NONE', ( #8390 ), #7818, .F. ) ;
#5210 = ADVANCED_FACE ( 'NONE', ( #1262 ), #9490, .T. ) ;
#5211 = LINE ( 'NONE', #2655, #476 ) ;
#5212 = DIRECTION ( 'NONE',  ( 0.0000000000000000000, 0.0000000000000000000, -1.000000000000000000 ) ) ;
#5213 = ORIENTED_EDGE ( 'NONE', *, *, #7244, .F. ) ;
#5214 = EDGE_CURVE ( 'NONE', #8298, #4243, #1618, .T. ) ;
#5215 = ORIENTED_EDGE ( 'NONE', *, *, #5075, .F. ) ;
#5216 = EDGE_CURVE ( 'NONE', #9832, #3930, #2349, .T. ) ;
#5217 = DIRECTION ( 'NONE',  ( 1.000000000000000000, 0.0000000000000000000, 0.0000000000000000000 ) ) ;
#5218 = DIRECTION ( 'NONE',  ( 0.0000000000000000000, -1.000000000000000000, -5.421010862427532000E-016 ) ) ;
#5219 = SURFACE_SIDE_STYLE ('',( #5668 ) ) ;
#5220 = VECTOR ( 'NONE', #2296, 1000.000000000000000 ) ;
#5221 = VECTOR ( 'NONE', #3082, 1000.000000000000000 ) ;
#5222 = DIRECTION ( 'NONE',  ( -1.000000000000000000, 0.0000000000000000000, -0.0000000000000000000 ) ) ;
#5223 = EDGE_CURVE ( 'NONE', #2065, #9360, #1850, .T. ) ;
#5224 = AXIS2_PLACEMENT_3D ( 'NONE', #2198, #7511, #5222 ) ;
#5225 = VERTEX_POINT ( 'NONE', #3428 ) ;
#5226 = CARTESIAN_POINT ( 'NONE',  ( 3.584999999999999500, 0.6000000000000004200, 2.400000000000002600 ) ) ;
#5227 = VERTEX_POINT ( 'NONE', #5010 ) ;
#5228 = LINE ( 'NONE', #1073, #9936 ) ;
#5229 = VECTOR ( 'NONE', #58, 1000.000000000000000 ) ;
#5230 = DIRECTION ( 'NONE',  ( 0.0000000000000000000, 0.0000000000000000000, -1.000000000000000000 ) ) ;
#5231 = EDGE_CURVE ( 'NONE', #394, #3814, #5858, .T. ) ;
#5232 = CARTESIAN_POINT ( 'NONE',  ( 2.025000000000000800, 0.5000000000000000000, -1.849999999999999900 ) ) ;
#5233 = DIRECTION ( 'NONE',  ( 0.0000000000000000000, 1.000000000000000000, 4.015563601798170200E-016 ) ) ;
#5234 = CARTESIAN_POINT ( 'NONE',  ( 0.4750000000000005900, 0.9499999999999998400, 1.249999999999986000 ) ) ;
#5235 = CARTESIAN_POINT ( 'NONE',  ( -1.809324500821434500, 3.399999999999999900, 1.850000000000000500 ) ) ;
#5236 = ORIENTED_EDGE ( 'NONE', *, *, #1871, .T. ) ;
#5237 = ADVANCED_FACE ( 'NONE', ( #5261 ), #5073, .F. ) ;
#5238 = VERTEX_POINT ( 'NONE', #7265 ) ;
#5239 = PLANE ( 'NONE',  #7001 ) ;
#5240 = VECTOR ( 'NONE', #2544, 1000.000000000000000 ) ;
#5241 = LINE ( 'NONE', #8264, #1703 ) ;
#5242 = DIRECTION ( 'NONE',  ( 0.0000000000000000000, -4.015563601798169700E-016, 1.000000000000000000 ) ) ;
#5243 = ORIENTED_EDGE ( 'NONE', *, *, #1317, .T. ) ;
#5244 = ORIENTED_EDGE ( 'NONE', *, *, #6290, .F. ) ;
#5245 = ORIENTED_EDGE ( 'NONE', *, *, #5143, .T. ) ;
#5246 = DIRECTION ( 'NONE',  ( -1.000000000000000000, 0.0000000000000000000, -0.0000000000000000000 ) ) ;
#5247 = FACE_OUTER_BOUND ( 'NONE', #9406, .T. ) ;
#5248 = CARTESIAN_POINT ( 'NONE',  ( 5.875000000000000000, 0.2999999999999990500, 2.250000000000000400 ) ) ;
#5249 = VECTOR ( 'NONE', #7896, 1000.000000000000000 ) ;
#5250 = VECTOR ( 'NONE', #1104, 1000.000000000000000 ) ;
#5251 = CARTESIAN_POINT ( 'NONE',  ( -5.874999999999999100, 0.0000000000000000000, -1.550000000000000500 ) ) ;
#5252 = AXIS2_PLACEMENT_3D ( 'NONE', #3072, #5495, #5393 ) ;
#5253 = EDGE_LOOP ( 'NONE', ( #512, #810, #236, #8732 ) ) ;
#5254 = DIRECTION ( 'NONE',  ( -0.0000000000000000000, -0.0000000000000000000, 1.000000000000000000 ) ) ;
#5255 = CARTESIAN_POINT ( 'NONE',  ( -6.274999999999998600, 0.2999999999999989900, 1.850000000000000100 ) ) ;
#5256 = EDGE_LOOP ( 'NONE', ( #804, #9347, #9401, #8327 ) ) ;
#5257 = EDGE_LOOP ( 'NONE', ( #62, #2567, #1000, #3411 ) ) ;
#5258 = CARTESIAN_POINT ( 'NONE',  ( -4.224999999999999600, 1.250000000000000000, -2.299999999999999800 ) ) ;
#5259 = CARTESIAN_POINT ( 'NONE',  ( 4.525000000000001200, 1.250000000000000000, -2.449999999999999300 ) ) ;
#5260 = LINE ( 'NONE', #1134, #3791 ) ;
#5261 = FACE_OUTER_BOUND ( 'NONE', #9212, .T. ) ;
#5262 = ORIENTED_EDGE ( 'NONE', *, *, #7691, .F. ) ;
#5263 = ORIENTED_EDGE ( 'NONE', *, *, #596, .T. ) ;
#5264 = DIRECTION ( 'NONE',  ( 0.0000000000000000000, 0.0000000000000000000, -1.000000000000000000 ) ) ;
#5265 = CARTESIAN_POINT ( 'NONE',  ( -5.874999999999999100, 3.399999999999999900, -1.550000000000000500 ) ) ;
#5266 = DIRECTION ( 'NONE',  ( 0.0000000000000000000, -0.0000000000000000000, 1.000000000000000000 ) ) ;
#5267 = PLANE ( 'NONE',  #10003 ) ;
#5268 =( GEOMETRIC_REPRESENTATION_CONTEXT ( 3 ) GLOBAL_UNCERTAINTY_ASSIGNED_CONTEXT ( ( #9590 ) ) GLOBAL_UNIT_ASSIGNED_CONTEXT ( ( #4008, #9457, #9426 ) ) REPRESENTATION_CONTEXT ( 'NONE', 'WORKASPACE' ) );
#5269 = LINE ( 'NONE', #7140, #1735 ) ;
#5270 = LINE ( 'NONE', #1433, #539 ) ;
#5271 = ORIENTED_EDGE ( 'NONE', *, *, #6530, .T. ) ;
#5272 = DIRECTION ( 'NONE',  ( -1.000000000000000000, -0.0000000000000000000, -0.0000000000000000000 ) ) ;
#5273 = ORIENTED_EDGE ( 'NONE', *, *, #1636, .T. ) ;
#5274 = EDGE_LOOP ( 'NONE', ( #9751, #4772, #3647, #4906 ) ) ;
#5275 = CARTESIAN_POINT ( 'NONE',  ( -1.724999999999999600, 1.500000000000000000, -1.600000000000000800 ) ) ;
#5276 = EDGE_CURVE ( 'NONE', #6208, #7890, #7158, .T. ) ;
#5277 = EDGE_CURVE ( 'NONE', #2077, #3336, #1121, .T. ) ;
#5278 = DIRECTION ( 'NONE',  ( 0.0000000000000000000, 1.000000000000000000, 4.015563601798170200E-016 ) ) ;
#5279 = LINE ( 'NONE', #2745, #9748 ) ;
#5280 = ORIENTED_EDGE ( 'NONE', *, *, #5021, .T. ) ;
#5281 = CARTESIAN_POINT ( 'NONE',  ( 6.250000000000000000, 0.0000000000000000000, -1.000000000000000700 ) ) ;
#5282 = LINE ( 'NONE', #9027, #7056 ) ;
#5283 = FILL_AREA_STYLE ('',( #7634 ) ) ;
#5284 = EDGE_CURVE ( 'NONE', #2351, #8077, #3803, .T. ) ;
#5285 = ORIENTED_EDGE ( 'NONE', *, *, #9439, .T. ) ;
#5286 = VERTEX_POINT ( 'NONE', #6535 ) ;
#5287 = DIRECTION ( 'NONE',  ( 0.0000000000000000000, 0.0000000000000000000, -1.000000000000000000 ) ) ;
#5288 = DIRECTION ( 'NONE',  ( 0.0000000000000000000, 0.0000000000000000000, 1.000000000000000000 ) ) ;
#5289 = DIRECTION ( 'NONE',  ( 0.0000000000000000000, -1.000000000000000000, -6.672013369141573100E-016 ) ) ;
#5290 = LINE ( 'NONE', #1212, #2260 ) ;
#5291 = EDGE_LOOP ( 'NONE', ( #4203, #3070, #4218, #3750 ) ) ;
#5292 = DIRECTION ( 'NONE',  ( -1.000000000000000000, -0.0000000000000000000, -0.0000000000000000000 ) ) ;
#5293 = EDGE_CURVE ( 'NONE', #1861, #6966, #7396, .T. ) ;
#5294 = LINE ( 'NONE', #3752, #3710 ) ;
#5295 = ORIENTED_EDGE ( 'NONE', *, *, #9629, .F. ) ;
#5296 = AXIS2_PLACEMENT_3D ( 'NONE', #390, #5809, #2051 ) ;
#5297 = VECTOR ( 'NONE', #9393, 1000.000000000000000 ) ;
#5298 = EDGE_LOOP ( 'NONE', ( #1638, #787, #8525, #7930 ) ) ;
#5299 = AXIS2_PLACEMENT_3D ( 'NONE', #8788, #303, #5723 ) ;
#5300 = CARTESIAN_POINT ( 'NONE',  ( 2.025000000000000800, 0.5000000000000000000, -1.550000000000000300 ) ) ;
#5301 = VERTEX_POINT ( 'NONE', #1912 ) ;
#5302 = PLANE ( 'NONE',  #9571 ) ;
#5303 = DIRECTION ( 'NONE',  ( -1.000000000000000000, -0.0000000000000000000, -0.0000000000000000000 ) ) ;
#5304 = PLANE ( 'NONE',  #1009 ) ;
#5305 = CIRCLE ( 'NONE', #7203, 0.1499999999999999700 ) ;
#5306 = ORIENTED_EDGE ( 'NONE', *, *, #4614, .F. ) ;
#5307 = EDGE_CURVE ( 'NONE', #7890, #729, #8518, .T. ) ;
#5308 = CARTESIAN_POINT ( 'NONE',  ( -0.4749999999999997600, 2.140000000000000100, -1.500000000000000000 ) ) ;
#5309 = DIRECTION ( 'NONE',  ( 0.7071067811865452400, -0.7071067811865497900, 0.0000000000000000000 ) ) ;
#5310 = CARTESIAN_POINT ( 'NONE',  ( 4.525000000000001200, 2.140000000000000100, -1.500000000000000000 ) ) ;
#5311 = AXIS2_PLACEMENT_3D ( 'NONE', #1940, #291, #1065 ) ;
#5312 = LINE ( 'NONE', #4157, #9660 ) ;
#5313 = VECTOR ( 'NONE', #2786, 1000.000000000000000 ) ;
#5314 = VERTEX_POINT ( 'NONE', #7336 ) ;
#5315 = DIRECTION ( 'NONE',  ( -0.0000000000000000000, -0.0000000000000000000, -1.000000000000000000 ) ) ;
#5316 = CARTESIAN_POINT ( 'NONE',  ( -2.974999999999999200, 1.500000000000000000, -1.600000000000001000 ) ) ;
#5317 = CARTESIAN_POINT ( 'NONE',  ( -5.274999999999999500, 3.000000000000000000, 2.400000000000003000 ) ) ;
#5318 = DIRECTION ( 'NONE',  ( -1.000000000000000000, -0.0000000000000000000, -0.0000000000000000000 ) ) ;
#5319 = FACE_OUTER_BOUND ( 'NONE', #115, .T. ) ;
#5320 = DIRECTION ( 'NONE',  ( -2.190419166690523100E-016, 0.7071067811865512400, -0.7071067811865439100 ) ) ;
#5321 = CARTESIAN_POINT ( 'NONE',  ( -2.024999999999999500, 0.0000000000000000000, -2.549999999999999400 ) ) ;
#5322 = LINE ( 'NONE', #440, #4479 ) ;
#5323 = ORIENTED_EDGE ( 'NONE', *, *, #3565, .F. ) ;
#5324 = DIRECTION ( 'NONE',  ( -0.0000000000000000000, 1.000000000000000000, -0.0000000000000000000 ) ) ;
#5325 = LINE ( 'NONE', #6986, #9795 ) ;
#5326 = VECTOR ( 'NONE', #4382, 1000.000000000000000 ) ;
#5327 = DIRECTION ( 'NONE',  ( -1.000000000000000000, 0.0000000000000000000, 0.0000000000000000000 ) ) ;
#5328 = DIRECTION ( 'NONE',  ( 0.0000000000000000000, 0.0000000000000000000, -1.000000000000000000 ) ) ;
#5329 = VECTOR ( 'NONE', #9906, 1000.000000000000000 ) ;
#5330 = ORIENTED_EDGE ( 'NONE', *, *, #1513, .F. ) ;
#5331 = FACE_OUTER_BOUND ( 'NONE', #3505, .T. ) ;
#5332 = DIRECTION ( 'NONE',  ( 1.000000000000000000, 0.0000000000000000000, -0.0000000000000000000 ) ) ;
#5333 = CARTESIAN_POINT ( 'NONE',  ( -4.285000000000000100, 0.5999999999999998700, 1.250000000000000700 ) ) ;
#5334 = CARTESIAN_POINT ( 'NONE',  ( 0.4750000000000005900, 1.700000000000000000, 3.457774721070176100 ) ) ;
#5335 = CARTESIAN_POINT ( 'NONE',  ( 2.025000000000000800, 0.5000000000000000000, -1.550000000000000300 ) ) ;
#5336 = EDGE_CURVE ( 'NONE', #30, #3013, #3415, .T. ) ;
#5337 = LINE ( 'NONE', #3166, #9684 ) ;
#5338 = ORIENTED_EDGE ( 'NONE', *, *, #8223, .T. ) ;
#5339 = EDGE_CURVE ( 'NONE', #8457, #4409, #3061, .T. ) ;
#5340 = DIRECTION ( 'NONE',  ( 0.0000000000000000000, 0.0000000000000000000, -1.000000000000000000 ) ) ;
#5341 = ORIENTED_EDGE ( 'NONE', *, *, #6668, .T. ) ;
#5342 = LINE ( 'NONE', #3462, #5822 ) ;
#5344 = DIRECTION ( 'NONE',  ( -0.0000000000000000000, 1.000000000000000000, 6.672013369141573100E-016 ) ) ;
#5343 = VECTOR ( 'NONE', #5272, 1000.000000000000000 ) ;
#5345 = CARTESIAN_POINT ( 'NONE',  ( 1.725000000000000800, 1.500000000000000000, -1.600000000000000800 ) ) ;
#5346 = EDGE_CURVE ( 'NONE', #9619, #2635, #9737, .T. ) ;
#5347 = ORIENTED_EDGE ( 'NONE', *, *, #1822, .T. ) ;
#5348 = CARTESIAN_POINT ( 'NONE',  ( 5.524999999999997700, 1.430000000000000200, 2.650000000000000400 ) ) ;
#5349 = ORIENTED_EDGE ( 'NONE', *, *, #3375, .T. ) ;
#5350 = ORIENTED_EDGE ( 'NONE', *, *, #1570, .T. ) ;
#5351 = DIRECTION ( 'NONE',  ( 0.0000000000000000000, 0.0000000000000000000, 1.000000000000000000 ) ) ;
#5352 = DIRECTION ( 'NONE',  ( -1.000000000000000000, -0.0000000000000000000, -0.0000000000000000000 ) ) ;
#5353 = CARTESIAN_POINT ( 'NONE',  ( -4.524999999999999500, 0.5000000000000000000, -1.550000000000000300 ) ) ;
#5354 = AXIS2_PLACEMENT_3D ( 'NONE', #8063, #9658, #5033 ) ;
#5355 = LINE ( 'NONE', #1401, #2678 ) ;
#5356 = FACE_OUTER_BOUND ( 'NONE', #1739, .T. ) ;
#5357 = ORIENTED_EDGE ( 'NONE', *, *, #4161, .F. ) ;
#5358 = DIRECTION ( 'NONE',  ( 0.0000000000000000000, 1.000000000000000000, 0.0000000000000000000 ) ) ;
#5359 = ORIENTED_EDGE ( 'NONE', *, *, #2350, .F. ) ;
#5360 = ORIENTED_EDGE ( 'NONE', *, *, #3549, .F. ) ;
#5361 = ORIENTED_EDGE ( 'NONE', *, *, #5592, .F. ) ;
#5362 = CARTESIAN_POINT ( 'NONE',  ( 4.525000000000001200, 1.500000000000000000, -1.700000000000000800 ) ) ;
#5363 = VECTOR ( 'NONE', #7329, 1000.000000000000000 ) ;
#5364 = DIRECTION ( 'NONE',  ( 1.000000000000000000, 0.0000000000000000000, 0.0000000000000000000 ) ) ;
#5365 = EDGE_CURVE ( 'NONE', #7036, #5390, #1008, .T. ) ;
#5366 = DIRECTION ( 'NONE',  ( 0.0000000000000000000, 1.000000000000000000, 0.0000000000000000000 ) ) ;
#5367 = FACE_OUTER_BOUND ( 'NONE', #44, .T. ) ;
#5368 = ORIENTED_EDGE ( 'NONE', *, *, #7527, .T. ) ;
#5369 = DIRECTION ( 'NONE',  ( -0.0000000000000000000, 1.000000000000000000, -0.0000000000000000000 ) ) ;
#5370 = VERTEX_POINT ( 'NONE', #2663 ) ;
#5371 = EDGE_LOOP ( 'NONE', ( #3934, #94, #2725, #6347 ) ) ;
#5372 = ORIENTED_EDGE ( 'NONE', *, *, #4316, .F. ) ;
#5373 = LINE ( 'NONE', #3423, #6805 ) ;
#5374 = CYLINDRICAL_SURFACE ( 'NONE', #7291, 0.1000000000000000500 ) ;
#5375 = DIRECTION ( 'NONE',  ( 0.0000000000000000000, 0.0000000000000000000, 1.000000000000000000 ) ) ;
#5376 = DIRECTION ( 'NONE',  ( 0.0000000000000000000, 0.0000000000000000000, 1.000000000000000000 ) ) ;
#5377 = ORIENTED_EDGE ( 'NONE', *, *, #2666, .F. ) ;
#5378 = ORIENTED_EDGE ( 'NONE', *, *, #9616, .F. ) ;
#5379 = DIRECTION ( 'NONE',  ( -0.0000000000000000000, -0.0000000000000000000, 1.000000000000000000 ) ) ;
#5380 = CARTESIAN_POINT ( 'NONE',  ( -1.724999999999999600, 1.500000000000000000, -1.700000000000000800 ) ) ;
#5381 = CARTESIAN_POINT ( 'NONE',  ( -4.224999999999999600, 1.250000000000000000, -2.449999999999999300 ) ) ;
#5382 = AXIS2_PLACEMENT_3D ( 'NONE', #9070, #8999, #4443 ) ;
#5383 = FACE_OUTER_BOUND ( 'NONE', #8706, .T. ) ;
#5384 = VECTOR ( 'NONE', #7227, 1000.000000000000000 ) ;
#5385 = LINE ( 'NONE', #5539, #7397 ) ;
#5386 = DIRECTION ( 'NONE',  ( 0.0000000000000000000, 0.0000000000000000000, 1.000000000000000000 ) ) ;
#5387 = PLANE ( 'NONE',  #67 ) ;
#5388 = ORIENTED_EDGE ( 'NONE', *, *, #3961, .T. ) ;
#5389 = DIRECTION ( 'NONE',  ( -1.000000000000000000, -0.0000000000000000000, -0.0000000000000000000 ) ) ;
#5390 = VERTEX_POINT ( 'NONE', #4253 ) ;
#5391 = ORIENTED_EDGE ( 'NONE', *, *, #682, .T. ) ;
#5392 = CARTESIAN_POINT ( 'NONE',  ( -7.174999999999998900, 2.200000000000000200, 5.480194339616986100 ) ) ;
#5393 = DIRECTION ( 'NONE',  ( 0.0000000000000000000, 0.0000000000000000000, 1.000000000000000000 ) ) ;
#5394 = VECTOR ( 'NONE', #5866, 1000.000000000000000 ) ;
#5395 = EDGE_CURVE ( 'NONE', #1876, #4480, #2579, .T. ) ;
#5396 = EDGE_LOOP ( 'NONE', ( #5157, #9691, #7293, #3300 ) ) ;
#5397 = ORIENTED_EDGE ( 'NONE', *, *, #7236, .F. ) ;
#5398 = DIRECTION ( 'NONE',  ( 0.0000000000000000000, 0.0000000000000000000, -1.000000000000000000 ) ) ;
#5399 = AXIS2_PLACEMENT_3D ( 'NONE', #1387, #9904, #9872 ) ;
#5400 = CARTESIAN_POINT ( 'NONE',  ( -4.524999999999999500, 0.1000000000000000300, -2.649999999999999900 ) ) ;
#5401 = ORIENTED_EDGE ( 'NONE', *, *, #6296, .T. ) ;
#5402 = ORIENTED_EDGE ( 'NONE', *, *, #6173, .T. ) ;
#5403 = CARTESIAN_POINT ( 'NONE',  ( -3.274999999999999500, 0.9499999999999998400, -1.000000000000000700 ) ) ;
#5404 = EDGE_CURVE ( 'NONE', #243, #6291, #5013, .T. ) ;
#5405 = CYLINDRICAL_SURFACE ( 'NONE', #8562, 0.1000000000000000500 ) ;
#5406 = ORIENTED_EDGE ( 'NONE', *, *, #2402, .T. ) ;
#5407 = EDGE_CURVE ( 'NONE', #7381, #7351, #8751, .T. ) ;
#5408 = ORIENTED_EDGE ( 'NONE', *, *, #8527, .T. ) ;
#5409 = EDGE_CURVE ( 'NONE', #6778, #2005, #5620, .T. ) ;
#5410 = CARTESIAN_POINT ( 'NONE',  ( 3.275000000000000400, 0.5000000000000000000, -1.550000000000000300 ) ) ;
#5411 = LINE ( 'NONE', #9168, #9517 ) ;
#5412 = ORIENTED_EDGE ( 'NONE', *, *, #1530, .F. ) ;
#5413 = DIRECTION ( 'NONE',  ( 0.0000000000000000000, 0.0000000000000000000, -1.000000000000000000 ) ) ;
#5414 = VECTOR ( 'NONE', #3540, 1000.000000000000000 ) ;
#5415 = ORIENTED_EDGE ( 'NONE', *, *, #8163, .T. ) ;
#5416 = DIRECTION ( 'NONE',  ( -0.0000000000000000000, -1.000000000000000000, 0.0000000000000000000 ) ) ;
#5417 = EDGE_CURVE ( 'NONE', #7965, #8359, #1379, .T. ) ;
#5418 = ORIENTED_EDGE ( 'NONE', *, *, #622, .F. ) ;
#5419 = CARTESIAN_POINT ( 'NONE',  ( 5.674999999999999800, 0.2999999999999991600, -0.5999999999999985300 ) ) ;
#5420 = DIRECTION ( 'NONE',  ( 0.0000000000000000000, 0.0000000000000000000, -1.000000000000000000 ) ) ;
#5421 = DIRECTION ( 'NONE',  ( -0.0000000000000000000, 0.0000000000000000000, 1.000000000000000000 ) ) ;
#5422 = VECTOR ( 'NONE', #9914, 1000.000000000000000 ) ;
#5423 = ORIENTED_EDGE ( 'NONE', *, *, #726, .T. ) ;
#5424 = ADVANCED_FACE ( 'NONE', ( #3295 ), #3641, .F. ) ;
#5425 = PLANE ( 'NONE',  #5865 ) ;
#5426 = CARTESIAN_POINT ( 'NONE',  ( 0.7750000000000004700, 2.140000000000000100, -1.400000000000000600 ) ) ;
#5427 = FACE_OUTER_BOUND ( 'NONE', #8896, .T. ) ;
#5428 = EDGE_CURVE ( 'NONE', #2409, #3351, #882, .T. ) ;
#5429 = EDGE_LOOP ( 'NONE', ( #6790, #3324, #3805, #2974 ) ) ;
#5430 = CARTESIAN_POINT ( 'NONE',  ( -5.874999999999999100, 3.399999999999999900, 1.700000000000000600 ) ) ;
#5431 = AXIS2_PLACEMENT_3D ( 'NONE', #914, #4905, #1756 ) ;
#5432 = CARTESIAN_POINT ( 'NONE',  ( 3.185000000000000500, 3.469233347080714400, 1.250000000000000700 ) ) ;
#5433 = LINE ( 'NONE', #7112, #3344 ) ;
#5434 = ORIENTED_EDGE ( 'NONE', *, *, #4289, .T. ) ;
#5435 = AXIS2_PLACEMENT_3D ( 'NONE', #6989, #9410, #7850 ) ;
#5436 = DIRECTION ( 'NONE',  ( 0.0000000000000000000, 0.0000000000000000000, -1.000000000000000000 ) ) ;
#5437 = DIRECTION ( 'NONE',  ( -1.000000000000000000, -0.0000000000000000000, -0.0000000000000000000 ) ) ;
#5438 = VECTOR ( 'NONE', #3498, 1000.000000000000000 ) ;
#5439 = CIRCLE ( 'NONE', #1480, 0.09999999999999982500 ) ;
#5440 = VERTEX_POINT ( 'NONE', #8190 ) ;
#5441 = PLANE ( 'NONE',  #8448 ) ;
#5442 = AXIS2_PLACEMENT_3D ( 'NONE', #228, #129, #2466 ) ;
#5443 = PRODUCT ( '10114830-xxxxxLF (Additional)_10114830-10108LF', '10114830-xxxxxLF (Additional)_10114830-10108LF', '', ( #376 ) ) ;
#5444 = CARTESIAN_POINT ( 'NONE',  ( 6.274999999999998600, -4.336808689942017700E-016, -0.3500000000000000300 ) ) ;
#5445 = ADVANCED_FACE ( 'NONE', ( #4647 ), #7502, .T. ) ;
#5446 = DIRECTION ( 'NONE',  ( -1.000000000000000000, -0.0000000000000000000, -0.0000000000000000000 ) ) ;
#5447 = CYLINDRICAL_SURFACE ( 'NONE', #10018, 0.2999999999999997100 ) ;
#5448 = VECTOR ( 'NONE', #9677, 1000.000000000000000 ) ;
#5449 = EDGE_LOOP ( 'NONE', ( #1374, #2836, #7853, #5506, #3153 ) ) ;
#5450 = DIRECTION ( 'NONE',  ( 0.0000000000000000000, 0.0000000000000000000, 1.000000000000000000 ) ) ;
#5451 = PLANE ( 'NONE',  #9525 ) ;
#5452 = CARTESIAN_POINT ( 'NONE',  ( 5.594999999999998000, 1.430000000000000200, 2.650000000000000400 ) ) ;
#5453 = DIRECTION ( 'NONE',  ( 0.0000000000000000000, 0.0000000000000000000, -1.000000000000000000 ) ) ;
#5454 = FACE_OUTER_BOUND ( 'NONE', #9251, .T. ) ;
#5455 = DIRECTION ( 'NONE',  ( -1.000000000000000000, 0.0000000000000000000, 0.0000000000000000000 ) ) ;
#5456 = CARTESIAN_POINT ( 'NONE',  ( -5.874999999999999100, 0.2999999999999990500, 2.650000000000000400 ) ) ;
#5457 = CLOSED_SHELL ( 'NONE', ( #2340, #5836, #6967, #7370, #2, #1841, #3253, #3380, #7214, #2030, #8871, #4002, #8274, #2485, #6549, #5055, #8651, #3231, #83 ) ) ;
#5458 = AXIS2_PLACEMENT_3D ( 'NONE', #4804, #7049, #1631 ) ;
#5459 = DIRECTION ( 'NONE',  ( 0.0000000000000000000, 0.0000000000000000000, 1.000000000000000000 ) ) ;
#5460 = ORIENTED_EDGE ( 'NONE', *, *, #7170, .T. ) ;
#5461 = AXIS2_PLACEMENT_3D ( 'NONE', #6126, #6192, #3882 ) ;
#5462 = LINE ( 'NONE', #3062, #4605 ) ;
#5463 = VECTOR ( 'NONE', #3517, 1000.000000000000000 ) ;
#5464 = CARTESIAN_POINT ( 'NONE',  ( 2.025000000000000800, 0.1000000000000007100, -1.850000000000000100 ) ) ;
#5465 = CARTESIAN_POINT ( 'NONE',  ( 3.185000000000000500, 0.2999999999999991600, 1.250000000000000700 ) ) ;
#5466 = VERTEX_POINT ( 'NONE', #9836 ) ;
#5467 = EDGE_CURVE ( 'NONE', #2585, #6197, #1508, .T. ) ;
#5468 = ORIENTED_EDGE ( 'NONE', *, *, #4233, .F. ) ;
#5469 = EDGE_CURVE ( 'NONE', #7362, #673, #8868, .T. ) ;
#5470 = ADVANCED_FACE ( 'NONE', ( #4150 ), #2104, .T. ) ;
#5471 = VECTOR ( 'NONE', #336, 1000.000000000000000 ) ;
#5472 = LINE ( 'NONE', #5775, #2898 ) ;
#5473 = CARTESIAN_POINT ( 'NONE',  ( 3.275000000000000400, 1.250000000000000000, -2.299999999999999800 ) ) ;
#5474 = EDGE_CURVE ( 'NONE', #3453, #4404, #9849, .T. ) ;
#5475 = AXIS2_PLACEMENT_3D ( 'NONE', #9257, #2250, #9219 ) ;
#5476 = CARTESIAN_POINT ( 'NONE',  ( 3.585000000000000400, 0.5999999999999998700, 1.250000000000000700 ) ) ;
#5477 = VERTEX_POINT ( 'NONE', #463 ) ;
#5478 = CARTESIAN_POINT ( 'NONE',  ( 0.4750000000000005900, 0.9499999999999998400, 1.249999999999986000 ) ) ;
#5479 = ORIENTED_EDGE ( 'NONE', *, *, #1137, .T. ) ;
#5480 = VERTEX_POINT ( 'NONE', #5248 ) ;
#5481 = DIRECTION ( 'NONE',  ( -1.000000000000000000, 0.0000000000000000000, -0.0000000000000000000 ) ) ;
#5482 = VECTOR ( 'NONE', #2773, 1000.000000000000000 ) ;
#5483 = LINE ( 'NONE', #2325, #1942 ) ;
#5484 = EDGE_CURVE ( 'NONE', #4198, #2835, #5982, .T. ) ;
#5485 = ORIENTED_EDGE ( 'NONE', *, *, #8634, .F. ) ;
#5486 = CARTESIAN_POINT ( 'NONE',  ( 3.275000000000000400, 0.5000000000000000000, -2.550000000000000300 ) ) ;
#5487 = ORIENTED_EDGE ( 'NONE', *, *, #3191, .F. ) ;
#5488 = ORIENTED_EDGE ( 'NONE', *, *, #6477, .F. ) ;
#5489 = CARTESIAN_POINT ( 'NONE',  ( -0.6906754991785647400, 3.399999999999999900, 1.850000000000000500 ) ) ;
#5490 = AXIS2_PLACEMENT_3D ( 'NONE', #4777, #7085, #135 ) ;
#5491 = LINE ( 'NONE', #7192, #7859 ) ;
#5492 = AXIS2_PLACEMENT_3D ( 'NONE', #1964, #8133, #2842 ) ;
#5493 = VECTOR ( 'NONE', #1552, 1000.000000000000000 ) ;
#5495 = DIRECTION ( 'NONE',  ( -1.000000000000000000, -0.0000000000000000000, 0.0000000000000000000 ) ) ;
#5494 = LINE ( 'NONE', #9746, #5600 ) ;
#5496 = ADVANCED_FACE ( 'NONE', ( #1736 ), #6559, .F. ) ;
#5497 = ORIENTED_EDGE ( 'NONE', *, *, #5021, .F. ) ;
#5498 = ORIENTED_EDGE ( 'NONE', *, *, #3051, .T. ) ;
#5499 = FILL_AREA_STYLE ('',( #5559 ) ) ;
#5500 = EDGE_CURVE ( 'NONE', #6224, #9587, #3546, .T. ) ;
#5501 = PLANE ( 'NONE',  #226 ) ;
#5502 = CARTESIAN_POINT ( 'NONE',  ( 5.874999999999999100, 3.000000000000000000, 1.700000000000000600 ) ) ;
#5503 = FACE_OUTER_BOUND ( 'NONE', #57, .T. ) ;
#5504 = VECTOR ( 'NONE', #8118, 1000.000000000000000 ) ;
#5505 = ORIENTED_EDGE ( 'NONE', *, *, #7849, .F. ) ;
#5506 = ORIENTED_EDGE ( 'NONE', *, *, #5484, .T. ) ;
#5507 = MANIFOLD_SOLID_BREP ( 'LPattern1[1]', #2108 ) ;
#5508 = CARTESIAN_POINT ( 'NONE',  ( 6.874999999999995600, 0.2999999999999990500, -0.5499999999999997100 ) ) ;
#5509 = CARTESIAN_POINT ( 'NONE',  ( 4.525000000000001200, 2.140000000000000100, -1.500000000000000000 ) ) ;
#5510 = DIRECTION ( 'NONE',  ( -0.0000000000000000000, -0.0000000000000000000, -1.000000000000000000 ) ) ;
#5511 = FACE_OUTER_BOUND ( 'NONE', #5371, .T. ) ;
#5512 = EDGE_LOOP ( 'NONE', ( #1464, #9117, #7027, #776 ) ) ;
#5513 = SURFACE_SIDE_STYLE ('',( #9403 ) ) ;
#5514 = VERTEX_POINT ( 'NONE', #8300 ) ;
#5515 = AXIS2_PLACEMENT_3D ( 'NONE', #3945, #153, #5481 ) ;
#5516 = DIRECTION ( 'NONE',  ( 1.000000000000000000, 0.0000000000000000000, 0.0000000000000000000 ) ) ;
#5517 = LINE ( 'NONE', #1694, #173 ) ;
#5518 = ADVANCED_FACE ( 'NONE', ( #8244 ), #4324, .F. ) ;
#5519 = CARTESIAN_POINT ( 'NONE',  ( -1.724999999999999600, 1.700000000000000000, 3.457774721070176100 ) ) ;
#5520 = ORIENTED_EDGE ( 'NONE', *, *, #6249, .F. ) ;
#5521 = DIRECTION ( 'NONE',  ( -0.0000000000000000000, -1.000000000000000000, -0.0000000000000000000 ) ) ;
#5522 = DIRECTION ( 'NONE',  ( -1.000000000000000000, 2.168404344970999500E-016, 0.0000000000000000000 ) ) ;
#5523 = ORIENTED_EDGE ( 'NONE', *, *, #10000, .T. ) ;
#5524 = ORIENTED_EDGE ( 'NONE', *, *, #682, .F. ) ;
#5525 = EDGE_LOOP ( 'NONE', ( #9700, #7644, #7563, #5606 ) ) ;
#5526 = EDGE_CURVE ( 'NONE', #9642, #4198, #5971, .T. ) ;
#5527 = CARTESIAN_POINT ( 'NONE',  ( -4.224999999999999600, 0.5000000000000000000, -1.550000000000000300 ) ) ;
#5528 = CIRCLE ( 'NONE', #8674, 0.09999999999999982500 ) ;
#5529 = PLANE ( 'NONE',  #7682 ) ;
#5530 = PLANE ( 'NONE',  #9636 ) ;
#5531 = DIRECTION ( 'NONE',  ( -1.000000000000000000, 0.0000000000000000000, -0.0000000000000000000 ) ) ;
#5532 = ORIENTED_EDGE ( 'NONE', *, *, #4500, .T. ) ;
#5533 = LINE ( 'NONE', #7566, #8415 ) ;
#5534 = EDGE_CURVE ( 'NONE', #2618, #6761, #8378, .T. ) ;
#5535 = LINE ( 'NONE', #5430, #3211 ) ;
#5536 = EDGE_LOOP ( 'NONE', ( #9284, #9262, #8036, #2027 ) ) ;
#5537 = LINE ( 'NONE', #6429, #4923 ) ;
#5538 = CLOSED_SHELL ( 'NONE', ( #9693, #9039, #7394, #8559, #1914, #9598, #2581, #9368, #7809, #9864, #7324, #8167, #7172, #9491, #1342, #4650, #9413, #8675, #1550 ) ) ;
#5539 = CARTESIAN_POINT ( 'NONE',  ( 5.524999999999997700, 3.399999999999999900, 2.650000000000000400 ) ) ;
#5540 = VERTEX_POINT ( 'NONE', #2956 ) ;
#5541 = DIRECTION ( 'NONE',  ( 1.000000000000000000, 0.0000000000000000000, 0.0000000000000000000 ) ) ;
#5542 = EDGE_CURVE ( 'NONE', #644, #7721, #4875, .T. ) ;
#5543 = CARTESIAN_POINT ( 'NONE',  ( 0.7750000000000004700, 1.399999999999999900, -2.299999999999999800 ) ) ;
#5544 = ADVANCED_FACE ( 'NONE', ( #4138 ), #695, .F. ) ;
#5545 = SURFACE_STYLE_USAGE ( .BOTH. , #5513 ) ;
#5546 = VECTOR ( 'NONE', #7181, 1000.000000000000000 ) ;
#5547 = ORIENTED_EDGE ( 'NONE', *, *, #1005, .T. ) ;
#5548 = AXIS2_PLACEMENT_3D ( 'NONE', #9935, #6807, #3808 ) ;
#5549 = CARTESIAN_POINT ( 'NONE',  ( -3.584999999999999500, 0.2999999999999991600, 2.650000000000000800 ) ) ;
#5550 = FILL_AREA_STYLE ('',( #4762 ) ) ;
#5551 = CARTESIAN_POINT ( 'NONE',  ( 3.275000000000000400, 2.140000000000000100, -1.500000000000000000 ) ) ;
#5552 = CARTESIAN_POINT ( 'NONE',  ( -5.204999999999999200, 0.2999999999999991600, 1.700000000000000200 ) ) ;
#5553 = LINE ( 'NONE', #7262, #4583 ) ;
#5554 = ORIENTED_EDGE ( 'NONE', *, *, #7513, .T. ) ;
#5555 = EDGE_CURVE ( 'NONE', #9281, #3506, #4529, .T. ) ;
#5556 = DIRECTION ( 'NONE',  ( -0.0000000000000000000, -0.0000000000000000000, -1.000000000000000000 ) ) ;
#5557 = EDGE_CURVE ( 'NONE', #8009, #9024, #756, .T. ) ;
#5558 = CARTESIAN_POINT ( 'NONE',  ( 2.975000000000000100, 0.7999999999999999300, -1.400000000000000600 ) ) ;
#5559 = FILL_AREA_STYLE_COLOUR ( '', #6228 ) ;
#5560 = FACE_OUTER_BOUND ( 'NONE', #2090, .T. ) ;
#5561 = DIRECTION ( 'NONE',  ( -1.000000000000000000, -0.0000000000000000000, -0.0000000000000000000 ) ) ;
#5562 = FACE_OUTER_BOUND ( 'NONE', #8103, .T. ) ;
#5563 = CLOSED_SHELL ( 'NONE', ( #1995, #1744, #104, #5737, #300, #8081, #2896, #5810, #5860, #3675, #6264, #2510, #6754, #4032, #884, #5686, #8136, #1241, #4183 ) ) ;
#5564 = CIRCLE ( 'NONE', #1091, 0.09999999999999982500 ) ;
#5565 = ADVANCED_FACE ( 'NONE', ( #2812 ), #9267, .F. ) ;
#5566 = LINE ( 'NONE', #2531, #10039 ) ;
#5567 = ORIENTED_EDGE ( 'NONE', *, *, #9877, .T. ) ;
#5568 = LINE ( 'NONE', #5127, #3486 ) ;
#5569 = CARTESIAN_POINT ( 'NONE',  ( 2.875000000000001800, 1.034324500821434800, 1.850000000000000500 ) ) ;
#5570 = LINE ( 'NONE', #932, #9562 ) ;
#5572 =( LENGTH_UNIT ( ) NAMED_UNIT ( * ) SI_UNIT ( .MILLI., .METRE. ) );
#5571 = VECTOR ( 'NONE', #8149, 1000.000000000000000 ) ;
#5573 = ORIENTED_EDGE ( 'NONE', *, *, #3046, .F. ) ;
#5574 = DIRECTION ( 'NONE',  ( -1.000000000000000000, -0.0000000000000000000, -0.0000000000000000000 ) ) ;
#5575 = ORIENTED_EDGE ( 'NONE', *, *, #1951, .F. ) ;
#5576 = CARTESIAN_POINT ( 'NONE',  ( 1.725000000000000800, 2.140000000000000100, -1.400000000000000600 ) ) ;
#5577 = DIRECTION ( 'NONE',  ( 0.0000000000000000000, -1.000000000000000000, -5.421010862427532000E-016 ) ) ;
#5578 = LINE ( 'NONE', #4328, #1087 ) ;
#5579 = VECTOR ( 'NONE', #1044, 1000.000000000000000 ) ;
#5580 = PRESENTATION_LAYER_ASSIGNMENT (  '', '', ( #5776 ) ) ;
#5581 = VERTEX_POINT ( 'NONE', #724 ) ;
#5582 = AXIS2_PLACEMENT_3D ( 'NONE', #6600, #1237, #2013 ) ;
#5583 = ORIENTED_EDGE ( 'NONE', *, *, #3933, .T. ) ;
#5584 = ORIENTED_EDGE ( 'NONE', *, *, #3597, .F. ) ;
#5585 = ADVANCED_FACE ( 'NONE', ( #4637 ), #3741, .F. ) ;
#5586 = DIRECTION ( 'NONE',  ( -1.000000000000000000, -0.0000000000000000000, -0.0000000000000000000 ) ) ;
#5587 = DIRECTION ( 'NONE',  ( 0.0000000000000000000, -1.000000000000000000, 0.0000000000000000000 ) ) ;
#5588 = CARTESIAN_POINT ( 'NONE',  ( 0.4750000000000005900, 1.700000000000000000, 1.249999999999986000 ) ) ;
#5589 = DIRECTION ( 'NONE',  ( -1.000000000000000000, -0.0000000000000000000, -0.0000000000000000000 ) ) ;
#5590 = VECTOR ( 'NONE', #2470, 1000.000000000000000 ) ;
#5591 = ORIENTED_EDGE ( 'NONE', *, *, #2990, .T. ) ;
#5592 = EDGE_CURVE ( 'NONE', #6711, #3579, #4273, .T. ) ;
#5593 = EDGE_CURVE ( 'NONE', #6670, #1937, #1499, .T. ) ;
#5594 = ORIENTED_EDGE ( 'NONE', *, *, #923, .T. ) ;
#5595 = ORIENTED_EDGE ( 'NONE', *, *, #5989, .T. ) ;
#5596 = ORIENTED_EDGE ( 'NONE', *, *, #397, .T. ) ;
#5597 = EDGE_CURVE ( 'NONE', #5477, #694, #2093, .T. ) ;
#5598 = DIRECTION ( 'NONE',  ( 0.0000000000000000000, 1.000000000000000000, 4.015563601798170200E-016 ) ) ;
#5599 = LINE ( 'NONE', #7322, #7489 ) ;
#5600 = VECTOR ( 'NONE', #4291, 1000.000000000000000 ) ;
#5601 = AXIS2_PLACEMENT_3D ( 'NONE', #8932, #8711, #9102 ) ;
#5602 = ORIENTED_EDGE ( 'NONE', *, *, #2699, .F. ) ;
#5603 = ORIENTED_EDGE ( 'NONE', *, *, #486, .T. ) ;
#5604 = DIRECTION ( 'NONE',  ( 0.0000000000000000000, -1.000000000000000000, 0.0000000000000000000 ) ) ;
#5605 = ORIENTED_EDGE ( 'NONE', *, *, #3293, .T. ) ;
#5606 = ORIENTED_EDGE ( 'NONE', *, *, #6229, .T. ) ;
#5607 = EDGE_CURVE ( 'NONE', #4544, #4284, #3908, .T. ) ;
#5608 = PLANE ( 'NONE',  #7506 ) ;
#5609 = CIRCLE ( 'NONE', #5158, 0.1000000000000000500 ) ;
#5610 = DIRECTION ( 'NONE',  ( -1.000000000000000000, -1.162683294890621800E-016, 0.0000000000000000000 ) ) ;
#5611 = CARTESIAN_POINT ( 'NONE',  ( -7.575000000000000200, 0.0000000000000000000, 1.850000000000000100 ) ) ;
#5612 = ADVANCED_FACE ( 'NONE', ( #7746 ), #2920, .F. ) ;
#5613 = CARTESIAN_POINT ( 'NONE',  ( 5.274999999999998600, 3.000000000000000000, 2.400000000000003000 ) ) ;
#5614 = VERTEX_POINT ( 'NONE', #3715 ) ;
#5615 = DIRECTION ( 'NONE',  ( 1.000000000000000000, 0.0000000000000000000, 0.0000000000000000000 ) ) ;
#5616 = CLOSED_SHELL ( 'NONE', ( #1560, #1670, #9624, #1130, #1792, #3754, #6385, #1629 ) ) ;
#5617 =( GEOMETRIC_REPRESENTATION_CONTEXT ( 3 ) GLOBAL_UNCERTAINTY_ASSIGNED_CONTEXT ( ( #4189 ) ) GLOBAL_UNIT_ASSIGNED_CONTEXT ( ( #1899, #7248, #8029 ) ) REPRESENTATION_CONTEXT ( 'NONE', 'WORKASPACE' ) );
#5618 = DIRECTION ( 'NONE',  ( 0.0000000000000000000, 1.000000000000000000, 0.0000000000000000000 ) ) ;
#5619 = VECTOR ( 'NONE', #7104, 1000.000000000000000 ) ;
#5620 = LINE ( 'NONE', #1173, #9365 ) ;
#5621 = ORIENTED_EDGE ( 'NONE', *, *, #4806, .T. ) ;
#5622 = CARTESIAN_POINT ( 'NONE',  ( 1.725000000000000800, 0.7999999999999999300, -1.400000000000000600 ) ) ;
#5623 = CARTESIAN_POINT ( 'NONE',  ( -4.224999999999999600, 0.9499999999999998400, -1.000000000000000700 ) ) ;
#5624 = PLANE ( 'NONE',  #5431 ) ;
#5625 = ORIENTED_EDGE ( 'NONE', *, *, #8223, .F. ) ;
#5626 = VERTEX_POINT ( 'NONE', #4567 ) ;
#5627 = MANIFOLD_SOLID_BREP ( 'LPattern3[1]', #7006 ) ;
#5628 = EDGE_CURVE ( 'NONE', #2360, #4404, #5126, .T. ) ;
#5629 = FACE_OUTER_BOUND ( 'NONE', #6262, .T. ) ;
#5630 = ORIENTED_EDGE ( 'NONE', *, *, #2616, .T. ) ;
#5631 = EDGE_LOOP ( 'NONE', ( #7993, #1757, #8032, #7168 ) ) ;
#5632 = CARTESIAN_POINT ( 'NONE',  ( -4.510749162612789600, 0.9642508373872099600, 1.351399976863563800 ) ) ;
#5633 = ADVANCED_FACE ( 'NONE', ( #2224 ), #2359, .F. ) ;
#5634 = CARTESIAN_POINT ( 'NONE',  ( 2.025000000000000800, 0.9499999999999998400, 3.457774721070176100 ) ) ;
#5635 = LINE ( 'NONE', #3290, #4902 ) ;
#5636 = ORIENTED_EDGE ( 'NONE', *, *, #2625, .F. ) ;
#5637 = AXIS2_PLACEMENT_3D ( 'NONE', #1564, #3932, #6200 ) ;
#5638 = ORIENTED_EDGE ( 'NONE', *, *, #3319, .F. ) ;
#5639 = DIRECTION ( 'NONE',  ( 0.0000000000000000000, 1.000000000000000000, 0.0000000000000000000 ) ) ;
#5640 = LINE ( 'NONE', #7669, #4181 ) ;
#5641 = EDGE_LOOP ( 'NONE', ( #630, #8537, #8886, #1267 ) ) ;
#5642 = CARTESIAN_POINT ( 'NONE',  ( 4.525000000000001200, 0.0000000000000000000, -1.950000000000000800 ) ) ;
#5643 = VECTOR ( 'NONE', #3337, 1000.000000000000000 ) ;
#5644 = VERTEX_POINT ( 'NONE', #3122 ) ;
#5645 = EDGE_CURVE ( 'NONE', #9982, #4855, #3283, .T. ) ;
#5646 = EDGE_CURVE ( 'NONE', #2322, #7865, #1729, .T. ) ;
#5647 = CARTESIAN_POINT ( 'NONE',  ( -3.274999999999999500, 1.700000000000000000, 3.457774721070176100 ) ) ;
#5648 = CIRCLE ( 'NONE', #8398, 0.1000000000000002600 ) ;
#5649 = ORIENTED_EDGE ( 'NONE', *, *, #8887, .F. ) ;
#5650 = DIRECTION ( 'NONE',  ( 0.0000000000000000000, 0.0000000000000000000, -1.000000000000000000 ) ) ;
#5651 = CARTESIAN_POINT ( 'NONE',  ( 5.874999999999999100, 2.499999999999999600, -1.400000000000000600 ) ) ;
#5652 = DIRECTION ( 'NONE',  ( 1.162683294890621800E-016, -1.000000000000000000, 0.0000000000000000000 ) ) ;
#5653 = LINE ( 'NONE', #2157, #9765 ) ;
#5654 = EDGE_CURVE ( 'NONE', #4982, #1980, #7389, .T. ) ;
#5655 = VERTEX_POINT ( 'NONE', #3096 ) ;
#5656 = CARTESIAN_POINT ( 'NONE',  ( 4.225000000000001400, 0.0000000000000000000, -1.950000000000000800 ) ) ;
#5657 = VECTOR ( 'NONE', #9146, 1000.000000000000000 ) ;
#5658 = ADVANCED_FACE ( 'NONE', ( #2458 ), #5374, .T. ) ;
#5659 = VECTOR ( 'NONE', #3490, 1000.000000000000000 ) ;
#5660 = ORIENTED_EDGE ( 'NONE', *, *, #3972, .F. ) ;
#5661 = EDGE_CURVE ( 'NONE', #4243, #4338, #3053, .T. ) ;
#5662 = DIRECTION ( 'NONE',  ( -1.000000000000000000, 0.0000000000000000000, -0.0000000000000000000 ) ) ;
#5663 = EDGE_CURVE ( 'NONE', #839, #6430, #1967, .T. ) ;
#5664 = DIRECTION ( 'NONE',  ( -0.0000000000000000000, 1.000000000000000000, 0.0000000000000000000 ) ) ;
#5665 = CARTESIAN_POINT ( 'NONE',  ( -2.974999999999999200, 1.500000000000000000, -1.700000000000000800 ) ) ;
#5666 = DIRECTION ( 'NONE',  ( 0.0000000000000000000, 0.0000000000000000000, 1.000000000000000000 ) ) ;
#5667 = CARTESIAN_POINT ( 'NONE',  ( -7.374999999999999100, 1.999999999999999100, -0.5499999999999997100 ) ) ;
#5668 = SURFACE_STYLE_FILL_AREA ( #6781 ) ;
#5669 = PRESENTATION_LAYER_ASSIGNMENT (  '', '', ( #3443 ) ) ;
#5670 = ORIENTED_EDGE ( 'NONE', *, *, #2923, .T. ) ;
#5671 = AXIS2_PLACEMENT_3D ( 'NONE', #1169, #9570, #8002 ) ;
#5672 = CIRCLE ( 'NONE', #5044, 0.09999999999999982500 ) ;
#5673 = DIRECTION ( 'NONE',  ( 0.0000000000000000000, 0.0000000000000000000, -1.000000000000000000 ) ) ;
#5674 = DIRECTION ( 'NONE',  ( -1.000000000000000000, -0.0000000000000000000, -0.0000000000000000000 ) ) ;
#5675 = LINE ( 'NONE', #1186, #2650 ) ;
#5676 = DIRECTION ( 'NONE',  ( 0.7071067811865500200, -0.0000000000000000000, 0.7071067811865451300 ) ) ;
#5677 = DIRECTION ( 'NONE',  ( 0.0000000000000000000, 0.9902680687415708100, -0.1391731009600621100 ) ) ;
#5678 = EDGE_CURVE ( 'NONE', #1383, #3152, #1487, .T. ) ;
#5679 = VECTOR ( 'NONE', #7619, 1000.000000000000000 ) ;
#5680 = PLANE ( 'NONE',  #5442 ) ;
#5681 = FACE_OUTER_BOUND ( 'NONE', #2930, .T. ) ;
#5682 = ORIENTED_EDGE ( 'NONE', *, *, #7947, .T. ) ;
#5683 = EDGE_CURVE ( 'NONE', #7381, #3905, #3525, .T. ) ;
#5684 = CARTESIAN_POINT ( 'NONE',  ( 0.4750000000000005900, 1.700000000000000000, 1.249999999999986000 ) ) ;
#5685 = AXIS2_PLACEMENT_3D ( 'NONE', #7141, #7907, #7811 ) ;
#5686 = ADVANCED_FACE ( 'NONE', ( #3666 ), #5727, .T. ) ;
#5688 = CARTESIAN_POINT ( 'NONE',  ( 5.874999999999999100, 3.399999999999999900, -1.550000000000000500 ) ) ;
#5687 = VECTOR ( 'NONE', #4046, 1000.000000000000000 ) ;
#5689 = CARTESIAN_POINT ( 'NONE',  ( 5.974999999999998800, 0.2999999999999989900, 1.850000000000000100 ) ) ;
#5690 = DIRECTION ( 'NONE',  ( 0.0000000000000000000, 1.000000000000000000, 0.0000000000000000000 ) ) ;
#5691 = VERTEX_POINT ( 'NONE', #2501 ) ;
#5692 = ORIENTED_EDGE ( 'NONE', *, *, #5593, .T. ) ;
#5693 = CARTESIAN_POINT ( 'NONE',  ( -2.024999999999999500, 1.399999999999999700, -1.700000000000000800 ) ) ;
#5694 = LINE ( 'NONE', #6745, #7833 ) ;
#5695 = LINE ( 'NONE', #9189, #2063 ) ;
#5696 = PLANE ( 'NONE',  #5123 ) ;
#5697 = ORIENTED_EDGE ( 'NONE', *, *, #4806, .F. ) ;
#5698 = AXIS2_PLACEMENT_3D ( 'NONE', #4260, #7231, #1885 ) ;
#5699 = CARTESIAN_POINT ( 'NONE',  ( 3.885000000000000200, 0.5999999999999998700, 2.650000000000000800 ) ) ;
#5700 = ORIENTED_EDGE ( 'NONE', *, *, #6403, .F. ) ;
#5701 = DIRECTION ( 'NONE',  ( 0.0000000000000000000, 0.0000000000000000000, -1.000000000000000000 ) ) ;
#5702 = LINE ( 'NONE', #4085, #966 ) ;
#5703 = LINE ( 'NONE', #1031, #1477 ) ;
#5704 = DIRECTION ( 'NONE',  ( 1.000000000000000000, 0.0000000000000000000, 0.0000000000000000000 ) ) ;
#5705 = ORIENTED_EDGE ( 'NONE', *, *, #9487, .F. ) ;
#5706 = DIRECTION ( 'NONE',  ( -1.000000000000000000, 0.0000000000000000000, 0.0000000000000000000 ) ) ;
#5707 = ORIENTED_EDGE ( 'NONE', *, *, #2016, .T. ) ;
#5708 = ORIENTED_EDGE ( 'NONE', *, *, #4369, .F. ) ;
#5709 = EDGE_CURVE ( 'NONE', #1277, #8978, #8366, .T. ) ;
#5710 = ADVANCED_FACE ( 'NONE', ( #6659 ), #4117, .F. ) ;
#5711 = CARTESIAN_POINT ( 'NONE',  ( -2.024999999999999500, 0.5000000000000000000, -1.849999999999999900 ) ) ;
#5712 = CARTESIAN_POINT ( 'NONE',  ( 3.275000000000000400, 0.0000000000000000000, -1.950000000000000800 ) ) ;
#5713 = LINE ( 'NONE', #5381, #1098 ) ;
#5714 = CARTESIAN_POINT ( 'NONE',  ( 5.674999999999999800, 0.2999999999999991600, 1.700000000000001500 ) ) ;
#5715 = EDGE_CURVE ( 'NONE', #8359, #7070, #8985, .T. ) ;
#5716 = ORIENTED_EDGE ( 'NONE', *, *, #2982, .T. ) ;
#5717 = CIRCLE ( 'NONE', #1406, 0.2999999999999997100 ) ;
#5718 = ORIENTED_EDGE ( 'NONE', *, *, #3244, .F. ) ;
#5719 = DIRECTION ( 'NONE',  ( 0.0000000000000000000, 1.000000000000000000, 0.0000000000000000000 ) ) ;
#5720 = ORIENTED_EDGE ( 'NONE', *, *, #2854, .T. ) ;
#5721 = VERTEX_POINT ( 'NONE', #263 ) ;
#5722 = DIRECTION ( 'NONE',  ( 0.0000000000000000000, 0.0000000000000000000, -1.000000000000000000 ) ) ;
#5723 = DIRECTION ( 'NONE',  ( 0.0000000000000000000, 0.0000000000000000000, 1.000000000000000000 ) ) ;
#5724 = DIRECTION ( 'NONE',  ( -1.000000000000000000, 0.0000000000000000000, 0.0000000000000000000 ) ) ;
#5725 = EDGE_CURVE ( 'NONE', #2351, #6025, #5115, .T. ) ;
#5726 = FACE_OUTER_BOUND ( 'NONE', #4435, .T. ) ;
#5727 = CYLINDRICAL_SURFACE ( 'NONE', #9022, 0.1000000000000000500 ) ;
#5728 = EDGE_CURVE ( 'NONE', #563, #2141, #7505, .T. ) ;
#5729 = ORIENTED_EDGE ( 'NONE', *, *, #6547, .T. ) ;
#5730 = CARTESIAN_POINT ( 'NONE',  ( -5.874999999999999100, 3.000000000000000000, 1.700000000000000600 ) ) ;
#5731 = VERTEX_POINT ( 'NONE', #6383 ) ;
#5732 = ORIENTED_EDGE ( 'NONE', *, *, #6492, .T. ) ;
#5733 = EDGE_CURVE ( 'NONE', #5870, #9763, #3406, .T. ) ;
#5734 = CARTESIAN_POINT ( 'NONE',  ( 4.225000000000001400, 1.700000000000000000, -1.000000000000000700 ) ) ;
#5735 = DIRECTION ( 'NONE',  ( 1.000000000000000000, 0.0000000000000000000, 0.0000000000000000000 ) ) ;
#5736 = CIRCLE ( 'NONE', #6557, 0.1499999999999999700 ) ;
#5737 = ADVANCED_FACE ( 'NONE', ( #4523 ), #9307, .F. ) ;
#5738 = ORIENTED_EDGE ( 'NONE', *, *, #798, .T. ) ;
#5739 = EDGE_LOOP ( 'NONE', ( #8138, #3014, #6445, #2206 ) ) ;
#5740 = ORIENTED_EDGE ( 'NONE', *, *, #3581, .F. ) ;
#5741 = EDGE_CURVE ( 'NONE', #3013, #8621, #9466, .T. ) ;
#5742 = CARTESIAN_POINT ( 'NONE',  ( 5.274999999999998600, 0.5999999999999998700, 2.400000000000003000 ) ) ;
#5743 = CARTESIAN_POINT ( 'NONE',  ( 6.274999999999998600, 0.2999999999999989900, 1.850000000000000100 ) ) ;
#5744 = CARTESIAN_POINT ( 'NONE',  ( 2.025000000000000800, 0.4000000000000001900, -2.550000000000000300 ) ) ;
#5745 = AXIS2_PLACEMENT_3D ( 'NONE', #145, #2446, #6393 ) ;
#5746 = ORIENTED_EDGE ( 'NONE', *, *, #79, .T. ) ;
#5747 = CARTESIAN_POINT ( 'NONE',  ( 0.7750000000000004700, 0.4000000000000001900, -2.550000000000000300 ) ) ;
#5748 = DIRECTION ( 'NONE',  ( 1.000000000000000000, 0.0000000000000000000, 0.0000000000000000000 ) ) ;
#5749 = ORIENTED_EDGE ( 'NONE', *, *, #2169, .T. ) ;
#5750 = ORIENTED_EDGE ( 'NONE', *, *, #782, .T. ) ;
#5751 = MANIFOLD_SOLID_BREP ( 'LPattern3[7]', #599 ) ;
#5752 = DIRECTION ( 'NONE',  ( -0.0000000000000000000, 1.000000000000000000, 6.672013369141573100E-016 ) ) ;
#5753 = CARTESIAN_POINT ( 'NONE',  ( -5.874999999999999100, 0.2999999999999990500, 2.650000000000000400 ) ) ;
#5754 = CARTESIAN_POINT ( 'NONE',  ( -5.204999999999999200, 0.2999999999999991600, -0.5999999999999998700 ) ) ;
#5755 = VECTOR ( 'NONE', #9628, 1000.000000000000000 ) ;
#5756 = CARTESIAN_POINT ( 'NONE',  ( 0.7750000000000004700, 1.250000000000000000, -2.299999999999999800 ) ) ;
#5757 = DIRECTION ( 'NONE',  ( 0.0000000000000000000, -0.0000000000000000000, 1.000000000000000000 ) ) ;
#5758 = CARTESIAN_POINT ( 'NONE',  ( 5.524999999999997700, 3.000000000000000000, 2.650000000000000400 ) ) ;
#5759 = ORIENTED_EDGE ( 'NONE', *, *, #7880, .F. ) ;
#5760 = ORIENTED_EDGE ( 'NONE', *, *, #5407, .F. ) ;
#5761 = VERTEX_POINT ( 'NONE', #8847 ) ;
#5762 = AXIS2_PLACEMENT_3D ( 'NONE', #4769, #7815, #7108 ) ;
#5763 = ORIENTED_EDGE ( 'NONE', *, *, #1880, .F. ) ;
#5764 = ADVANCED_FACE ( 'NONE', ( #747 ), #7202, .F. ) ;
#5765 = LINE ( 'NONE', #1817, #1538 ) ;
#5766 = APPLICATION_CONTEXT ( 'automotive_design' ) ;
#5767 = EDGE_LOOP ( 'NONE', ( #5415, #3937, #4427, #1221 ) ) ;
#5768 = VECTOR ( 'NONE', #8174, 1000.000000000000000 ) ;
#5769 = DIRECTION ( 'NONE',  ( -1.000000000000000000, -0.0000000000000000000, 0.0000000000000000000 ) ) ;
#5770 = DIRECTION ( 'NONE',  ( -0.0000000000000000000, 1.000000000000000000, -0.0000000000000000000 ) ) ;
#5771 = CARTESIAN_POINT ( 'NONE',  ( 4.225000000000001400, 1.700000000000000000, -1.000000000000000700 ) ) ;
#5772 = LINE ( 'NONE', #3726, #6965 ) ;
#5773 = EDGE_LOOP ( 'NONE', ( #4296, #1432, #4944, #6245 ) ) ;
#5774 = EDGE_LOOP ( 'NONE', ( #5630, #1451, #3202, #4069 ) ) ;
#5775 = CARTESIAN_POINT ( 'NONE',  ( 0.3750000000000012200, 1.615675499178565100, 1.850000000000000500 ) ) ;
#5776 = STYLED_ITEM ( 'NONE', ( #2702 ), #5627 ) ;
#5777 = VERTEX_POINT ( 'NONE', #1987 ) ;
#5778 = DIRECTION ( 'NONE',  ( 0.0000000000000000000, 0.0000000000000000000, -1.000000000000000000 ) ) ;
#5779 = AXIS2_PLACEMENT_3D ( 'NONE', #2852, #453, #4429 ) ;
#5780 = DIRECTION ( 'NONE',  ( -1.000000000000000000, 0.0000000000000000000, 0.0000000000000000000 ) ) ;
#5781 = DIRECTION ( 'NONE',  ( 0.0000000000000000000, 0.0000000000000000000, -1.000000000000000000 ) ) ;
#5782 = FACE_OUTER_BOUND ( 'NONE', #5873, .T. ) ;
#5783 = VERTEX_POINT ( 'NONE', #8155 ) ;
#5784 = DIRECTION ( 'NONE',  ( 1.000000000000000000, 0.0000000000000000000, -0.0000000000000000000 ) ) ;
#5785 = CARTESIAN_POINT ( 'NONE',  ( 5.874999999999999100, 3.000000000000000000, 2.650000000000000400 ) ) ;
#5786 = EDGE_CURVE ( 'NONE', #6897, #2573, #7378, .T. ) ;
#5787 = EDGE_CURVE ( 'NONE', #7033, #9316, #6797, .T. ) ;
#5788 = FILL_AREA_STYLE ('',( #7337 ) ) ;
#5789 = ADVANCED_FACE ( 'NONE', ( #5841 ), #4221, .F. ) ;
#5790 = DIRECTION ( 'NONE',  ( -0.1378445374916254000, -0.1378445374916254000, -0.9808148484639900300 ) ) ;
#5791 = CYLINDRICAL_SURFACE ( 'NONE', #7452, 0.1499999999999999700 ) ;
#5792 = DIRECTION ( 'NONE',  ( -1.000000000000000000, -0.0000000000000000000, -0.0000000000000000000 ) ) ;
#5793 = DIRECTION ( 'NONE',  ( -0.0000000000000000000, -0.0000000000000000000, -1.000000000000000000 ) ) ;
#5794 = VECTOR ( 'NONE', #2371, 1000.000000000000000 ) ;
#5795 = VERTEX_POINT ( 'NONE', #7307 ) ;
#5796 = EDGE_CURVE ( 'NONE', #2235, #9051, #2801, .T. ) ;
#5797 = SURFACE_STYLE_USAGE ( .BOTH. , #9652 ) ;
#5798 = LINE ( 'NONE', #2439, #8442 ) ;
#5799 = APPLICATION_PROTOCOL_DEFINITION ( 'draft international standard', 'automotive_design', 1998, #1925 ) ;
#5800 = VECTOR ( 'NONE', #4542, 1000.000000000000000 ) ;
#5801 = VERTEX_POINT ( 'NONE', #1881 ) ;
#5802 = DIRECTION ( 'NONE',  ( -1.000000000000000000, 0.0000000000000000000, -0.0000000000000000000 ) ) ;
#5803 = EDGE_CURVE ( 'NONE', #2913, #5001, #1369, .T. ) ;
#5804 = CARTESIAN_POINT ( 'NONE',  ( 5.204999999999999200, 0.2999999999999991600, 1.700000000000001500 ) ) ;
#5805 = LINE ( 'NONE', #2243, #4091 ) ;
#5806 = AXIS2_PLACEMENT_3D ( 'NONE', #6948, #6155, #7708 ) ;
#5807 = CIRCLE ( 'NONE', #1396, 0.1000000000000000500 ) ;
#5808 = ORIENTED_EDGE ( 'NONE', *, *, #5683, .F. ) ;
#5809 = DIRECTION ( 'NONE',  ( 1.000000000000000000, 0.0000000000000000000, 0.0000000000000000000 ) ) ;
#5810 = ADVANCED_FACE ( 'NONE', ( #8105 ), #5852, .F. ) ;
#5811 = CARTESIAN_POINT ( 'NONE',  ( 3.275000000000000400, 2.140000000000000100, -1.500000000000000000 ) ) ;
#5812 = VECTOR ( 'NONE', #5778, 1000.000000000000000 ) ;
#5813 = EDGE_CURVE ( 'NONE', #6025, #6891, #7031, .T. ) ;
#5814 = ORIENTED_EDGE ( 'NONE', *, *, #5307, .T. ) ;
#5815 = CARTESIAN_POINT ( 'NONE',  ( 4.225000000000001400, 0.7999999999999999300, -1.400000000000000600 ) ) ;
#5816 = ORIENTED_EDGE ( 'NONE', *, *, #9761, .T. ) ;
#5817 = CARTESIAN_POINT ( 'NONE',  ( 4.525000000000001200, 0.4000000000000001900, -2.649999999999999900 ) ) ;
#5818 = AXIS2_PLACEMENT_3D ( 'NONE', #7985, #7240, #3372 ) ;
#5819 = CARTESIAN_POINT ( 'NONE',  ( -1.724999999999999600, 0.0000000000000000000, -1.950000000000000800 ) ) ;
#5820 = DIRECTION ( 'NONE',  ( -1.000000000000000000, -0.0000000000000000000, -0.0000000000000000000 ) ) ;
#5821 = DIRECTION ( 'NONE',  ( 6.195440985631453300E-016, 0.0000000000000000000, -1.000000000000000000 ) ) ;
#5822 = VECTOR ( 'NONE', #6679, 1000.000000000000000 ) ;
#5823 = LINE ( 'NONE', #4237, #722 ) ;
#5824 = ORIENTED_EDGE ( 'NONE', *, *, #8358, .F. ) ;
#5825 = PLANE ( 'NONE',  #1922 ) ;
#5826 = VERTEX_POINT ( 'NONE', #332 ) ;
#5827 = ORIENTED_EDGE ( 'NONE', *, *, #8527, .F. ) ;
#5828 =( NAMED_UNIT ( * ) PLANE_ANGLE_UNIT ( ) SI_UNIT ( $, .RADIAN. ) );
#5829 = FACE_OUTER_BOUND ( 'NONE', #1698, .T. ) ;
#5830 = CARTESIAN_POINT ( 'NONE',  ( 1.725000000000000800, 0.1000000000000000300, -2.649999999999999900 ) ) ;
#5831 = CARTESIAN_POINT ( 'NONE',  ( -1.724999999999999600, 0.0000000000000000000, -2.549999999999999400 ) ) ;
#5832 = ORIENTED_EDGE ( 'NONE', *, *, #8079, .F. ) ;
#5833 = CARTESIAN_POINT ( 'NONE',  ( 0.4750000000000005900, 0.4000000000000001900, -2.649999999999999900 ) ) ;
#5834 = CARTESIAN_POINT ( 'NONE',  ( -4.224999999999999600, 1.700000000000000000, 1.249999999999986000 ) ) ;
#5835 = ORIENTED_EDGE ( 'NONE', *, *, #788, .T. ) ;
#5836 = ADVANCED_FACE ( 'NONE', ( #1715 ), #7268, .F. ) ;
#5837 = ORIENTED_EDGE ( 'NONE', *, *, #2941, .T. ) ;
#5838 = ORIENTED_EDGE ( 'NONE', *, *, #3906, .F. ) ;
#5839 = VECTOR ( 'NONE', #1129, 1000.000000000000000 ) ;
#5840 = VECTOR ( 'NONE', #8172, 1000.000000000000000 ) ;
#5841 = FACE_OUTER_BOUND ( 'NONE', #6956, .T. ) ;
#5842 = DIRECTION ( 'NONE',  ( 0.0000000000000000000, 0.0000000000000000000, -1.000000000000000000 ) ) ;
#5843 = DIRECTION ( 'NONE',  ( -1.000000000000000000, -0.0000000000000000000, -0.0000000000000000000 ) ) ;
#5844 = ORIENTED_EDGE ( 'NONE', *, *, #5663, .T. ) ;
#5845 = ORIENTED_EDGE ( 'NONE', *, *, #4035, .F. ) ;
#5846 = VERTEX_POINT ( 'NONE', #2703 ) ;
#5847 = EDGE_LOOP ( 'NONE', ( #47, #8237, #2643, #4460 ) ) ;
#5848 = CARTESIAN_POINT ( 'NONE',  ( 0.7750000000000004700, 1.500000000000000000, -1.700000000000000800 ) ) ;
#5849 = EDGE_CURVE ( 'NONE', #8121, #4454, #9963, .T. ) ;
#5850 = FACE_OUTER_BOUND ( 'NONE', #3250, .T. ) ;
#5851 = AXIS2_PLACEMENT_3D ( 'NONE', #3430, #2760, #2638 ) ;
#5852 = PLANE ( 'NONE',  #4860 ) ;
#5853 = DIRECTION ( 'NONE',  ( 0.0000000000000000000, 1.000000000000000000, -7.228014483236719200E-016 ) ) ;
#5854 = VERTEX_POINT ( 'NONE', #8921 ) ;
#5855 = EDGE_LOOP ( 'NONE', ( #1394, #6412, #2979, #1245 ) ) ;
#5856 = EDGE_CURVE ( 'NONE', #8538, #2192, #5494, .T. ) ;
#5857 = FACE_OUTER_BOUND ( 'NONE', #6633, .T. ) ;
#5859 = DIRECTION ( 'NONE',  ( 0.0000000000000000000, 0.0000000000000000000, -1.000000000000000000 ) ) ;
#5858 = LINE ( 'NONE', #5714, #5384 ) ;
#5860 = ADVANCED_FACE ( 'NONE', ( #9719 ), #9125, .T. ) ;
#5861 = VERTEX_POINT ( 'NONE', #6026 ) ;
#5862 = EDGE_CURVE ( 'NONE', #3212, #1040, #4998, .T. ) ;
#5863 = VERTEX_POINT ( 'NONE', #5921 ) ;
#5864 = ORIENTED_EDGE ( 'NONE', *, *, #354, .T. ) ;
#5865 = AXIS2_PLACEMENT_3D ( 'NONE', #8523, #8443, #5455 ) ;
#5866 = DIRECTION ( 'NONE',  ( -1.000000000000000000, -0.0000000000000000000, -0.0000000000000000000 ) ) ;
#5867 = CARTESIAN_POINT ( 'NONE',  ( 1.725000000000000800, 1.250000000000000000, -2.449999999999999300 ) ) ;
#5868 = DIRECTION ( 'NONE',  ( -6.938893903907228400E-015, 1.000000000000000000, -0.0000000000000000000 ) ) ;
#5869 = LINE ( 'NONE', #2001, #7288 ) ;
#5870 = VERTEX_POINT ( 'NONE', #7541 ) ;
#5871 = EDGE_CURVE ( 'NONE', #5614, #8553, #1954, .T. ) ;
#5872 = CARTESIAN_POINT ( 'NONE',  ( 1.809324500821435800, 3.399999999999999900, 1.850000000000000500 ) ) ;
#5873 = EDGE_LOOP ( 'NONE', ( #5460, #9712, #8775, #9588, #2481, #938, #9147, #2109, #9731, #8778, #1291, #4007, #3387, #7892, #9955, #1760, #2469 ) ) ;
#5874 = ORIENTED_EDGE ( 'NONE', *, *, #1573, .T. ) ;
#5875 = DIRECTION ( 'NONE',  ( -1.000000000000000000, 0.0000000000000000000, -0.0000000000000000000 ) ) ;
#5876 = CARTESIAN_POINT ( 'NONE',  ( -5.524999999999999500, 3.000000000000000000, 2.650000000000000400 ) ) ;
#5877 = CARTESIAN_POINT ( 'NONE',  ( 1.725000000000000800, 0.5000000000000000000, -1.849999999999999900 ) ) ;
#5878 = VECTOR ( 'NONE', #7935, 1000.000000000000000 ) ;
#5879 = ORIENTED_EDGE ( 'NONE', *, *, #6564, .F. ) ;
#5880 = DIRECTION ( 'NONE',  ( 0.0000000000000000000, 0.0000000000000000000, -1.000000000000000000 ) ) ;
#5881 = FILL_AREA_STYLE_COLOUR ( '', #6932 ) ;
#5882 = ORIENTED_EDGE ( 'NONE', *, *, #7074, .F. ) ;
#5883 = FILL_AREA_STYLE_COLOUR ( '', #3156 ) ;
#5884 = ADVANCED_FACE ( 'NONE', ( #872 ), #6744, .F. ) ;
#5885 = CIRCLE ( 'NONE', #574, 0.2999999999999990500 ) ;
#5886 = ORIENTED_EDGE ( 'NONE', *, *, #6171, .F. ) ;
#5887 = DIRECTION ( 'NONE',  ( 0.0000000000000000000, -1.000000000000000000, 0.0000000000000000000 ) ) ;
#5888 =( NAMED_UNIT ( * ) PLANE_ANGLE_UNIT ( ) SI_UNIT ( $, .RADIAN. ) );
#5889 = LINE ( 'NONE', #7130, #7184 ) ;
#5890 = ORIENTED_EDGE ( 'NONE', *, *, #5002, .T. ) ;
#5891 = ORIENTED_EDGE ( 'NONE', *, *, #8315, .F. ) ;
#5892 = DIRECTION ( 'NONE',  ( -1.000000000000000000, -0.0000000000000000000, -0.0000000000000000000 ) ) ;
#5893 = VECTOR ( 'NONE', #6769, 1000.000000000000000 ) ;
#5894 = CARTESIAN_POINT ( 'NONE',  ( -0.4749999999999997600, 1.399999999999999700, -1.700000000000000800 ) ) ;
#5895 = VECTOR ( 'NONE', #6646, 1000.000000000000000 ) ;
#5896 = ORIENTED_EDGE ( 'NONE', *, *, #2809, .T. ) ;
#5897 = VECTOR ( 'NONE', #6902, 1000.000000000000000 ) ;
#5898 = CARTESIAN_POINT ( 'NONE',  ( -5.974999999999999600, 0.2999999999999989900, -0.3500000000000000300 ) ) ;
#5899 = CARTESIAN_POINT ( 'NONE',  ( 4.525000000000001200, 0.5000000000000000000, -1.550000000000000300 ) ) ;
#5900 = ORIENTED_EDGE ( 'NONE', *, *, #806, .T. ) ;
#5901 = DIRECTION ( 'NONE',  ( -1.000000000000000000, -6.938893903907228400E-015, 0.0000000000000000000 ) ) ;
#5902 = VECTOR ( 'NONE', #7068, 1000.000000000000000 ) ;
#5903 = EDGE_CURVE ( 'NONE', #6135, #7402, #7860, .T. ) ;
#5904 = EDGE_CURVE ( 'NONE', #9370, #40, #7621, .T. ) ;
#5905 = CYLINDRICAL_SURFACE ( 'NONE', #2881, 0.09999999999999982500 ) ;
#5906 = ORIENTED_EDGE ( 'NONE', *, *, #2026, .F. ) ;
#5907 = DIRECTION ( 'NONE',  ( 0.0000000000000000000, 0.0000000000000000000, 1.000000000000000000 ) ) ;
#5908 = AXIS2_PLACEMENT_3D ( 'NONE', #8120, #6612, #2667 ) ;
#5909 = CARTESIAN_POINT ( 'NONE',  ( 1.725000000000000800, 1.250000000000000000, -2.449999999999999300 ) ) ;
#5910 = EDGE_CURVE ( 'NONE', #7073, #4845, #7246, .T. ) ;
#5911 = ADVANCED_FACE ( 'NONE', ( #4862 ), #8304, .F. ) ;
#5912 = CARTESIAN_POINT ( 'NONE',  ( -2.024999999999999500, 0.1000000000000000300, -2.550000000000000300 ) ) ;
#5913 = CARTESIAN_POINT ( 'NONE',  ( -2.974999999999999200, 0.7999999999999999300, -1.400000000000000600 ) ) ;
#5914 = LINE ( 'NONE', #4068, #7805 ) ;
#5915 = VECTOR ( 'NONE', #1178, 1000.000000000000000 ) ;
#5916 = DIRECTION ( 'NONE',  ( 1.000000000000000000, 0.0000000000000000000, 0.0000000000000000000 ) ) ;
#5917 = ORIENTED_EDGE ( 'NONE', *, *, #107, .F. ) ;
#5918 = DIRECTION ( 'NONE',  ( -1.000000000000000000, -0.0000000000000000000, -0.0000000000000000000 ) ) ;
#5919 = EDGE_CURVE ( 'NONE', #7229, #5795, #6305, .T. ) ;
#5920 = EDGE_CURVE ( 'NONE', #7696, #1887, #5241, .T. ) ;
#5921 = CARTESIAN_POINT ( 'NONE',  ( 0.4750000000000005900, 0.1000000000000000300, -2.649999999999999900 ) ) ;
#5922 = CARTESIAN_POINT ( 'NONE',  ( -3.884999999999999800, 0.5999999999999998700, 1.250000000000000700 ) ) ;
#5923 = CARTESIAN_POINT ( 'NONE',  ( 4.525000000000001200, 0.1000000000000007100, -1.850000000000000100 ) ) ;
#5924 = CARTESIAN_POINT ( 'NONE',  ( -2.974999999999999200, 0.0000000000000000000, -2.549999999999999400 ) ) ;
#5925 = EDGE_CURVE ( 'NONE', #7721, #2624, #2201, .T. ) ;
#5926 = LINE ( 'NONE', #9357, #9202 ) ;
#5927 = ORIENTED_EDGE ( 'NONE', *, *, #7954, .T. ) ;
#5928 = DIRECTION ( 'NONE',  ( -1.000000000000000000, -0.0000000000000000000, -0.0000000000000000000 ) ) ;
#5929 = FACE_OUTER_BOUND ( 'NONE', #3057, .T. ) ;
#5930 = MANIFOLD_SOLID_BREP ( 'Boss-Extrude3[1]', #479 ) ;
#5931 = PLANE ( 'NONE',  #8416 ) ;
#5932 = EDGE_CURVE ( 'NONE', #5581, #2554, #7490, .T. ) ;
#5933 = ORIENTED_EDGE ( 'NONE', *, *, #5526, .T. ) ;
#5934 = DIRECTION ( 'NONE',  ( 0.0000000000000000000, 5.421010862427532000E-016, -1.000000000000000000 ) ) ;
#5935 = PLANE ( 'NONE',  #3788 ) ;
#5936 = ORIENTED_EDGE ( 'NONE', *, *, #5787, .F. ) ;
#5937 = CARTESIAN_POINT ( 'NONE',  ( 4.225000000000001400, 1.700000000000000000, 1.249999999999986000 ) ) ;
#5938 = LINE ( 'NONE', #8478, #6182 ) ;
#5939 = LINE ( 'NONE', #1504, #3756 ) ;
#5940 = AXIS2_PLACEMENT_3D ( 'NONE', #9990, #1542, #1503 ) ;
#5941 = DIRECTION ( 'NONE',  ( 1.000000000000000000, 0.0000000000000000000, -0.0000000000000000000 ) ) ;
#5942 = VERTEX_POINT ( 'NONE', #9141 ) ;
#5943 = PLANE ( 'NONE',  #361 ) ;
#5944 = ORIENTED_EDGE ( 'NONE', *, *, #1775, .F. ) ;
#5945 = ORIENTED_EDGE ( 'NONE', *, *, #414, .F. ) ;
#5946 = DIRECTION ( 'NONE',  ( 0.0000000000000000000, 0.0000000000000000000, 1.000000000000000000 ) ) ;
#5947 = CARTESIAN_POINT ( 'NONE',  ( -5.874999999999999100, 2.499999999999999600, -1.550000000000000500 ) ) ;
#5948 = CIRCLE ( 'NONE', #4052, 0.1499999999999999700 ) ;
#5949 = FACE_OUTER_BOUND ( 'NONE', #1613, .T. ) ;
#5950 = CARTESIAN_POINT ( 'NONE',  ( -2.974999999999999200, 2.039999999999999100, -1.600000000000000800 ) ) ;
#5951 = ORIENTED_EDGE ( 'NONE', *, *, #2982, .F. ) ;
#5952 = CARTESIAN_POINT ( 'NONE',  ( -4.524999999999999500, 2.140000000000000100, -1.400000000000000600 ) ) ;
#5953 = ORIENTED_EDGE ( 'NONE', *, *, #6206, .F. ) ;
#5954 = ORIENTED_EDGE ( 'NONE', *, *, #6292, .T. ) ;
#5955 = DIRECTION ( 'NONE',  ( 0.0000000000000000000, 1.000000000000000000, 4.015563601798170200E-016 ) ) ;
#5956 = DIRECTION ( 'NONE',  ( 0.0000000000000000000, -1.000000000000000000, -6.672013369141573100E-016 ) ) ;
#5957 = LINE ( 'NONE', #4917, #1486 ) ;
#5958 = VECTOR ( 'NONE', #4045, 1000.000000000000000 ) ;
#5959 = ADVANCED_FACE ( 'NONE', ( #7025 ), #4473, .F. ) ;
#5960 = DIRECTION ( 'NONE',  ( 0.7071067811865500200, 8.221412421894799700E-017, 0.7071067811865451300 ) ) ;
#5961 = CIRCLE ( 'NONE', #1907, 0.09999999999999982500 ) ;
#5962 = ADVANCED_FACE ( 'NONE', ( #7736 ), #7403, .F. ) ;
#5963 = ORIENTED_EDGE ( 'NONE', *, *, #8692, .T. ) ;
#5964 = ORIENTED_EDGE ( 'NONE', *, *, #5207, .T. ) ;
#5965 = ORIENTED_EDGE ( 'NONE', *, *, #726, .F. ) ;
#5966 = CARTESIAN_POINT ( 'NONE',  ( -4.524999999999999500, 1.700000000000000000, 3.457774721070176100 ) ) ;
#5967 = DIRECTION ( 'NONE',  ( 0.0000000000000000000, -7.228014483236719200E-016, -1.000000000000000000 ) ) ;
#5968 = AXIS2_PLACEMENT_3D ( 'NONE', #8534, #9310, #778 ) ;
#5969 = CARTESIAN_POINT ( 'NONE',  ( 3.185000000000000500, 3.469233347080714400, 6.505213034913026600E-016 ) ) ;
#5970 = FACE_OUTER_BOUND ( 'NONE', #2904, .T. ) ;
#5971 = LINE ( 'NONE', #9140, #6210 ) ;
#5972 = PLANE ( 'NONE',  #3987 ) ;
#5973 = DIRECTION ( 'NONE',  ( 0.0000000000000000000, 1.000000000000000000, 0.0000000000000000000 ) ) ;
#5974 = PRESENTATION_LAYER_ASSIGNMENT (  '', '', ( #4556 ) ) ;
#5975 = VERTEX_POINT ( 'NONE', #4502 ) ;
#5976 = EDGE_LOOP ( 'NONE', ( #3436, #4993, #3520, #898 ) ) ;
#5977 = DIRECTION ( 'NONE',  ( 0.0000000000000000000, 1.000000000000000000, -7.228014483236719200E-016 ) ) ;
#5978 = DIRECTION ( 'NONE',  ( 0.0000000000000000000, -7.228014483236719200E-016, -1.000000000000000000 ) ) ;
#5979 = CARTESIAN_POINT ( 'NONE',  ( 1.809324500821435800, 1.615675499178565100, 1.850000000000000500 ) ) ;
#5980 = EDGE_CURVE ( 'NONE', #40, #8955, #9592, .T. ) ;
#5981 = VECTOR ( 'NONE', #2630, 1000.000000000000000 ) ;
#5982 = LINE ( 'NONE', #9066, #5136 ) ;
#5983 = EDGE_CURVE ( 'NONE', #7975, #4245, #624, .T. ) ;
#5984 = CARTESIAN_POINT ( 'NONE',  ( 1.725000000000000800, 1.700000000000000000, 1.249999999999986000 ) ) ;
#5985 = VERTEX_POINT ( 'NONE', #25 ) ;
#5986 = ORIENTED_EDGE ( 'NONE', *, *, #2380, .T. ) ;
#5987 = ORIENTED_EDGE ( 'NONE', *, *, #7059, .F. ) ;
#5988 = DIRECTION ( 'NONE',  ( 0.0000000000000000000, 0.0000000000000000000, 1.000000000000000000 ) ) ;
#5989 = EDGE_CURVE ( 'NONE', #7282, #6224, #2679, .T. ) ;
#5990 = CARTESIAN_POINT ( 'NONE',  ( 4.525000000000001200, 0.7999999999999999300, -1.400000000000000600 ) ) ;
#5991 = ADVANCED_FACE ( 'NONE', ( #137 ), #1454, .F. ) ;
#5992 = VECTOR ( 'NONE', #6005, 1000.000000000000000 ) ;
#5993 = DIRECTION ( 'NONE',  ( -1.000000000000000000, 0.0000000000000000000, 0.0000000000000000000 ) ) ;
#5994 = CARTESIAN_POINT ( 'NONE',  ( -0.4749999999999997600, 0.1000000000000007100, -1.850000000000000100 ) ) ;
#5995 = PLANE ( 'NONE',  #6136 ) ;
#5996 = ORIENTED_EDGE ( 'NONE', *, *, #4689, .T. ) ;
#5997 = CARTESIAN_POINT ( 'NONE',  ( 0.7750000000000004700, 0.0000000000000000000, -2.549999999999999400 ) ) ;
#5998 = DIRECTION ( 'NONE',  ( -1.000000000000000000, 0.0000000000000000000, -0.0000000000000000000 ) ) ;
#5999 = ORIENTED_EDGE ( 'NONE', *, *, #4671, .T. ) ;
#6000 = ORIENTED_EDGE ( 'NONE', *, *, #4939, .F. ) ;
#6001 = EDGE_CURVE ( 'NONE', #4448, #2624, #8095, .T. ) ;
#6002 = VECTOR ( 'NONE', #3511, 1000.000000000000000 ) ;
#6003 = AXIS2_PLACEMENT_3D ( 'NONE', #9072, #9750, #2096 ) ;
#6004 = ORIENTED_EDGE ( 'NONE', *, *, #8230, .F. ) ;
#6005 = DIRECTION ( 'NONE',  ( -0.0000000000000000000, -0.0000000000000000000, -1.000000000000000000 ) ) ;
#6006 = DIRECTION ( 'NONE',  ( -0.0000000000000000000, -0.0000000000000000000, -1.000000000000000000 ) ) ;
#6007 = CARTESIAN_POINT ( 'NONE',  ( -0.4749999999999997600, 1.250000000000000000, -2.449999999999999300 ) ) ;
#6008 = ORIENTED_EDGE ( 'NONE', *, *, #8628, .T. ) ;
#6009 = ORIENTED_EDGE ( 'NONE', *, *, #3732, .F. ) ;
#6010 = CARTESIAN_POINT ( 'NONE',  ( -4.524999999999999500, 0.1000000000000000300, -2.550000000000000300 ) ) ;
#6011 = PLANE ( 'NONE',  #6674 ) ;
#6012 = VECTOR ( 'NONE', #4832, 1000.000000000000000 ) ;
#6013 = ORIENTED_EDGE ( 'NONE', *, *, #8150, .T. ) ;
#6014 = FACE_OUTER_BOUND ( 'NONE', #5631, .T. ) ;
#6015 = EDGE_CURVE ( 'NONE', #3158, #6884, #5483, .T. ) ;
#6016 = DIRECTION ( 'NONE',  ( -1.000000000000000000, 0.0000000000000000000, -0.0000000000000000000 ) ) ;
#6017 = ORIENTED_EDGE ( 'NONE', *, *, #718, .F. ) ;
#6018 = ADVANCED_FACE ( 'NONE', ( #9345 ), #10013, .F. ) ;
#6019 = CARTESIAN_POINT ( 'NONE',  ( 7.575000000000000200, 0.2500000000000000000, 1.850000000000000100 ) ) ;
#6020 = AXIS2_PLACEMENT_3D ( 'NONE', #5426, #6193, #7712 ) ;
#6021 = LINE ( 'NONE', #232, #6012 ) ;
#6022 = ORIENTED_EDGE ( 'NONE', *, *, #9416, .F. ) ;
#6023 = VECTOR ( 'NONE', #1700, 1000.000000000000000 ) ;
#6024 = VERTEX_POINT ( 'NONE', #5348 ) ;
#6025 = VERTEX_POINT ( 'NONE', #7706 ) ;
#6026 = CARTESIAN_POINT ( 'NONE',  ( 1.725000000000000800, 1.399999999999999700, -1.700000000000000800 ) ) ;
#6027 = DIRECTION ( 'NONE',  ( 1.000000000000000000, 0.0000000000000000000, -0.0000000000000000000 ) ) ;
#6028 = DIRECTION ( 'NONE',  ( 1.000000000000000000, 0.0000000000000000000, 0.0000000000000000000 ) ) ;
#6029 = FILL_AREA_STYLE_COLOUR ( '', #7694 ) ;
#6030 = LINE ( 'NONE', #3262, #81 ) ;
#6031 = VERTEX_POINT ( 'NONE', #666 ) ;
#6032 = DIRECTION ( 'NONE',  ( 0.0000000000000000000, 1.000000000000000000, 0.0000000000000000000 ) ) ;
#6033 = DIRECTION ( 'NONE',  ( 0.0000000000000000000, 0.0000000000000000000, -1.000000000000000000 ) ) ;
#6034 = DIRECTION ( 'NONE',  ( 0.0000000000000000000, -1.000000000000000000, -5.421010862427532000E-016 ) ) ;
#6035 = VECTOR ( 'NONE', #6616, 1000.000000000000000 ) ;
#6036 = FACE_OUTER_BOUND ( 'NONE', #9023, .T. ) ;
#6037 = ORIENTED_EDGE ( 'NONE', *, *, #9361, .T. ) ;
#6038 = CARTESIAN_POINT ( 'NONE',  ( 1.725000000000000800, 1.700000000000000000, -1.000000000000000700 ) ) ;
#6039 = PLANE ( 'NONE',  #993 ) ;
#6040 = CARTESIAN_POINT ( 'NONE',  ( 6.224999999999999600, 0.2999999999999989300, 1.850000000000000100 ) ) ;
#6041 = CARTESIAN_POINT ( 'NONE',  ( -0.7749999999999996900, 2.039999999999999100, -1.600000000000000800 ) ) ;
#6042 = EDGE_CURVE ( 'NONE', #9210, #7229, #5713, .T. ) ;
#6043 = VECTOR ( 'NONE', #3042, 1000.000000000000000 ) ;
#6044 = CARTESIAN_POINT ( 'NONE',  ( -6.374999999999999100, 2.200000000000000200, -0.5499999999999997100 ) ) ;
#6045 = SURFACE_STYLE_FILL_AREA ( #5151 ) ;
#6046 = ORIENTED_EDGE ( 'NONE', *, *, #800, .T. ) ;
#6047 = EDGE_CURVE ( 'NONE', #2141, #2685, #509, .T. ) ;
#6048 = DIRECTION ( 'NONE',  ( 0.0000000000000000000, -1.000000000000000000, -4.015563601798169700E-016 ) ) ;
#6049 = DIRECTION ( 'NONE',  ( 0.0000000000000000000, -1.000000000000000000, -4.015563601798169700E-016 ) ) ;
#6050 = CARTESIAN_POINT ( 'NONE',  ( -1.940675499178564600, 3.399999999999999900, 1.850000000000000500 ) ) ;
#6051 = ORIENTED_EDGE ( 'NONE', *, *, #6236, .T. ) ;
#6052 = CIRCLE ( 'NONE', #6384, 0.1499999999999999700 ) ;
#6053 = EDGE_CURVE ( 'NONE', #4009, #7249, #2909, .T. ) ;
#6054 = DIRECTION ( 'NONE',  ( 0.0000000000000000000, 5.421010862427532000E-016, -1.000000000000000000 ) ) ;
#6055 = CARTESIAN_POINT ( 'NONE',  ( 8.750000000000000000, 0.0000000000000000000, -1.000000000000000700 ) ) ;
#6056 = DIRECTION ( 'NONE',  ( 1.000000000000000000, 0.0000000000000000000, 0.0000000000000000000 ) ) ;
#6057 = LINE ( 'NONE', #8306, #841 ) ;
#6058 = DIRECTION ( 'NONE',  ( -1.000000000000000000, -0.0000000000000000000, 0.0000000000000000000 ) ) ;
#6059 = AXIS2_PLACEMENT_3D ( 'NONE', #75, #4608, #1015 ) ;
#6060 = AXIS2_PLACEMENT_3D ( 'NONE', #5310, #9135, #7597 ) ;
#6061 = ORIENTED_EDGE ( 'NONE', *, *, #9238, .T. ) ;
#6062 = PLANE ( 'NONE',  #3151 ) ;
#6063 = ORIENTED_EDGE ( 'NONE', *, *, #2016, .F. ) ;
#6064 = ORIENTED_EDGE ( 'NONE', *, *, #4432, .T. ) ;
#6065 = CIRCLE ( 'NONE', #251, 0.1000000000000000500 ) ;
#6066 = FACE_OUTER_BOUND ( 'NONE', #2184, .T. ) ;
#6067 = CARTESIAN_POINT ( 'NONE',  ( 0.4750000000000005900, 0.1000000000000000500, -1.950000000000000200 ) ) ;
#6068 = EDGE_CURVE ( 'NONE', #7652, #243, #9114, .T. ) ;
#6069 = DIRECTION ( 'NONE',  ( 1.000000000000000000, 0.0000000000000000000, 0.0000000000000000000 ) ) ;
#6070 = DIRECTION ( 'NONE',  ( 0.0000000000000000000, 0.7071067811865512400, -0.7071067811865439100 ) ) ;
#6071 = VERTEX_POINT ( 'NONE', #8474 ) ;
#6072 = ORIENTED_EDGE ( 'NONE', *, *, #858, .T. ) ;
#6073 = EDGE_LOOP ( 'NONE', ( #8295, #6364, #1794, #7464 ) ) ;
#6074 = AXIS2_PLACEMENT_3D ( 'NONE', #648, #6069, #9084 ) ;
#6075 = CIRCLE ( 'NONE', #7520, 0.09999999999999982500 ) ;
#6076 = VECTOR ( 'NONE', #4596, 1000.000000000000000 ) ;
#6077 = CARTESIAN_POINT ( 'NONE',  ( 6.874999999999995600, 0.2999999999999990500, 5.480194339616986100 ) ) ;
#6078 = DIRECTION ( 'NONE',  ( 0.0000000000000000000, 1.000000000000000000, 0.0000000000000000000 ) ) ;
#6079 = EDGE_LOOP ( 'NONE', ( #5280, #8830, #4133, #5350 ) ) ;
#6080 = ORIENTED_EDGE ( 'NONE', *, *, #7133, .F. ) ;
#6081 = CARTESIAN_POINT ( 'NONE',  ( -5.204999999999999200, 0.2999999999999991600, -1.550000000000000300 ) ) ;
#6082 = ORIENTED_EDGE ( 'NONE', *, *, #2410, .F. ) ;
#6083 = ORIENTED_EDGE ( 'NONE', *, *, #4220, .T. ) ;
#6084 = CARTESIAN_POINT ( 'NONE',  ( 1.725000000000000800, 0.0000000000000000000, -1.950000000000000800 ) ) ;
#6085 = DIRECTION ( 'NONE',  ( 1.000000000000000000, 4.170008355713473900E-017, 0.0000000000000000000 ) ) ;
#6086 = PRODUCT_DEFINITION_FORMATION_WITH_SPECIFIED_SOURCE ( 'ANY', '', #5443, .NOT_KNOWN. ) ;
#6087 = LINE ( 'NONE', #3347, #4016 ) ;
#6088 = VECTOR ( 'NONE', #8890, 1000.000000000000000 ) ;
#6089 = AXIS2_PLACEMENT_3D ( 'NONE', #2123, #8296, #9740 ) ;
#6090 = ORIENTED_EDGE ( 'NONE', *, *, #4611, .T. ) ;
#6091 = DIRECTION ( 'NONE',  ( 0.0000000000000000000, -7.228014483236719200E-016, -1.000000000000000000 ) ) ;
#6092 = ORIENTED_EDGE ( 'NONE', *, *, #1509, .F. ) ;
#6093 = CARTESIAN_POINT ( 'NONE',  ( -5.274999999999995900, 1.429999999999998800, -1.000000000000000700 ) ) ;
#6094 = EDGE_LOOP ( 'NONE', ( #7498, #5716, #5986, #5107 ) ) ;
#6095 = CLOSED_SHELL ( 'NONE', ( #1893, #10031, #375, #2052, #5184, #8532, #4673, #4362, #7348, #3065 ) ) ;
#6096 = DIRECTION ( 'NONE',  ( 0.0000000000000000000, -3.614007241618353200E-016, 1.000000000000000000 ) ) ;
#6097 = FACE_OUTER_BOUND ( 'NONE', #4153, .T. ) ;
#6098 = PLANE ( 'NONE',  #4403 ) ;
#6099 = ORIENTED_EDGE ( 'NONE', *, *, #8301, .T. ) ;
#6100 = ORIENTED_EDGE ( 'NONE', *, *, #3207, .T. ) ;
#6101 = ORIENTED_EDGE ( 'NONE', *, *, #5871, .T. ) ;
#6102 = DIRECTION ( 'NONE',  ( 1.000000000000000000, 0.0000000000000000000, 0.0000000000000000000 ) ) ;
#6103 = CARTESIAN_POINT ( 'NONE',  ( 5.874999999999999100, 0.2999999999999990500, -0.5499999999999997100 ) ) ;
#6104 = DIRECTION ( 'NONE',  ( -1.000000000000000000, -0.0000000000000000000, -0.0000000000000000000 ) ) ;
#6105 = CARTESIAN_POINT ( 'NONE',  ( 4.525000000000001200, 0.5000000000000000000, -1.849999999999999900 ) ) ;
#6106 = AXIS2_PLACEMENT_3D ( 'NONE', #7191, #7964, #1128 ) ;
#6107 = DIRECTION ( 'NONE',  ( 0.0000000000000000000, -1.000000000000000000, 0.0000000000000000000 ) ) ;
#6108 = VECTOR ( 'NONE', #9074, 1000.000000000000000 ) ;
#6109 = CIRCLE ( 'NONE', #1800, 0.1000000000000000500 ) ;
#6110 = EDGE_LOOP ( 'NONE', ( #1959, #2697, #3189, #9895 ) ) ;
#6111 = CLOSED_SHELL ( 'NONE', ( #3431, #6175, #8247, #6523, #9392, #5034, #9008, #125, #4744, #9274, #8695, #6985, #5100, #3136, #1160, #583, #7758, #5445, #5612 ) ) ;
#6112 = VERTEX_POINT ( 'NONE', #3780 ) ;
#6113 = EDGE_CURVE ( 'NONE', #7652, #2780, #7972, .T. ) ;
#6114 = EDGE_CURVE ( 'NONE', #2618, #6789, #4740, .T. ) ;
#6115 = DIRECTION ( 'NONE',  ( 1.000000000000000000, 0.0000000000000000000, -0.0000000000000000000 ) ) ;
#6116 = CYLINDRICAL_SURFACE ( 'NONE', #64, 0.1000000000000000500 ) ;
#6117 = PLANE ( 'NONE',  #7124 ) ;
#6118 = VERTEX_POINT ( 'NONE', #2294 ) ;
#6119 = CARTESIAN_POINT ( 'NONE',  ( 2.025000000000000800, 0.5000000000000000000, -1.849999999999999900 ) ) ;
#6120 = UNCERTAINTY_MEASURE_WITH_UNIT (LENGTH_MEASURE( 1.000000000000000100E-005 ), #6602, 'distance_accuracy_value', 'NONE');
#6121 = CARTESIAN_POINT ( 'NONE',  ( -7.575000000000000200, 0.2500000000000000000, 1.850000000000000100 ) ) ;
#6122 = EDGE_CURVE ( 'NONE', #2927, #7264, #4390, .T. ) ;
#6123 = VERTEX_POINT ( 'NONE', #7638 ) ;
#6124 = ORIENTED_EDGE ( 'NONE', *, *, #6242, .F. ) ;
#6125 = AXIS2_PLACEMENT_3D ( 'NONE', #6853, #3787, #9209 ) ;
#6126 = CARTESIAN_POINT ( 'NONE',  ( -2.974999999999999200, 1.700000000000000000, 1.249999999999986000 ) ) ;
#6127 = DIRECTION ( 'NONE',  ( -0.0000000000000000000, -0.0000000000000000000, 1.000000000000000000 ) ) ;
#6128 = FACE_OUTER_BOUND ( 'NONE', #7484, .T. ) ;
#6129 = DIRECTION ( 'NONE',  ( 0.0000000000000000000, 0.0000000000000000000, 1.000000000000000000 ) ) ;
#6130 = ORIENTED_EDGE ( 'NONE', *, *, #5786, .T. ) ;
#6131 = EDGE_CURVE ( 'NONE', #244, #883, #7852, .T. ) ;
#6132 = CARTESIAN_POINT ( 'NONE',  ( 6.224999999999999600, 0.2999999999999989900, 1.850000000000000100 ) ) ;
#6133 = VERTEX_POINT ( 'NONE', #633 ) ;
#6134 = LINE ( 'NONE', #4936, #3841 ) ;
#6135 = VERTEX_POINT ( 'NONE', #8367 ) ;
#6136 = AXIS2_PLACEMENT_3D ( 'NONE', #4365, #2034, #9110 ) ;
#6137 = LINE ( 'NONE', #5185, #3327 ) ;
#6138 = ORIENTED_EDGE ( 'NONE', *, *, #6366, .T. ) ;
#6139 = AXIS2_PLACEMENT_3D ( 'NONE', #5199, #587, #6727 ) ;
#6140 = DIRECTION ( 'NONE',  ( 1.000000000000000000, 0.0000000000000000000, -0.0000000000000000000 ) ) ;
#6141 = DIRECTION ( 'NONE',  ( 0.0000000000000000000, -0.0000000000000000000, -1.000000000000000000 ) ) ;
#6142 = ORIENTED_EDGE ( 'NONE', *, *, #6998, .F. ) ;
#6143 = CARTESIAN_POINT ( 'NONE',  ( 3.275000000000000400, 0.7999999999999998200, -1.550000000000000300 ) ) ;
#6144 = FACE_OUTER_BOUND ( 'NONE', #9755, .T. ) ;
#6145 = ORIENTED_EDGE ( 'NONE', *, *, #8019, .F. ) ;
#6146 = ORIENTED_EDGE ( 'NONE', *, *, #5339, .F. ) ;
#6147 = AXIS2_PLACEMENT_3D ( 'NONE', #7462, #5212, #5246 ) ;
#6148 = CARTESIAN_POINT ( 'NONE',  ( -4.524999999999999500, 0.7999999999999998200, -1.550000000000000300 ) ) ;
#6149 = VECTOR ( 'NONE', #7574, 1000.000000000000000 ) ;
#6150 = CARTESIAN_POINT ( 'NONE',  ( -5.524999999999995900, 2.179999999999998800, 2.650000000000000400 ) ) ;
#6151 = LINE ( 'NONE', #8113, #205 ) ;
#6152 = ORIENTED_EDGE ( 'NONE', *, *, #6735, .T. ) ;
#6153 = CARTESIAN_POINT ( 'NONE',  ( 3.269299665045116000, 1.694299665045115900, 1.290559990745417100 ) ) ;
#6154 = PLANE ( 'NONE',  #5461 ) ;
#6155 = DIRECTION ( 'NONE',  ( -1.000000000000000000, 0.0000000000000000000, 0.0000000000000000000 ) ) ;
#6156 = LINE ( 'NONE', #1787, #4084 ) ;
#6157 = CARTESIAN_POINT ( 'NONE',  ( -2.974999999999999200, 1.500000000000000000, -1.600000000000000800 ) ) ;
#6158 =( NAMED_UNIT ( * ) SI_UNIT ( $, .STERADIAN. ) SOLID_ANGLE_UNIT ( ) );
#6159 = VECTOR ( 'NONE', #4014, 1000.000000000000000 ) ;
#6160 = ORIENTED_EDGE ( 'NONE', *, *, #8782, .T. ) ;
#6161 = DIRECTION ( 'NONE',  ( 0.0000000000000000000, -1.000000000000000000, -5.421010862427532000E-016 ) ) ;
#6162 = FACE_OUTER_BOUND ( 'NONE', #3242, .T. ) ;
#6163 = CARTESIAN_POINT ( 'NONE',  ( -0.7749999999999996900, 1.500000000000000000, -1.600000000000001000 ) ) ;
#6164 = CARTESIAN_POINT ( 'NONE',  ( -4.224999999999999600, 0.4000000000000001900, -2.649999999999999900 ) ) ;
#6165 = VECTOR ( 'NONE', #2044, 1000.000000000000000 ) ;
#6166 = DIRECTION ( 'NONE',  ( 0.0000000000000000000, -1.000000000000000000, -3.614007241618353200E-016 ) ) ;
#6167 = CARTESIAN_POINT ( 'NONE',  ( -1.724999999999999600, 1.399999999999999700, -2.299999999999999800 ) ) ;
#6168 = LINE ( 'NONE', #2121, #4828 ) ;
#6169 = ORIENTED_EDGE ( 'NONE', *, *, #9341, .F. ) ;
#6170 = CARTESIAN_POINT ( 'NONE',  ( -3.274999999999999500, 1.250000000000000000, -2.299999999999999800 ) ) ;
#6171 = EDGE_CURVE ( 'NONE', #8368, #1868, #9706, .T. ) ;
#6172 = CARTESIAN_POINT ( 'NONE',  ( -0.7749999999999996900, 0.4000000000000001900, -2.649999999999999900 ) ) ;
#6173 = EDGE_CURVE ( 'NONE', #7487, #6240, #8616, .T. ) ;
#6174 = LINE ( 'NONE', #8876, #2055 ) ;
#6175 = ADVANCED_FACE ( 'NONE', ( #8234 ), #96, .F. ) ;
#6176 = VERTEX_POINT ( 'NONE', #7602 ) ;
#6177 = EDGE_CURVE ( 'NONE', #2715, #3533, #7611, .T. ) ;
#6178 = DIRECTION ( 'NONE',  ( -1.000000000000000000, 0.0000000000000000000, 0.0000000000000000000 ) ) ;
#6179 = ORIENTED_EDGE ( 'NONE', *, *, #2790, .F. ) ;
#6180 = AXIS2_PLACEMENT_3D ( 'NONE', #5038, #386, #2907 ) ;
#6181 = CARTESIAN_POINT ( 'NONE',  ( -3.185000000000000500, 0.2999999999999991600, 1.250000000000000700 ) ) ;
#6182 = VECTOR ( 'NONE', #2396, 1000.000000000000000 ) ;
#6184 = CARTESIAN_POINT ( 'NONE',  ( 3.275000000000000400, 0.1000000000000007100, -1.850000000000000100 ) ) ;
#6183 = VECTOR ( 'NONE', #2845, 1000.000000000000000 ) ;
#6185 = CARTESIAN_POINT ( 'NONE',  ( 5.274999999999998600, 2.999999999999999600, -12.21954250419119600 ) ) ;
#6186 = EDGE_CURVE ( 'NONE', #2262, #1409, #4129, .T. ) ;
#6187 = VERTEX_POINT ( 'NONE', #4819 ) ;
#6188 = CARTESIAN_POINT ( 'NONE',  ( -2.974999999999999200, 1.399999999999999900, -2.299999999999999800 ) ) ;
#6189 = ORIENTED_EDGE ( 'NONE', *, *, #4775, .F. ) ;
#6190 = ORIENTED_EDGE ( 'NONE', *, *, #8299, .T. ) ;
#6191 = DIRECTION ( 'NONE',  ( 1.000000000000000000, 0.0000000000000000000, -0.0000000000000000000 ) ) ;
#6192 = DIRECTION ( 'NONE',  ( -0.9902680687415708100, -0.0000000000000000000, -0.1391731009600621100 ) ) ;
#6193 = DIRECTION ( 'NONE',  ( 0.0000000000000000000, 0.0000000000000000000, -1.000000000000000000 ) ) ;
#6194 = FACE_OUTER_BOUND ( 'NONE', #2574, .T. ) ;
#6195 = VECTOR ( 'NONE', #2394, 1000.000000000000000 ) ;
#6196 = ORIENTED_EDGE ( 'NONE', *, *, #2562, .T. ) ;
#6197 = VERTEX_POINT ( 'NONE', #3221 ) ;
#6198 = ORIENTED_EDGE ( 'NONE', *, *, #3362, .F. ) ;
#6199 = ADVANCED_FACE ( 'NONE', ( #247 ), #8617, .F. ) ;
#6200 = DIRECTION ( 'NONE',  ( 0.0000000000000000000, 0.0000000000000000000, 1.000000000000000000 ) ) ;
#6201 = EDGE_CURVE ( 'NONE', #9710, #7437, #3146, .T. ) ;
#6202 = DIRECTION ( 'NONE',  ( 1.000000000000000000, 0.0000000000000000000, -0.0000000000000000000 ) ) ;
#6203 = CARTESIAN_POINT ( 'NONE',  ( -5.874999999999999100, 0.2999999999999990500, -1.550000000000000300 ) ) ;
#6204 = LINE ( 'NONE', #4736, #8973 ) ;
#6205 = ORIENTED_EDGE ( 'NONE', *, *, #2732, .F. ) ;
#6206 = EDGE_CURVE ( 'NONE', #6966, #9831, #1088, .T. ) ;
#6207 = ORIENTED_EDGE ( 'NONE', *, *, #6236, .F. ) ;
#6208 = VERTEX_POINT ( 'NONE', #2426 ) ;
#6209 = LINE ( 'NONE', #6181, #5493 ) ;
#6210 = VECTOR ( 'NONE', #8471, 1000.000000000000000 ) ;
#6211 = CARTESIAN_POINT ( 'NONE',  ( 1.725000000000000800, 1.700000000000000000, 1.249999999999986000 ) ) ;
#6212 = ORIENTED_EDGE ( 'NONE', *, *, #2084, .T. ) ;
#6213 = ORIENTED_EDGE ( 'NONE', *, *, #3652, .F. ) ;
#6214 = ORIENTED_EDGE ( 'NONE', *, *, #5983, .F. ) ;
#6215 = DIRECTION ( 'NONE',  ( -1.000000000000000000, -0.0000000000000000000, -0.0000000000000000000 ) ) ;
#6216 = AXIS2_PLACEMENT_3D ( 'NONE', #6579, #401, #8158 ) ;
#6217 = FACE_OUTER_BOUND ( 'NONE', #5018, .T. ) ;
#6218 = VECTOR ( 'NONE', #9806, 1000.000000000000000 ) ;
#6219 = DIRECTION ( 'NONE',  ( -0.0000000000000000000, -0.0000000000000000000, -1.000000000000000000 ) ) ;
#6220 = ORIENTED_EDGE ( 'NONE', *, *, #8767, .F. ) ;
#6221 = ADVANCED_FACE ( 'NONE', ( #4730 ), #6974, .T. ) ;
#6222 = CARTESIAN_POINT ( 'NONE',  ( -0.4749999999999997600, 0.0000000000000000000, -2.549999999999999400 ) ) ;
#6223 = SURFACE_STYLE_USAGE ( .BOTH. , #3029 ) ;
#6224 = VERTEX_POINT ( 'NONE', #9363 ) ;
#6225 = ORIENTED_EDGE ( 'NONE', *, *, #3534, .F. ) ;
#6226 = DIRECTION ( 'NONE',  ( 0.0000000000000000000, 0.0000000000000000000, -1.000000000000000000 ) ) ;
#6227 = CARTESIAN_POINT ( 'NONE',  ( -3.884999999999999800, 3.469233347080714400, 1.250000000000000700 ) ) ;
#6228 = COLOUR_RGB ( '',0.7921568627450980000, 0.8196078431372548800, 0.9333333333333333500 ) ;
#6229 = EDGE_CURVE ( 'NONE', #9845, #274, #3510, .T. ) ;
#6230 = ORIENTED_EDGE ( 'NONE', *, *, #4028, .F. ) ;
#6231 = DIRECTION ( 'NONE',  ( -1.000000000000000000, -0.0000000000000000000, -0.0000000000000000000 ) ) ;
#6232 = DIRECTION ( 'NONE',  ( 0.0000000000000000000, 3.614007241618353200E-016, -1.000000000000000000 ) ) ;
#6233 = CARTESIAN_POINT ( 'NONE',  ( 0.4750000000000005900, 0.1000000000000007100, -1.850000000000000100 ) ) ;
#6234 = ORIENTED_EDGE ( 'NONE', *, *, #8329, .F. ) ;
#6235 = VERTEX_POINT ( 'NONE', #7066 ) ;
#6236 = EDGE_CURVE ( 'NONE', #9523, #9831, #3639, .T. ) ;
#6237 = CIRCLE ( 'NONE', #4988, 0.09999999999999982500 ) ;
#6238 = ORIENTED_EDGE ( 'NONE', *, *, #7947, .F. ) ;
#6239 = EDGE_CURVE ( 'NONE', #8872, #7613, #1348, .T. ) ;
#6240 = VERTEX_POINT ( 'NONE', #4006 ) ;
#6241 = VERTEX_POINT ( 'NONE', #9327 ) ;
#6242 = EDGE_CURVE ( 'NONE', #5846, #8349, #8607, .T. ) ;
#6243 = DIRECTION ( 'NONE',  ( -1.000000000000000000, -0.0000000000000000000, -0.0000000000000000000 ) ) ;
#6244 = LINE ( 'NONE', #55, #8023 ) ;
#6245 = ORIENTED_EDGE ( 'NONE', *, *, #6749, .F. ) ;
#6246 = ADVANCED_FACE ( 'NONE', ( #1591 ), #7772, .F. ) ;
#6247 = DIRECTION ( 'NONE',  ( -0.0000000000000000000, 1.000000000000000000, -0.0000000000000000000 ) ) ;
#6248 = FACE_OUTER_BOUND ( 'NONE', #4712, .T. ) ;
#6249 = EDGE_CURVE ( 'NONE', #6118, #4000, #5703, .T. ) ;
#6250 = ORIENTED_EDGE ( 'NONE', *, *, #7940, .F. ) ;
#6251 = CARTESIAN_POINT ( 'NONE',  ( -0.7749999999999996900, 0.1000000000000000300, -2.649999999999999900 ) ) ;
#6252 = VECTOR ( 'NONE', #2170, 1000.000000000000000 ) ;
#6253 = EDGE_LOOP ( 'NONE', ( #2215, #661, #8021, #6238 ) ) ;
#6254 = VECTOR ( 'NONE', #9563, 1000.000000000000000 ) ;
#6255 = ORIENTED_EDGE ( 'NONE', *, *, #8767, .T. ) ;
#6256 = EDGE_CURVE ( 'NONE', #8725, #4784, #4849, .T. ) ;
#6257 = ORIENTED_EDGE ( 'NONE', *, *, #5346, .T. ) ;
#6258 = CARTESIAN_POINT ( 'NONE',  ( -4.224999999999999600, 0.0000000000000000000, -2.549999999999999400 ) ) ;
#6259 = AXIS2_PLACEMENT_3D ( 'NONE', #4713, #946, #6357 ) ;
#6260 = CARTESIAN_POINT ( 'NONE',  ( 3.185000000000000500, 0.2999999999999991600, 6.505213034913026600E-016 ) ) ;
#6261 = LINE ( 'NONE', #9237, #1772 ) ;
#6262 = EDGE_LOOP ( 'NONE', ( #1852, #4531, #9473, #3376 ) ) ;
#6263 = CARTESIAN_POINT ( 'NONE',  ( -5.674999999999999800, -4.336808689942017700E-016, 1.700000000000000200 ) ) ;
#6264 = ADVANCED_FACE ( 'NONE', ( #4122 ), #5608, .F. ) ;
#6265 = VECTOR ( 'NONE', #6783, 1000.000000000000000 ) ;
#6266 = ORIENTED_EDGE ( 'NONE', *, *, #7836, .F. ) ;
#6267 = SURFACE_STYLE_USAGE ( .BOTH. , #4840 ) ;
#6268 = DIRECTION ( 'NONE',  ( 0.0000000000000000000, -1.000000000000000000, 0.0000000000000000000 ) ) ;
#6269 = PRESENTATION_STYLE_ASSIGNMENT (( #9726 ) ) ;
#6270 = DIRECTION ( 'NONE',  ( 0.0000000000000000000, -3.614007241618353200E-016, 1.000000000000000000 ) ) ;
#6271 = LINE ( 'NONE', #8053, #9300 ) ;
#6272 = LINE ( 'NONE', #1217, #944 ) ;
#6273 = ORIENTED_EDGE ( 'NONE', *, *, #6994, .F. ) ;
#6274 = DIRECTION ( 'NONE',  ( 0.0000000000000000000, 1.000000000000000000, -7.228014483236719200E-016 ) ) ;
#6275 = CARTESIAN_POINT ( 'NONE',  ( -2.024999999999999500, 0.9499999999999998400, 3.457774721070176100 ) ) ;
#6276 = DIRECTION ( 'NONE',  ( 0.0000000000000000000, 0.0000000000000000000, -1.000000000000000000 ) ) ;
#6277 = CYLINDRICAL_SURFACE ( 'NONE', #5779, 0.04999999999999969700 ) ;
#6278 = EDGE_LOOP ( 'NONE', ( #2805, #1046, #6981, #4566 ) ) ;
#6279 = PRESENTATION_LAYER_ASSIGNMENT (  '', '', ( #2596 ) ) ;
#6280 = VERTEX_POINT ( 'NONE', #8679 ) ;
#6281 = AXIS2_PLACEMENT_3D ( 'NONE', #7642, #5421, #6947 ) ;
#6282 = ADVANCED_FACE ( 'NONE', ( #7014 ), #4177, .F. ) ;
#6284 = DIRECTION ( 'NONE',  ( 0.0000000000000000000, -7.228014483236719200E-016, -1.000000000000000000 ) ) ;
#6283 = CIRCLE ( 'NONE', #4733, 0.1499999999999999700 ) ;
#6285 = LINE ( 'NONE', #7659, #6879 ) ;
#6286 = PLANE ( 'NONE',  #2843 ) ;
#6287 = PLANE ( 'NONE',  #5435 ) ;
#6288 = CARTESIAN_POINT ( 'NONE',  ( 4.525000000000001200, 0.5000000000000000000, -2.550000000000000300 ) ) ;
#6289 = ORIENTED_EDGE ( 'NONE', *, *, #1945, .T. ) ;
#6290 = EDGE_CURVE ( 'NONE', #6724, #1948, #7132, .T. ) ;
#6291 = VERTEX_POINT ( 'NONE', #7099 ) ;
#6292 = EDGE_CURVE ( 'NONE', #9528, #9024, #7962, .T. ) ;
#6293 = EDGE_CURVE ( 'NONE', #1867, #3117, #8833, .T. ) ;
#6294 = VECTOR ( 'NONE', #5820, 1000.000000000000000 ) ;
#6295 = LINE ( 'NONE', #748, #8962 ) ;
#6296 = EDGE_CURVE ( 'NONE', #5644, #1604, #2071, .T. ) ;
#6297 = DIRECTION ( 'NONE',  ( -1.146293045799652500E-016, 0.0000000000000000000, 1.000000000000000000 ) ) ;
#6298 = CARTESIAN_POINT ( 'NONE',  ( 4.225000000000001400, 2.040000000000000000, -1.500000000000000700 ) ) ;
#6299 = ORIENTED_EDGE ( 'NONE', *, *, #2110, .T. ) ;
#6300 = CARTESIAN_POINT ( 'NONE',  ( 0.7750000000000004700, 2.140000000000000100, -1.500000000000000000 ) ) ;
#6301 = ORIENTED_EDGE ( 'NONE', *, *, #8213, .F. ) ;
#6302 = ORIENTED_EDGE ( 'NONE', *, *, #4166, .T. ) ;
#6303 = CARTESIAN_POINT ( 'NONE',  ( 3.885000000000000200, 0.5999999999999998700, 1.250000000000000700 ) ) ;
#6304 = LINE ( 'NONE', #5588, #5590 ) ;
#6305 = LINE ( 'NONE', #499, #2082 ) ;
#6306 = EDGE_CURVE ( 'NONE', #4096, #771, #2317, .T. ) ;
#6307 = ORIENTED_EDGE ( 'NONE', *, *, #34, .F. ) ;
#6308 = CARTESIAN_POINT ( 'NONE',  ( 5.274999999999998600, 0.5999999999999998700, 2.400000000000003000 ) ) ;
#6309 = VERTEX_POINT ( 'NONE', #1799 ) ;
#6310 = CARTESIAN_POINT ( 'NONE',  ( 5.594999999999998000, 1.430000000000000200, -1.000000000000000700 ) ) ;
#6311 = ORIENTED_EDGE ( 'NONE', *, *, #3174, .F. ) ;
#6312 = ORIENTED_EDGE ( 'NONE', *, *, #6530, .F. ) ;
#6313 = ADVANCED_FACE ( 'NONE', ( #5356 ), #1276, .F. ) ;
#6314 = PLANE ( 'NONE',  #6371 ) ;
#6315 = AXIS2_PLACEMENT_3D ( 'NONE', #1839, #9605, #3285 ) ;
#6316 = DIRECTION ( 'NONE',  ( 0.0000000000000000000, -3.614007241618353200E-016, 1.000000000000000000 ) ) ;
#6317 = AXIS2_PLACEMENT_3D ( 'NONE', #3895, #7689, #4519 ) ;
#6318 = FACE_OUTER_BOUND ( 'NONE', #4408, .T. ) ;
#6319 = CARTESIAN_POINT ( 'NONE',  ( -0.4749999999999997600, 0.0000000000000000000, -1.950000000000000800 ) ) ;
#6320 = ORIENTED_EDGE ( 'NONE', *, *, #3859, .F. ) ;
#6321 = ORIENTED_EDGE ( 'NONE', *, *, #8496, .F. ) ;
#6322 = PLANE ( 'NONE',  #209 ) ;
#6323 = ORIENTED_EDGE ( 'NONE', *, *, #3642, .F. ) ;
#6324 = ORIENTED_EDGE ( 'NONE', *, *, #7200, .F. ) ;
#6325 = CARTESIAN_POINT ( 'NONE',  ( 2.025000000000000800, 0.0000000000000000000, -1.950000000000000800 ) ) ;
#6326 = EDGE_CURVE ( 'NONE', #1746, #4818, #7235, .T. ) ;
#6327 = DIRECTION ( 'NONE',  ( -1.000000000000000000, -0.0000000000000000000, -0.0000000000000000000 ) ) ;
#6328 = EDGE_CURVE ( 'NONE', #1381, #2077, #8221, .T. ) ;
#6329 = VECTOR ( 'NONE', #8708, 1000.000000000000000 ) ;
#6330 = SURFACE_STYLE_FILL_AREA ( #5283 ) ;
#6331 = AXIS2_PLACEMENT_3D ( 'NONE', #6348, #3982, #2524 ) ;
#6332 = ORIENTED_EDGE ( 'NONE', *, *, #1386, .T. ) ;
#6333 = ORIENTED_EDGE ( 'NONE', *, *, #4161, .T. ) ;
#6334 = ORIENTED_EDGE ( 'NONE', *, *, #537, .F. ) ;
#6335 = DIRECTION ( 'NONE',  ( 0.0000000000000000000, 0.0000000000000000000, -1.000000000000000000 ) ) ;
#6336 = VECTOR ( 'NONE', #734, 1000.000000000000000 ) ;
#6337 = DIRECTION ( 'NONE',  ( 0.0000000000000000000, 0.0000000000000000000, -1.000000000000000000 ) ) ;
#6338 = ADVANCED_FACE ( 'NONE', ( #6417 ), #2690, .F. ) ;
#6339 = ORIENTED_EDGE ( 'NONE', *, *, #5075, .T. ) ;
#6340 = ORIENTED_EDGE ( 'NONE', *, *, #6001, .T. ) ;
#6341 = ORIENTED_EDGE ( 'NONE', *, *, #9664, .T. ) ;
#6342 = CARTESIAN_POINT ( 'NONE',  ( 2.025000000000000800, 0.7999999999999999300, -1.400000000000000600 ) ) ;
#6343 = AXIS2_PLACEMENT_3D ( 'NONE', #1399, #1331, #6756 ) ;
#6344 = CARTESIAN_POINT ( 'NONE',  ( -4.309324500821434300, 1.034324500821434800, 1.850000000000000500 ) ) ;
#6345 = CARTESIAN_POINT ( 'NONE',  ( -0.4749999999999997600, 1.250000000000000000, -2.299999999999999800 ) ) ;
#6346 = VECTOR ( 'NONE', #7727, 1000.000000000000000 ) ;
#6347 = ORIENTED_EDGE ( 'NONE', *, *, #4876, .T. ) ;
#6348 = CARTESIAN_POINT ( 'NONE',  ( 2.025000000000000800, 1.500000000000000000, -1.700000000000000800 ) ) ;
#6349 = ORIENTED_EDGE ( 'NONE', *, *, #4344, .F. ) ;
#6350 = ORIENTED_EDGE ( 'NONE', *, *, #269, .F. ) ;
#6351 = CARTESIAN_POINT ( 'NONE',  ( 0.4750000000000005900, 1.700000000000000000, 3.457774721070176100 ) ) ;
#6352 = LINE ( 'NONE', #1643, #911 ) ;
#6353 = CARTESIAN_POINT ( 'NONE',  ( -7.374999999999998200, 0.8000000000000000400, 2.250000000000000400 ) ) ;
#6354 = CARTESIAN_POINT ( 'NONE',  ( 2.975000000000000100, 1.700000000000000000, 3.457774721070176100 ) ) ;
#6355 = CARTESIAN_POINT ( 'NONE',  ( 7.174999999999998900, 2.200000000000000200, -0.5499999999999997100 ) ) ;
#6356 = ORIENTED_EDGE ( 'NONE', *, *, #2726, .F. ) ;
#6357 = DIRECTION ( 'NONE',  ( 1.000000000000000000, 0.0000000000000000000, 0.0000000000000000000 ) ) ;
#6358 = EDGE_CURVE ( 'NONE', #1840, #4855, #4617, .T. ) ;
#6359 = AXIS2_PLACEMENT_3D ( 'NONE', #9271, #9173, #2363 ) ;
#6360 = FACE_OUTER_BOUND ( 'NONE', #7382, .T. ) ;
#6361 = EDGE_LOOP ( 'NONE', ( #1490, #1586, #1634, #8885 ) ) ;
#6362 = ADVANCED_FACE ( 'NONE', ( #3266 ), #4996, .F. ) ;
#6363 = VECTOR ( 'NONE', #9325, 1000.000000000000000 ) ;
#6364 = ORIENTED_EDGE ( 'NONE', *, *, #8287, .F. ) ;
#6365 = CARTESIAN_POINT ( 'NONE',  ( -1.724999999999999600, 2.040000000000000000, -1.500000000000000700 ) ) ;
#6366 = EDGE_CURVE ( 'NONE', #6241, #1624, #4499, .T. ) ;
#6367 = DIRECTION ( 'NONE',  ( -1.000000000000000000, -0.0000000000000000000, -0.0000000000000000000 ) ) ;
#6368 = CIRCLE ( 'NONE', #3016, 0.1000000000000002600 ) ;
#6369 = ORIENTED_EDGE ( 'NONE', *, *, #7493, .T. ) ;
#6370 = AXIS2_PLACEMENT_3D ( 'NONE', #6494, #6457, #1027 ) ;
#6371 = AXIS2_PLACEMENT_3D ( 'NONE', #4857, #4794, #902 ) ;
#6372 = DIRECTION ( 'NONE',  ( 0.0000000000000000000, -6.672013369141573100E-016, 1.000000000000000000 ) ) ;
#6373 = ORIENTED_EDGE ( 'NONE', *, *, #6249, .T. ) ;
#6374 = PLANE ( 'NONE',  #6467 ) ;
#6375 = CARTESIAN_POINT ( 'NONE',  ( -3.274999999999999500, 1.700000000000000000, 3.457774721070176100 ) ) ;
#6376 = CARTESIAN_POINT ( 'NONE',  ( -4.524999999999999500, 1.500000000000000000, -1.600000000000001000 ) ) ;
#6377 = CARTESIAN_POINT ( 'NONE',  ( -7.575000000000000200, 0.2500000000000000000, -0.3500000000000000300 ) ) ;
#6378 = CARTESIAN_POINT ( 'NONE',  ( -1.724999999999999600, 0.4000000000000001900, -2.550000000000000300 ) ) ;
#6379 = CIRCLE ( 'NONE', #4648, 0.09999999999999982500 ) ;
#6380 = EDGE_LOOP ( 'NONE', ( #5532, #3370, #3648, #488 ) ) ;
#6381 = EDGE_CURVE ( 'NONE', #3201, #1381, #5472, .T. ) ;
#6382 = CARTESIAN_POINT ( 'NONE',  ( 3.275000000000000400, 2.039999999999999100, -1.600000000000000800 ) ) ;
#6383 = CARTESIAN_POINT ( 'NONE',  ( 5.674999999999999800, 0.2999999999999991600, 2.650000000000000400 ) ) ;
#6384 = AXIS2_PLACEMENT_3D ( 'NONE', #9730, #4383, #519 ) ;
#6385 = ADVANCED_FACE ( 'NONE', ( #2670 ), #8911, .F. ) ;
#6386 = VECTOR ( 'NONE', #5436, 1000.000000000000000 ) ;
#6387 = DIRECTION ( 'NONE',  ( -1.000000000000000000, 0.0000000000000000000, 0.0000000000000000000 ) ) ;
#6388 = LINE ( 'NONE', #3068, #7929 ) ;
#6389 = ORIENTED_EDGE ( 'NONE', *, *, #8569, .F. ) ;
#6390 = LINE ( 'NONE', #2751, #2171 ) ;
#6391 = FACE_OUTER_BOUND ( 'NONE', #4321, .T. ) ;
#6392 = PRODUCT_RELATED_PRODUCT_CATEGORY ( 'part', '', ( #3092 ) ) ;
#6393 = DIRECTION ( 'NONE',  ( -0.0000000000000000000, 0.0000000000000000000, -1.000000000000000000 ) ) ;
#6394 = ADVANCED_FACE ( 'NONE', ( #5949 ), #3523, .F. ) ;
#6395 = VECTOR ( 'NONE', #2183, 1000.000000000000000 ) ;
#6396 = ORIENTED_EDGE ( 'NONE', *, *, #1848, .F. ) ;
#6397 = DIRECTION ( 'NONE',  ( 0.0000000000000000000, 0.0000000000000000000, -1.000000000000000000 ) ) ;
#6398 = AXIS2_PLACEMENT_3D ( 'NONE', #4293, #2762, #9779 ) ;
#6399 = CARTESIAN_POINT ( 'NONE',  ( 2.975000000000000100, 2.040000000000000000, -1.500000000000000700 ) ) ;
#6400 = LINE ( 'NONE', #9631, #3004 ) ;
#6401 = ORIENTED_EDGE ( 'NONE', *, *, #1195, .F. ) ;
#6402 = PLANE ( 'NONE',  #6315 ) ;
#6403 = EDGE_CURVE ( 'NONE', #1473, #2605, #3382, .T. ) ;
#6404 = ADVANCED_FACE ( 'NONE', ( #6773 ), #8874, .F. ) ;
#6405 = DIRECTION ( 'NONE',  ( 1.000000000000000000, -0.0000000000000000000, 0.0000000000000000000 ) ) ;
#6406 = FACE_OUTER_BOUND ( 'NONE', #5167, .T. ) ;
#6407 = FACE_OUTER_BOUND ( 'NONE', #8124, .T. ) ;
#6408 = AXIS2_PLACEMENT_3D ( 'NONE', #9672, #2733, #4256 ) ;
#6409 = CARTESIAN_POINT ( 'NONE',  ( 4.309324500821436000, 1.034324500821434800, 1.850000000000000500 ) ) ;
#6410 = ORIENTED_EDGE ( 'NONE', *, *, #2284, .T. ) ;
#6411 = EDGE_CURVE ( 'NONE', #1958, #4869, #1821, .T. ) ;
#6412 = ORIENTED_EDGE ( 'NONE', *, *, #4081, .F. ) ;
#6413 = ORIENTED_EDGE ( 'NONE', *, *, #8459, .T. ) ;
#6414 = DIRECTION ( 'NONE',  ( 0.0000000000000000000, 0.0000000000000000000, 1.000000000000000000 ) ) ;
#6415 = CARTESIAN_POINT ( 'NONE',  ( 5.674999999999999800, -4.336808689942017700E-016, -0.5999999999999985300 ) ) ;
#6416 = LINE ( 'NONE', #7480, #2070 ) ;
#6417 = FACE_OUTER_BOUND ( 'NONE', #6094, .T. ) ;
#6418 = EDGE_CURVE ( 'NONE', #9051, #1861, #615, .T. ) ;
#6419 = EDGE_CURVE ( 'NONE', #6670, #3160, #8483, .T. ) ;
#6420 = ORIENTED_EDGE ( 'NONE', *, *, #9800, .F. ) ;
#6421 = ORIENTED_EDGE ( 'NONE', *, *, #8239, .T. ) ;
#6422 = EDGE_LOOP ( 'NONE', ( #6008, #897, #2433, #7270 ) ) ;
#6423 = EDGE_CURVE ( 'NONE', #8018, #5863, #7365, .T. ) ;
#6424 = PLANE ( 'NONE',  #8990 ) ;
#6425 =( GEOMETRIC_REPRESENTATION_CONTEXT ( 3 ) GLOBAL_UNCERTAINTY_ASSIGNED_CONTEXT ( ( #1021 ) ) GLOBAL_UNIT_ASSIGNED_CONTEXT ( ( #351, #8064, #9659 ) ) REPRESENTATION_CONTEXT ( 'NONE', 'WORKASPACE' ) );
#6426 = DIRECTION ( 'NONE',  ( 0.0000000000000000000, 1.000000000000000000, 0.0000000000000000000 ) ) ;
#6427 = VERTEX_POINT ( 'NONE', #5169 ) ;
#6428 = ADVANCED_FACE ( 'NONE', ( #9454 ), #5104, .T. ) ;
#6429 = CARTESIAN_POINT ( 'NONE',  ( 4.285000000000001000, 3.469233347080714400, 6.505213034913026600E-016 ) ) ;
#6430 = VERTEX_POINT ( 'NONE', #1408 ) ;
#6431 = ORIENTED_EDGE ( 'NONE', *, *, #9611, .T. ) ;
#6432 = VECTOR ( 'NONE', #4696, 1000.000000000000000 ) ;
#6433 = EDGE_CURVE ( 'NONE', #5777, #2573, #9586, .T. ) ;
#6434 = FACE_OUTER_BOUND ( 'NONE', #1827, .T. ) ;
#6435 = DIRECTION ( 'NONE',  ( -1.000000000000000000, -0.0000000000000000000, -0.0000000000000000000 ) ) ;
#6436 = PLANE ( 'NONE',  #935 ) ;
#6437 = CARTESIAN_POINT ( 'NONE',  ( 5.874999999999999100, 3.000000000000000000, 2.650000000000000400 ) ) ;
#6438 = AXIS2_PLACEMENT_3D ( 'NONE', #4505, #6056, #3063 ) ;
#6439 = ORIENTED_EDGE ( 'NONE', *, *, #7133, .T. ) ;
#6440 = ORIENTED_EDGE ( 'NONE', *, *, #6419, .F. ) ;
#6441 = AXIS2_PLACEMENT_3D ( 'NONE', #3798, #8491, #8384 ) ;
#6442 = VECTOR ( 'NONE', #8587, 1000.000000000000000 ) ;
#6443 = ORIENTED_EDGE ( 'NONE', *, *, #323, .F. ) ;
#6444 = CARTESIAN_POINT ( 'NONE',  ( -4.224999999999999600, 0.4000000000000001900, -2.649999999999999900 ) ) ;
#6445 = ORIENTED_EDGE ( 'NONE', *, *, #4628, .T. ) ;
#6446 = ORIENTED_EDGE ( 'NONE', *, *, #6206, .T. ) ;
#6447 = PRODUCT_RELATED_PRODUCT_CATEGORY ( 'part', '', ( #5443 ) ) ;
#6448 = AXIS2_PLACEMENT_3D ( 'NONE', #2731, #8007, #7302 ) ;
#6450 = DIRECTION ( 'NONE',  ( -1.000000000000000000, -0.0000000000000000000, 0.0000000000000000000 ) ) ;
#6449 = FACE_OUTER_BOUND ( 'NONE', #978, .T. ) ;
#6451 = ADVANCED_FACE ( 'NONE', ( #2788 ), #6701, .F. ) ;
#6452 = ORIENTED_EDGE ( 'NONE', *, *, #8356, .T. ) ;
#6453 = ORIENTED_EDGE ( 'NONE', *, *, #4873, .T. ) ;
#6454 = ORIENTED_EDGE ( 'NONE', *, *, #5277, .F. ) ;
#6455 = CARTESIAN_POINT ( 'NONE',  ( 2.975000000000000100, 1.700000000000000000, 1.249999999999986000 ) ) ;
#6456 = CARTESIAN_POINT ( 'NONE',  ( 0.7750000000000004700, 0.6000000000000007500, -2.550000000000000300 ) ) ;
#6457 = DIRECTION ( 'NONE',  ( -1.000000000000000000, -0.0000000000000000000, -0.0000000000000000000 ) ) ;
#6458 = CARTESIAN_POINT ( 'NONE',  ( 3.275000000000000400, 2.140000000000000100, -1.400000000000000600 ) ) ;
#6459 = CARTESIAN_POINT ( 'NONE',  ( 3.585000000000000400, 3.469233347080714400, 1.250000000000000700 ) ) ;
#6460 = FACE_OUTER_BOUND ( 'NONE', #6827, .T. ) ;
#6461 = ORIENTED_EDGE ( 'NONE', *, *, #216, .T. ) ;
#6462 = VERTEX_POINT ( 'NONE', #1376 ) ;
#6463 = VECTOR ( 'NONE', #9830, 1000.000000000000000 ) ;
#6464 = DIRECTION ( 'NONE',  ( 0.0000000000000000000, -1.000000000000000000, -5.421010862427532000E-016 ) ) ;
#6465 = VERTEX_POINT ( 'NONE', #6044 ) ;
#6466 = ORIENTED_EDGE ( 'NONE', *, *, #456, .T. ) ;
#6467 = AXIS2_PLACEMENT_3D ( 'NONE', #6275, #9398, #4820 ) ;
#6468 = CIRCLE ( 'NONE', #8547, 0.1000000000000000500 ) ;
#6469 = EDGE_LOOP ( 'NONE', ( #4525, #2607, #5832, #4308 ) ) ;
#6470 = DIRECTION ( 'NONE',  ( -1.000000000000000000, -0.0000000000000000000, -0.0000000000000000000 ) ) ;
#6471 = DIRECTION ( 'NONE',  ( 0.0000000000000000000, -0.0000000000000000000, 1.000000000000000000 ) ) ;
#6472 = LINE ( 'NONE', #6459, #4066 ) ;
#6473 = ORIENTED_EDGE ( 'NONE', *, *, #8889, .F. ) ;
#6474 = ORIENTED_EDGE ( 'NONE', *, *, #9807, .T. ) ;
#6475 = DIRECTION ( 'NONE',  ( 0.0000000000000000000, 0.0000000000000000000, 1.000000000000000000 ) ) ;
#6476 = DIRECTION ( 'NONE',  ( -1.000000000000000000, -0.0000000000000000000, -0.0000000000000000000 ) ) ;
#6477 = EDGE_CURVE ( 'NONE', #4338, #3762, #6652, .T. ) ;
#6478 = EDGE_CURVE ( 'NONE', #4255, #7281, #7724, .T. ) ;
#6479 = DIRECTION ( 'NONE',  ( -1.000000000000000000, 0.0000000000000000000, 0.0000000000000000000 ) ) ;
#6480 = ADVANCED_FACE ( 'NONE', ( #2430 ), #5239, .F. ) ;
#6481 = CARTESIAN_POINT ( 'NONE',  ( 7.374999999999998200, 0.8000000000000000400, 5.480194339616986100 ) ) ;
#6482 = VECTOR ( 'NONE', #6983, 1000.000000000000000 ) ;
#6483 = ORIENTED_EDGE ( 'NONE', *, *, #6993, .F. ) ;
#6484 = CARTESIAN_POINT ( 'NONE',  ( -7.374999999999998200, 0.8000000000000000400, 5.480194339616986100 ) ) ;
#6485 = PRESENTATION_STYLE_ASSIGNMENT (( #1028 ) ) ;
#6486 = EDGE_CURVE ( 'NONE', #1928, #3275, #2189, .T. ) ;
#6487 = VERTEX_POINT ( 'NONE', #2980 ) ;
#6488 = AXIS2_PLACEMENT_3D ( 'NONE', #829, #6274, #3949 ) ;
#6489 = PLANE ( 'NONE',  #1289 ) ;
#6490 = VECTOR ( 'NONE', #2610, 1000.000000000000000 ) ;
#6491 = VERTEX_POINT ( 'NONE', #2150 ) ;
#6492 = EDGE_CURVE ( 'NONE', #2780, #6291, #9574, .T. ) ;
#6493 = CARTESIAN_POINT ( 'NONE',  ( 5.674999999999999800, -5.755839955992548600E-017, -1.550000000000000300 ) ) ;
#6494 = CARTESIAN_POINT ( 'NONE',  ( -2.974999999999999200, 0.6000000000000007500, -2.550000000000000300 ) ) ;
#6495 = AXIS2_PLACEMENT_3D ( 'NONE', #59, #3979, #5453 ) ;
#6496 = LINE ( 'NONE', #3130, #7207 ) ;
#6497 = ORIENTED_EDGE ( 'NONE', *, *, #323, .T. ) ;
#6498 = AXIS2_PLACEMENT_3D ( 'NONE', #6484, #4834, #4120 ) ;
#6499 = DIRECTION ( 'NONE',  ( 1.000000000000000000, 0.0000000000000000000, 0.0000000000000000000 ) ) ;
#6500 = DIRECTION ( 'NONE',  ( -1.000000000000000000, 0.0000000000000000000, 0.0000000000000000000 ) ) ;
#6501 = ADVANCED_FACE ( 'NONE', ( #7718 ), #2948, .F. ) ;
#6502 = DIRECTION ( 'NONE',  ( 0.0000000000000000000, 0.0000000000000000000, 1.000000000000000000 ) ) ;
#6503 = CARTESIAN_POINT ( 'NONE',  ( -2.024999999999999500, 2.140000000000000100, -1.400000000000000600 ) ) ;
#6504 = CARTESIAN_POINT ( 'NONE',  ( -3.274999999999999500, 0.4000000000000001900, -2.649999999999999900 ) ) ;
#6505 = EDGE_CURVE ( 'NONE', #2065, #4767, #5093, .T. ) ;
#6506 = FACE_OUTER_BOUND ( 'NONE', #8993, .T. ) ;
#6507 = VERTEX_POINT ( 'NONE', #5308 ) ;
#6508 = DIRECTION ( 'NONE',  ( -0.0000000000000000000, -0.0000000000000000000, 1.000000000000000000 ) ) ;
#6509 = AXIS2_PLACEMENT_3D ( 'NONE', #6930, #2347, #3901 ) ;
#6511 = DIRECTION ( 'NONE',  ( 0.0000000000000000000, 0.0000000000000000000, -1.000000000000000000 ) ) ;
#6510 = LINE ( 'NONE', #6958, #3479 ) ;
#6512 = CARTESIAN_POINT ( 'NONE',  ( -4.224999999999999600, 1.399999999999999700, -1.700000000000000800 ) ) ;
#6513 = VECTOR ( 'NONE', #1927, 1000.000000000000000 ) ;
#6514 = SURFACE_STYLE_FILL_AREA ( #1534 ) ;
#6515 = ORIENTED_EDGE ( 'NONE', *, *, #6486, .F. ) ;
#6516 = FACE_OUTER_BOUND ( 'NONE', #214, .T. ) ;
#6517 = CARTESIAN_POINT ( 'NONE',  ( -5.674999999999999800, 0.2999999999999991600, -0.5999999999999998700 ) ) ;
#6518 = ORIENTED_EDGE ( 'NONE', *, *, #8696, .F. ) ;
#6519 = MECHANICAL_DESIGN_GEOMETRIC_PRESENTATION_REPRESENTATION (  '', ( #3274 ), #7093 ) ;
#6520 = CARTESIAN_POINT ( 'NONE',  ( 0.7750000000000004700, 0.7999999999999998200, -1.550000000000000300 ) ) ;
#6521 = ORIENTED_EDGE ( 'NONE', *, *, #1829, .F. ) ;
#6522 = DIRECTION ( 'NONE',  ( 0.0000000000000000000, 0.0000000000000000000, 1.000000000000000000 ) ) ;
#6523 = ADVANCED_FACE ( 'NONE', ( #9937 ), #5204, .F. ) ;
#6524 = VECTOR ( 'NONE', #487, 1000.000000000000000 ) ;
#6525 = DIRECTION ( 'NONE',  ( -0.0000000000000000000, -1.000000000000000000, -0.0000000000000000000 ) ) ;
#6526 = CARTESIAN_POINT ( 'NONE',  ( -3.885000000000000200, 0.2999999999999991600, 2.650000000000000800 ) ) ;
#6527 = ORIENTED_EDGE ( 'NONE', *, *, #5989, .F. ) ;
#6528 = ORIENTED_EDGE ( 'NONE', *, *, #5168, .F. ) ;
#6529 = VERTEX_POINT ( 'NONE', #4560 ) ;
#6530 = EDGE_CURVE ( 'NONE', #2472, #6031, #485, .T. ) ;
#6531 = DIRECTION ( 'NONE',  ( -1.000000000000000000, -0.0000000000000000000, -0.0000000000000000000 ) ) ;
#6532 = CARTESIAN_POINT ( 'NONE',  ( 3.275000000000000400, 0.6000000000000007500, -2.449999999999999700 ) ) ;
#6534 = PLANE ( 'NONE',  #9905 ) ;
#6533 = VECTOR ( 'NONE', #4537, 1000.000000000000000 ) ;
#6535 = CARTESIAN_POINT ( 'NONE',  ( -0.4749999999999997600, 2.039999999999999100, -1.600000000000000800 ) ) ;
#6536 = EDGE_CURVE ( 'NONE', #1993, #9232, #2539, .T. ) ;
#6537 = ORIENTED_EDGE ( 'NONE', *, *, #7228, .T. ) ;
#6538 = ORIENTED_EDGE ( 'NONE', *, *, #3902, .T. ) ;
#6539 = ORIENTED_EDGE ( 'NONE', *, *, #4705, .T. ) ;
#6540 = ORIENTED_EDGE ( 'NONE', *, *, #8011, .T. ) ;
#6541 = CARTESIAN_POINT ( 'NONE',  ( 5.974999999999998800, 0.2999999999999989900, 1.850000000000000100 ) ) ;
#6542 = DIRECTION ( 'NONE',  ( -1.000000000000000000, -0.0000000000000000000, -0.0000000000000000000 ) ) ;
#6543 = CARTESIAN_POINT ( 'NONE',  ( -5.874999999999999100, 3.399999999999999900, 1.700000000000000600 ) ) ;
#6544 = VECTOR ( 'NONE', #9533, 1000.000000000000000 ) ;
#6545 = VECTOR ( 'NONE', #4755, 1000.000000000000000 ) ;
#6546 = VECTOR ( 'NONE', #1043, 1000.000000000000000 ) ;
#6547 = EDGE_CURVE ( 'NONE', #8405, #7448, #4606, .T. ) ;
#6548 = ORIENTED_EDGE ( 'NONE', *, *, #7052, .T. ) ;
#6549 = ADVANCED_FACE ( 'NONE', ( #238 ), #618, .F. ) ;
#6550 = EDGE_LOOP ( 'NONE', ( #7208, #4835, #945, #6540 ) ) ;
#6551 = VERTEX_POINT ( 'NONE', #6041 ) ;
#6552 = DIRECTION ( 'NONE',  ( -0.7071067811865483500, -0.7071067811865466800, 0.0000000000000000000 ) ) ;
#6553 = ORIENTED_EDGE ( 'NONE', *, *, #8235, .F. ) ;
#6554 = AXIS2_PLACEMENT_3D ( 'NONE', #1687, #7944, #7116 ) ;
#6555 = DIRECTION ( 'NONE',  ( 0.0000000000000000000, 0.0000000000000000000, 1.000000000000000000 ) ) ;
#6556 = VECTOR ( 'NONE', #999, 1000.000000000000000 ) ;
#6557 = AXIS2_PLACEMENT_3D ( 'NONE', #1677, #1711, #3226 ) ;
#6558 = LINE ( 'NONE', #2592, #279 ) ;
#6559 = CYLINDRICAL_SURFACE ( 'NONE', #3483, 0.1000000000000002600 ) ;
#6560 = CARTESIAN_POINT ( 'NONE',  ( -6.274999999999998600, 0.2999999999999989900, -0.3500000000000000300 ) ) ;
#6561 = ORIENTED_EDGE ( 'NONE', *, *, #1317, .F. ) ;
#6562 = ORIENTED_EDGE ( 'NONE', *, *, #6486, .T. ) ;
#6563 = ORIENTED_EDGE ( 'NONE', *, *, #7888, .T. ) ;
#6564 = EDGE_CURVE ( 'NONE', #2136, #2794, #7357, .T. ) ;
#6565 = DIRECTION ( 'NONE',  ( 0.0000000000000000000, 0.0000000000000000000, -1.000000000000000000 ) ) ;
#6566 = SURFACE_SIDE_STYLE ('',( #3039 ) ) ;
#6567 = LINE ( 'NONE', #4599, #4538 ) ;
#6568 = VECTOR ( 'NONE', #7883, 1000.000000000000000 ) ;
#6569 = DIRECTION ( 'NONE',  ( 0.0000000000000000000, 0.0000000000000000000, 1.000000000000000000 ) ) ;
#6570 = EDGE_LOOP ( 'NONE', ( #7518, #2784, #5692, #8802 ) ) ;
#6571 = CARTESIAN_POINT ( 'NONE',  ( 3.275000000000000400, 0.7999999999999999300, -1.400000000000000600 ) ) ;
#6572 = DIRECTION ( 'NONE',  ( 0.7071067811865466800, 0.7071067811865483500, -0.0000000000000000000 ) ) ;
#6573 = ORIENTED_EDGE ( 'NONE', *, *, #8427, .T. ) ;
#6574 = ORIENTED_EDGE ( 'NONE', *, *, #4451, .F. ) ;
#6575 = DIRECTION ( 'NONE',  ( 0.1378445374916254000, -0.1378445374916254000, -0.9808148484639900300 ) ) ;
#6576 = CARTESIAN_POINT ( 'NONE',  ( 0.7750000000000004700, 1.500000000000000000, -1.600000000000000800 ) ) ;
#6577 = ADVANCED_FACE ( 'NONE', ( #6066 ), #6011, .F. ) ;
#6578 = LINE ( 'NONE', #952, #4547 ) ;
#6579 = CARTESIAN_POINT ( 'NONE',  ( -3.274999999999999500, 0.9499999999999998400, 3.457774721070176100 ) ) ;
#6580 = VERTEX_POINT ( 'NONE', #3700 ) ;
#6581 = PRODUCT_DEFINITION ( 'UNKNOWN', '', #3466, #359 ) ;
#6582 = PLANE ( 'NONE',  #1546 ) ;
#6583 = ORIENTED_EDGE ( 'NONE', *, *, #1813, .T. ) ;
#6584 = ORIENTED_EDGE ( 'NONE', *, *, #3564, .T. ) ;
#6585 = AXIS2_PLACEMENT_3D ( 'NONE', #8076, #8116, #6475 ) ;
#6586 = EDGE_LOOP ( 'NONE', ( #9852, #3407, #2693, #3332 ) ) ;
#6587 = FACE_OUTER_BOUND ( 'NONE', #2806, .T. ) ;
#6588 = CARTESIAN_POINT ( 'NONE',  ( 0.0000000000000000000, 0.0000000000000000000, -0.5500000000000001600 ) ) ;
#6589 = ORIENTED_EDGE ( 'NONE', *, *, #5088, .F. ) ;
#6590 = VECTOR ( 'NONE', #6078, 1000.000000000000000 ) ;
#6591 = DIRECTION ( 'NONE',  ( 0.0000000000000000000, -3.614007241618353200E-016, 1.000000000000000000 ) ) ;
#6592 = DIRECTION ( 'NONE',  ( 0.0000000000000000000, 0.0000000000000000000, 1.000000000000000000 ) ) ;
#6593 = DIRECTION ( 'NONE',  ( 1.000000000000000000, 0.0000000000000000000, 0.0000000000000000000 ) ) ;
#6594 = CYLINDRICAL_SURFACE ( 'NONE', #5762, 0.09999999999999982500 ) ;
#6595 = ORIENTED_EDGE ( 'NONE', *, *, #8376, .F. ) ;
#6596 = LINE ( 'NONE', #8734, #3340 ) ;
#6597 = ORIENTED_EDGE ( 'NONE', *, *, #2423, .T. ) ;
#6598 = CARTESIAN_POINT ( 'NONE',  ( -5.274999999999999500, 0.5999999999999998700, -12.21954250419119600 ) ) ;
#6599 = AXIS2_PLACEMENT_3D ( 'NONE', #6741, #8995, #1285 ) ;
#6600 = CARTESIAN_POINT ( 'NONE',  ( 0.4750000000000005900, 1.500000000000000000, -1.700000000000000800 ) ) ;
#6601 = AXIS2_PLACEMENT_3D ( 'NONE', #9770, #5132, #6660 ) ;
#6602 =( LENGTH_UNIT ( ) NAMED_UNIT ( * ) SI_UNIT ( .MILLI., .METRE. ) );
#6603 = ADVANCED_FACE ( 'NONE', ( #3374 ), #5267, .F. ) ;
#6604 = DIRECTION ( 'NONE',  ( 0.7071067811865512400, 8.221412421894813300E-017, -0.7071067811865439100 ) ) ;
#6605 = DIRECTION ( 'NONE',  ( -0.0000000000000000000, -1.000000000000000000, -0.0000000000000000000 ) ) ;
#6606 = CIRCLE ( 'NONE', #6705, 0.1499999999999999700 ) ;
#6607 = ORIENTED_EDGE ( 'NONE', *, *, #4316, .T. ) ;
#6608 = CARTESIAN_POINT ( 'NONE',  ( 4.525000000000001200, 0.0000000000000000000, -2.549999999999999400 ) ) ;
#6609 = DIRECTION ( 'NONE',  ( 0.0000000000000000000, -0.0000000000000000000, 1.000000000000000000 ) ) ;
#6610 = EDGE_CURVE ( 'NONE', #5801, #317, #7599, .T. ) ;
#6611 = EDGE_CURVE ( 'NONE', #4288, #5777, #1467, .T. ) ;
#6612 = DIRECTION ( 'NONE',  ( 0.0000000000000000000, 1.000000000000000000, -7.228014483236719200E-016 ) ) ;
#6613 = CARTESIAN_POINT ( 'NONE',  ( 5.874999999999999100, 3.399999999999999900, 2.650000000000000400 ) ) ;
#6614 = LINE ( 'NONE', #9299, #3864 ) ;
#6615 = CARTESIAN_POINT ( 'NONE',  ( -3.185000000000000500, 0.2999999999999991600, 1.250000000000000700 ) ) ;
#6616 = DIRECTION ( 'NONE',  ( 0.0000000000000000000, -1.000000000000000000, 0.0000000000000000000 ) ) ;
#6617 = FACE_OUTER_BOUND ( 'NONE', #1481, .T. ) ;
#6618 = EDGE_LOOP ( 'NONE', ( #6138, #5945, #4950, #6951 ) ) ;
#6619 = EDGE_CURVE ( 'NONE', #5001, #5286, #369, .T. ) ;
#6620 = AXIS2_PLACEMENT_3D ( 'NONE', #1494, #9301, #3129 ) ;
#6621 = LINE ( 'NONE', #3834, #8931 ) ;
#6622 = APPLICATION_PROTOCOL_DEFINITION ( 'draft international standard', 'automotive_design', 1998, #1961 ) ;
#6623 = ORIENTED_EDGE ( 'NONE', *, *, #4344, .T. ) ;
#6624 = CARTESIAN_POINT ( 'NONE',  ( -2.974999999999999200, 0.9499999999999998400, 1.249999999999986000 ) ) ;
#6625 = EDGE_CURVE ( 'NONE', #9424, #4195, #1216, .T. ) ;
#6626 = SURFACE_SIDE_STYLE ('',( #3524 ) ) ;
#6627 = DIRECTION ( 'NONE',  ( -1.000000000000000000, 0.0000000000000000000, 0.0000000000000000000 ) ) ;
#6628 = PLANE ( 'NONE',  #4831 ) ;
#6629 = ADVANCED_FACE ( 'NONE', ( #7471 ), #4384, .F. ) ;
#6630 = STYLED_ITEM ( 'NONE', ( #3846 ), #958 ) ;
#6631 = CARTESIAN_POINT ( 'NONE',  ( -7.174999999999998900, 2.200000000000000200, 5.480194339616986100 ) ) ;
#6632 = LINE ( 'NONE', #5558, #4717 ) ;
#6633 = EDGE_LOOP ( 'NONE', ( #5720, #741, #9954, #1789 ) ) ;
#6634 = DIRECTION ( 'NONE',  ( -1.000000000000000000, -0.0000000000000000000, -0.0000000000000000000 ) ) ;
#6635 = SURFACE_STYLE_USAGE ( .BOTH. , #6566 ) ;
#6636 = PLANE ( 'NONE',  #477 ) ;
#6637 = LINE ( 'NONE', #9366, #1797 ) ;
#6638 = LINE ( 'NONE', #5804, #4356 ) ;
#6639 = SURFACE_SIDE_STYLE ('',( #4413 ) ) ;
#6640 = VERTEX_POINT ( 'NONE', #4462 ) ;
#6641 = DIRECTION ( 'NONE',  ( 0.0000000000000000000, 0.0000000000000000000, -1.000000000000000000 ) ) ;
#6642 =( NAMED_UNIT ( * ) SI_UNIT ( $, .STERADIAN. ) SOLID_ANGLE_UNIT ( ) );
#6643 = LINE ( 'NONE', #2861, #2180 ) ;
#6644 = FACE_OUTER_BOUND ( 'NONE', #5170, .T. ) ;
#6645 = EDGE_LOOP ( 'NONE', ( #8381, #1551, #7401, #6900 ) ) ;
#6646 = DIRECTION ( 'NONE',  ( -1.000000000000000000, -0.0000000000000000000, -0.0000000000000000000 ) ) ;
#6647 = EDGE_LOOP ( 'NONE', ( #9557, #7169, #5718, #6573 ) ) ;
#6648 = ORIENTED_EDGE ( 'NONE', *, *, #4142, .F. ) ;
#6649 = ADVANCED_FACE ( 'NONE', ( #9812 ), #1302, .F. ) ;
#6650 = APPLICATION_CONTEXT ( 'automotive_design' ) ;
#6651 = LINE ( 'NONE', #3623, #2200 ) ;
#6652 = LINE ( 'NONE', #8252, #4378 ) ;
#6653 = AXIS2_PLACEMENT_3D ( 'NONE', #5966, #9854, #6694 ) ;
#6654 = CARTESIAN_POINT ( 'NONE',  ( 7.374999999999999100, 1.999999999999999100, 5.480194339616986100 ) ) ;
#6655 = DIRECTION ( 'NONE',  ( -0.0000000000000000000, -0.0000000000000000000, -1.000000000000000000 ) ) ;
#6656 = ORIENTED_EDGE ( 'NONE', *, *, #2875, .T. ) ;
#6657 = EDGE_LOOP ( 'NONE', ( #9992, #6527, #9956, #3723 ) ) ;
#6658 = ORIENTED_EDGE ( 'NONE', *, *, #7705, .F. ) ;
#6659 = FACE_OUTER_BOUND ( 'NONE', #1911, .T. ) ;
#6660 = DIRECTION ( 'NONE',  ( 0.0000000000000000000, 0.0000000000000000000, -1.000000000000000000 ) ) ;
#6661 = CARTESIAN_POINT ( 'NONE',  ( 1.940675499178566000, 1.034324500821434800, 1.850000000000000500 ) ) ;
#6662 = ORIENTED_EDGE ( 'NONE', *, *, #5628, .T. ) ;
#6663 = EDGE_CURVE ( 'NONE', #9281, #3416, #4367, .T. ) ;
#6664 = EDGE_CURVE ( 'NONE', #1717, #3361, #1930, .T. ) ;
#6665 = EDGE_LOOP ( 'NONE', ( #7766, #2970, #4603, #4484 ) ) ;
#6666 = CARTESIAN_POINT ( 'NONE',  ( -4.524999999999999500, 2.140000000000000100, -1.400000000000000600 ) ) ;
#6668 = EDGE_CURVE ( 'NONE', #7186, #4795, #8341, .T. ) ;
#6667 = CARTESIAN_POINT ( 'NONE',  ( 4.525000000000001200, 0.5000000000000000000, -1.849999999999999900 ) ) ;
#6669 = VERTEX_POINT ( 'NONE', #2902 ) ;
#6670 = VERTEX_POINT ( 'NONE', #8318 ) ;
#6671 = PLANE ( 'NONE',  #8857 ) ;
#6672 = EDGE_CURVE ( 'NONE', #5846, #8226, #8208, .T. ) ;
#6673 = LINE ( 'NONE', #9971, #388 ) ;
#6674 = AXIS2_PLACEMENT_3D ( 'NONE', #7483, #4421, #3731 ) ;
#6675 = DIRECTION ( 'NONE',  ( 0.0000000000000000000, 0.0000000000000000000, 1.000000000000000000 ) ) ;
#6676 = ADVANCED_FACE ( 'NONE', ( #6644 ), #2977, .F. ) ;
#6677 = ORIENTED_EDGE ( 'NONE', *, *, #6743, .F. ) ;
#6678 = DIRECTION ( 'NONE',  ( 0.1378445374916254000, -0.1378445374916254000, 0.9808148484639900300 ) ) ;
#6679 = DIRECTION ( 'NONE',  ( -1.000000000000000000, -0.0000000000000000000, -0.0000000000000000000 ) ) ;
#6680 = DIRECTION ( 'NONE',  ( 0.0000000000000000000, 0.0000000000000000000, -1.000000000000000000 ) ) ;
#6681 = ORIENTED_EDGE ( 'NONE', *, *, #9869, .T. ) ;
#6682 = ORIENTED_EDGE ( 'NONE', *, *, #1635, .F. ) ;
#6683 = DIRECTION ( 'NONE',  ( 0.0000000000000000000, 0.0000000000000000000, 1.000000000000000000 ) ) ;
#6684 = PLANE ( 'NONE',  #1142 ) ;
#6685 = EDGE_CURVE ( 'NONE', #1773, #6123, #967, .T. ) ;
#6686 = LINE ( 'NONE', #2865, #6108 ) ;
#6687 = CARTESIAN_POINT ( 'NONE',  ( -4.224999999999999600, 2.040000000000000000, -1.500000000000000700 ) ) ;
#6689 = CARTESIAN_POINT ( 'NONE',  ( 4.309324500821436000, 3.399999999999999900, 1.850000000000000500 ) ) ;
#6688 = VECTOR ( 'NONE', #3536, 1000.000000000000000 ) ;
#6690 = EDGE_LOOP ( 'NONE', ( #7252, #979, #6401, #8101 ) ) ;
#6691 = AXIS2_PLACEMENT_3D ( 'NONE', #9314, #1600, #4645 ) ;
#6692 = ORIENTED_EDGE ( 'NONE', *, *, #8834, .F. ) ;
#6693 = EDGE_LOOP ( 'NONE', ( #4450, #9167, #9483, #9861 ) ) ;
#6694 = DIRECTION ( 'NONE',  ( -0.0000000000000000000, 0.0000000000000000000, -1.000000000000000000 ) ) ;
#6695 = CARTESIAN_POINT ( 'NONE',  ( -0.4749999999999997600, 0.5000000000000000000, -2.550000000000000300 ) ) ;
#6696 = CARTESIAN_POINT ( 'NONE',  ( 1.725000000000000800, 1.399999999999999700, -2.299999999999999800 ) ) ;
#6697 = DIRECTION ( 'NONE',  ( 1.000000000000000000, 0.0000000000000000000, -0.0000000000000000000 ) ) ;
#6698 = VECTOR ( 'NONE', #6887, 1000.000000000000000 ) ;
#6699 = ORIENTED_EDGE ( 'NONE', *, *, #6131, .T. ) ;
#6700 = EDGE_CURVE ( 'NONE', #4409, #3301, #2306, .T. ) ;
#6701 = PLANE ( 'NONE',  #6814 ) ;
#6702 = ORIENTED_EDGE ( 'NONE', *, *, #8154, .F. ) ;
#6703 = CARTESIAN_POINT ( 'NONE',  ( 4.440675499178566600, 3.399999999999999900, 1.850000000000000500 ) ) ;
#6704 = ADVANCED_FACE ( 'NONE', ( #6407 ), #4555, .F. ) ;
#6705 = AXIS2_PLACEMENT_3D ( 'NONE', #3813, #4593, #725 ) ;
#6706 = CARTESIAN_POINT ( 'NONE',  ( -2.024999999999999500, 0.9499999999999998400, 1.249999999999986000 ) ) ;
#6707 = LINE ( 'NONE', #5509, #8275 ) ;
#6708 = EDGE_LOOP ( 'NONE', ( #7128, #10049, #284, #9305 ) ) ;
#6709 = PLANE ( 'NONE',  #6147 ) ;
#6710 = DIRECTION ( 'NONE',  ( 1.000000000000000000, 0.0000000000000000000, 0.0000000000000000000 ) ) ;
#6711 = VERTEX_POINT ( 'NONE', #6861 ) ;
#6712 = CARTESIAN_POINT ( 'NONE',  ( 5.874999999999999100, 2.499999999999999600, -1.550000000000000500 ) ) ;
#6713 = FACE_OUTER_BOUND ( 'NONE', #5774, .T. ) ;
#6714 = ORIENTED_EDGE ( 'NONE', *, *, #9696, .F. ) ;
#6715 = PLANE ( 'NONE',  #6216 ) ;
#6716 = CARTESIAN_POINT ( 'NONE',  ( 0.4750000000000005900, 0.9499999999999998400, -1.000000000000000700 ) ) ;
#6717 = DIRECTION ( 'NONE',  ( -1.000000000000000000, 0.0000000000000000000, 0.0000000000000000000 ) ) ;
#6718 = FACE_OUTER_BOUND ( 'NONE', #9001, .T. ) ;
#6719 = ORIENTED_EDGE ( 'NONE', *, *, #5849, .F. ) ;
#6720 = ORIENTED_EDGE ( 'NONE', *, *, #5862, .F. ) ;
#6721 = AXIS2_PLACEMENT_3D ( 'NONE', #8746, #3098, #5615 ) ;
#6722 = CARTESIAN_POINT ( 'NONE',  ( -0.7749999999999996900, 0.4000000000000001900, -2.649999999999999900 ) ) ;
#6723 = VECTOR ( 'NONE', #676, 1000.000000000000000 ) ;
#6724 = VERTEX_POINT ( 'NONE', #6105 ) ;
#6725 = VECTOR ( 'NONE', #4656, 1000.000000000000000 ) ;
#6726 = DIRECTION ( 'NONE',  ( -0.0000000000000000000, 1.000000000000000000, -0.0000000000000000000 ) ) ;
#6727 = DIRECTION ( 'NONE',  ( 0.0000000000000000000, 1.000000000000000000, 0.0000000000000000000 ) ) ;
#6728 = DIRECTION ( 'NONE',  ( -1.000000000000000000, -0.0000000000000000000, -0.0000000000000000000 ) ) ;
#6729 = CARTESIAN_POINT ( 'NONE',  ( -1.724999999999999600, 1.399999999999999700, -1.700000000000000800 ) ) ;
#6730 = ADVANCED_FACE ( 'NONE', ( #5 ), #1470, .F. ) ;
#6731 = EDGE_CURVE ( 'NONE', #8115, #6427, #6295, .T. ) ;
#6732 = CYLINDRICAL_SURFACE ( 'NONE', #5311, 0.1499999999999999700 ) ;
#6733 = ORIENTED_EDGE ( 'NONE', *, *, #2809, .F. ) ;
#6734 = CARTESIAN_POINT ( 'NONE',  ( -2.974999999999999200, 1.250000000000000000, -2.299999999999999800 ) ) ;
#6735 = EDGE_CURVE ( 'NONE', #7613, #2618, #5695, .T. ) ;
#6736 = DIRECTION ( 'NONE',  ( 1.000000000000000000, 0.0000000000000000000, 0.0000000000000000000 ) ) ;
#6737 = LINE ( 'NONE', #8268, #4697 ) ;
#6738 = DIRECTION ( 'NONE',  ( -1.000000000000000000, -0.0000000000000000000, -0.0000000000000000000 ) ) ;
#6739 = ORIENTED_EDGE ( 'NONE', *, *, #4952, .T. ) ;
#6740 = EDGE_CURVE ( 'NONE', #9316, #7886, #6886, .T. ) ;
#6741 = CARTESIAN_POINT ( 'NONE',  ( 4.225000000000001400, 0.1000000000000000500, -1.950000000000000200 ) ) ;
#6742 = EDGE_CURVE ( 'NONE', #1493, #9388, #5939, .T. ) ;
#6743 = EDGE_CURVE ( 'NONE', #3762, #6118, #3630, .T. ) ;
#6744 = PLANE ( 'NONE',  #5399 ) ;
#6745 = CARTESIAN_POINT ( 'NONE',  ( 7.374999999999998200, 0.8000000000000000400, 2.250000000000000400 ) ) ;
#6746 = DIRECTION ( 'NONE',  ( -0.0000000000000000000, 1.000000000000000000, 6.672013369141573100E-016 ) ) ;
#6747 = FACE_OUTER_BOUND ( 'NONE', #4514, .T. ) ;
#6748 = CARTESIAN_POINT ( 'NONE',  ( -5.674999999999999800, -5.755839955992548600E-017, -1.550000000000000300 ) ) ;
#6749 = EDGE_CURVE ( 'NONE', #4969, #3561, #1693, .T. ) ;
#6750 = CARTESIAN_POINT ( 'NONE',  ( 1.725000000000000800, 0.5000000000000000000, -1.849999999999999900 ) ) ;
#6751 = FACE_OUTER_BOUND ( 'NONE', #2050, .T. ) ;
#6752 = ORIENTED_EDGE ( 'NONE', *, *, #983, .F. ) ;
#6753 = STYLED_ITEM ( 'NONE', ( #8710 ), #6786 ) ;
#6754 = ADVANCED_FACE ( 'NONE', ( #4111 ), #2046, .F. ) ;
#6755 = LINE ( 'NONE', #8106, #3746 ) ;
#6756 = DIRECTION ( 'NONE',  ( 0.0000000000000000000, 0.0000000000000000000, -1.000000000000000000 ) ) ;
#6757 = EDGE_CURVE ( 'NONE', #4845, #5238, #5823, .T. ) ;
#6758 = ORIENTED_EDGE ( 'NONE', *, *, #4113, .F. ) ;
#6759 = CARTESIAN_POINT ( 'NONE',  ( -4.524999999999999500, 0.5000000000000000000, -1.550000000000000300 ) ) ;
#6760 = CYLINDRICAL_SURFACE ( 'NONE', #9558, 0.1000000000000000500 ) ;
#6761 = VERTEX_POINT ( 'NONE', #8977 ) ;
#6762 = CARTESIAN_POINT ( 'NONE',  ( 0.4750000000000005900, 2.039999999999999100, -1.600000000000000800 ) ) ;
#6763 = CARTESIAN_POINT ( 'NONE',  ( 2.025000000000000800, 0.7999999999999999300, -1.400000000000000600 ) ) ;
#6764 = LINE ( 'NONE', #2365, #363 ) ;
#6765 = FACE_OUTER_BOUND ( 'NONE', #8447, .T. ) ;
#6766 = DIRECTION ( 'NONE',  ( -0.9902680687415708100, -0.0000000000000000000, -0.1391731009600621100 ) ) ;
#6767 = ORIENTED_EDGE ( 'NONE', *, *, #1495, .T. ) ;
#6768 = DIRECTION ( 'NONE',  ( -0.7071067811865466800, 0.7071067811865483500, 0.0000000000000000000 ) ) ;
#6769 = DIRECTION ( 'NONE',  ( -0.0000000000000000000, 1.000000000000000000, -0.0000000000000000000 ) ) ;
#6770 = EDGE_LOOP ( 'NONE', ( #4385, #2451, #4359, #9885 ) ) ;
#6771 = CARTESIAN_POINT ( 'NONE',  ( -5.274999999999995900, 2.179999999999998800, -1.000000000000000700 ) ) ;
#6772 = LINE ( 'NONE', #9583, #1590 ) ;
#6774 = DIRECTION ( 'NONE',  ( 0.0000000000000000000, -0.0000000000000000000, -1.000000000000000000 ) ) ;
#6773 = FACE_OUTER_BOUND ( 'NONE', #7668, .T. ) ;
#6775 = DIRECTION ( 'NONE',  ( 0.0000000000000000000, 0.0000000000000000000, -1.000000000000000000 ) ) ;
#6776 = VERTEX_POINT ( 'NONE', #2814 ) ;
#6777 = ORIENTED_EDGE ( 'NONE', *, *, #7438, .F. ) ;
#6778 = VERTEX_POINT ( 'NONE', #2006 ) ;
#6779 = CARTESIAN_POINT ( 'NONE',  ( 3.190675499178565300, 1.615675499178565100, 1.850000000000000500 ) ) ;
#6780 = CARTESIAN_POINT ( 'NONE',  ( -4.224999999999999600, 0.6000000000000007500, -2.449999999999999700 ) ) ;
#6781 = FILL_AREA_STYLE ('',( #6029 ) ) ;
#6782 = DIRECTION ( 'NONE',  ( -1.000000000000000000, -0.0000000000000000000, -0.0000000000000000000 ) ) ;
#6783 = DIRECTION ( 'NONE',  ( -0.0000000000000000000, 1.000000000000000000, 6.672013369141573100E-016 ) ) ;
#6784 = FACE_OUTER_BOUND ( 'NONE', #9853, .T. ) ;
#6785 = VECTOR ( 'NONE', #2264, 1000.000000000000000 ) ;
#6786 = MANIFOLD_SOLID_BREP ( 'LPattern1[5]', #5538 ) ;
#6787 = DIRECTION ( 'NONE',  ( -1.000000000000000000, -0.0000000000000000000, -0.0000000000000000000 ) ) ;
#6788 = VERTEX_POINT ( 'NONE', #4207 ) ;
#6789 = VERTEX_POINT ( 'NONE', #4275 ) ;
#6790 = ORIENTED_EDGE ( 'NONE', *, *, #8392, .T. ) ;
#6791 = VECTOR ( 'NONE', #4075, 1000.000000000000000 ) ;
#6792 = CARTESIAN_POINT ( 'NONE',  ( -2.974999999999999200, 1.700000000000000000, -1.000000000000000700 ) ) ;
#6793 = CARTESIAN_POINT ( 'NONE',  ( -2.974999999999999200, 0.1000000000000007100, -1.850000000000000100 ) ) ;
#6794 = AXIS2_PLACEMENT_3D ( 'NONE', #8012, #9614, #1175 ) ;
#6795 = DIRECTION ( 'NONE',  ( -1.000000000000000000, -0.0000000000000000000, -0.0000000000000000000 ) ) ;
#6796 = LINE ( 'NONE', #6211, #2691 ) ;
#6797 = LINE ( 'NONE', #8957, #7144 ) ;
#6798 = DIRECTION ( 'NONE',  ( -6.195440985631454300E-016, 0.0000000000000000000, 1.000000000000000000 ) ) ;
#6799 = ORIENTED_EDGE ( 'NONE', *, *, #406, .F. ) ;
#6800 = ORIENTED_EDGE ( 'NONE', *, *, #4249, .T. ) ;
#6801 = ORIENTED_EDGE ( 'NONE', *, *, #2290, .F. ) ;
#6802 = DIRECTION ( 'NONE',  ( 0.0000000000000000000, 7.228014483236719200E-016, 1.000000000000000000 ) ) ;
#6803 = DIRECTION ( 'NONE',  ( -1.000000000000000000, -0.0000000000000000000, -0.0000000000000000000 ) ) ;
#6804 = EDGE_CURVE ( 'NONE', #4818, #6025, #6285, .T. ) ;
#6805 = VECTOR ( 'NONE', #5043, 1000.000000000000000 ) ;
#6806 = EDGE_CURVE ( 'NONE', #8943, #8402, #3011, .T. ) ;
#6807 = DIRECTION ( 'NONE',  ( -0.0000000000000000000, 1.000000000000000000, 0.0000000000000000000 ) ) ;
#6808 = EDGE_CURVE ( 'NONE', #3417, #4501, #5086, .T. ) ;
#6809 = CARTESIAN_POINT ( 'NONE',  ( 5.274999999999998600, 2.999999999999999600, 2.400000000000003000 ) ) ;
#6810 = ORIENTED_EDGE ( 'NONE', *, *, #7932, .F. ) ;
#6811 = ORIENTED_EDGE ( 'NONE', *, *, #1761, .F. ) ;
#6812 = CARTESIAN_POINT ( 'NONE',  ( 5.274999999999998600, 0.5999999999999998700, 2.400000000000003000 ) ) ;
#6813 = EDGE_CURVE ( 'NONE', #1999, #5301, #2661, .T. ) ;
#6814 = AXIS2_PLACEMENT_3D ( 'NONE', #654, #3704, #6016 ) ;
#6815 = DIRECTION ( 'NONE',  ( -0.0000000000000000000, 1.000000000000000000, 6.672013369141573100E-016 ) ) ;
#6816 = VECTOR ( 'NONE', #5320, 1000.000000000000000 ) ;
#6817 = LINE ( 'NONE', #2343, #1132 ) ;
#6818 = CARTESIAN_POINT ( 'NONE',  ( -6.374999999999999100, 2.200000000000000200, 5.480194339616986100 ) ) ;
#6819 = VERTEX_POINT ( 'NONE', #3800 ) ;
#6820 = CARTESIAN_POINT ( 'NONE',  ( 5.674999999999999800, -4.336808689942017700E-016, 1.700000000000001500 ) ) ;
#6821 = PLANE ( 'NONE',  #9317 ) ;
#6822 = ORIENTED_EDGE ( 'NONE', *, *, #3256, .T. ) ;
#6823 = ORIENTED_EDGE ( 'NONE', *, *, #7932, .T. ) ;
#6824 = EDGE_CURVE ( 'NONE', #7886, #2385, #8597, .T. ) ;
#6825 = CARTESIAN_POINT ( 'NONE',  ( -3.374999999999999100, 1.615675499178565100, 1.850000000000000500 ) ) ;
#6826 = VECTOR ( 'NONE', #3621, 1000.000000000000000 ) ;
#6827 = EDGE_LOOP ( 'NONE', ( #4836, #3826, #1020, #1016 ) ) ;
#6828 = AXIS2_PLACEMENT_3D ( 'NONE', #913, #5561, #73 ) ;
#6829 = DIRECTION ( 'NONE',  ( -1.000000000000000000, 0.0000000000000000000, -0.0000000000000000000 ) ) ;
#6830 = DIRECTION ( 'NONE',  ( -0.7071067811865500200, -8.221412421894799700E-017, -0.7071067811865451300 ) ) ;
#6831 = ORIENTED_EDGE ( 'NONE', *, *, #7825, .F. ) ;
#6832 = ORIENTED_EDGE ( 'NONE', *, *, #1593, .F. ) ;
#6833 = DIRECTION ( 'NONE',  ( 0.0000000000000000000, -1.000000000000000000, -4.015563601798169700E-016 ) ) ;
#6834 = CARTESIAN_POINT ( 'NONE',  ( 3.275000000000000400, 0.7999999999999999300, -1.400000000000000600 ) ) ;
#6835 = EDGE_LOOP ( 'NONE', ( #7145, #2676, #6420, #8290 ) ) ;
#6836 = LINE ( 'NONE', #4812, #671 ) ;
#6837 = EDGE_CURVE ( 'NONE', #1375, #7409, #7113, .T. ) ;
#6838 = CARTESIAN_POINT ( 'NONE',  ( 4.225000000000001400, 1.700000000000000000, 1.249999999999986000 ) ) ;
#6839 = EDGE_LOOP ( 'NONE', ( #8658, #2382, #6130, #1866, #7242, #5118, #2949, #4889, #5814, #5141, #6022, #6169, #2647, #762 ) ) ;
#6840 = VECTOR ( 'NONE', #9132, 1000.000000000000000 ) ;
#6841 = CARTESIAN_POINT ( 'NONE',  ( 5.594999999999998000, 2.180000000000000200, 2.650000000000000400 ) ) ;
#6842 = LINE ( 'NONE', #8563, #5048 ) ;
#6843 = EDGE_LOOP ( 'NONE', ( #6064, #5049, #9930, #5670 ) ) ;
#6844 = ADVANCED_FACE ( 'NONE', ( #1684 ), #9256, .F. ) ;
#6845 = CARTESIAN_POINT ( 'NONE',  ( 4.525000000000001200, 1.250000000000000000, -2.449999999999999300 ) ) ;
#6846 = CYLINDRICAL_SURFACE ( 'NONE', #1453, 0.1499999999999999700 ) ;
#6847 = ORIENTED_EDGE ( 'NONE', *, *, #3439, .F. ) ;
#6848 = DIRECTION ( 'NONE',  ( 1.000000000000000000, 0.0000000000000000000, 0.0000000000000000000 ) ) ;
#6849 = DIRECTION ( 'NONE',  ( 0.0000000000000000000, 0.0000000000000000000, 1.000000000000000000 ) ) ;
#6850 = DIRECTION ( 'NONE',  ( 0.0000000000000000000, 0.0000000000000000000, -1.000000000000000000 ) ) ;
#6851 = CIRCLE ( 'NONE', #5054, 0.1000000000000000500 ) ;
#6852 = VERTEX_POINT ( 'NONE', #7589 ) ;
#6853 = CARTESIAN_POINT ( 'NONE',  ( 5.274999999999998600, 0.5999999999999998700, -12.21954250419119600 ) ) ;
#6854 = DIRECTION ( 'NONE',  ( 1.000000000000000000, 0.0000000000000000000, -0.0000000000000000000 ) ) ;
#6855 = AXIS2_PLACEMENT_3D ( 'NONE', #2541, #4951, #7988 ) ;
#6856 = CARTESIAN_POINT ( 'NONE',  ( -5.204999999999999200, -4.336808689942017700E-016, 1.700000000000000200 ) ) ;
#6857 = LINE ( 'NONE', #1873, #2275 ) ;
#6858 = ORIENTED_EDGE ( 'NONE', *, *, #8945, .F. ) ;
#6859 = CARTESIAN_POINT ( 'NONE',  ( 4.225000000000001400, 0.9499999999999998400, 1.249999999999986000 ) ) ;
#6860 = CARTESIAN_POINT ( 'NONE',  ( -0.7749999999999996900, 0.6000000000000007500, -2.550000000000000300 ) ) ;
#6861 = CARTESIAN_POINT ( 'NONE',  ( 5.274999999999998600, 3.000000000000000000, 1.700000000000000600 ) ) ;
#6862 = CONTEXT_DEPENDENT_SHAPE_REPRESENTATION ( #1118, #7783 ) ;
#6863 = CARTESIAN_POINT ( 'NONE',  ( 7.500000000000000000, 0.0000000000000000000, -1.000000000000000700 ) ) ;
#6864 = EDGE_CURVE ( 'NONE', #2262, #3095, #9928, .T. ) ;
#6865 = FACE_OUTER_BOUND ( 'NONE', #4331, .T. ) ;
#6866 = VECTOR ( 'NONE', #2381, 1000.000000000000000 ) ;
#6867 = VECTOR ( 'NONE', #5292, 1000.000000000000000 ) ;
#6868 = ORIENTED_EDGE ( 'NONE', *, *, #3628, .T. ) ;
#6869 = EDGE_CURVE ( 'NONE', #6891, #4565, #9208, .T. ) ;
#6870 = CARTESIAN_POINT ( 'NONE',  ( 5.274999999999998600, 0.5999999999999998700, -12.21954250419119600 ) ) ;
#6871 = VECTOR ( 'NONE', #6885, 1000.000000000000000 ) ;
#6872 = FACE_OUTER_BOUND ( 'NONE', #4021, .T. ) ;
#6873 = FACE_OUTER_BOUND ( 'NONE', #4922, .T. ) ;
#6874 = VERTEX_POINT ( 'NONE', #2975 ) ;
#6875 = EDGE_CURVE ( 'NONE', #9441, #7704, #9088, .T. ) ;
#6876 = CARTESIAN_POINT ( 'NONE',  ( 4.225000000000001400, 0.5000000000000000000, -1.550000000000000300 ) ) ;
#6877 = DIRECTION ( 'NONE',  ( 0.0000000000000000000, 0.0000000000000000000, -1.000000000000000000 ) ) ;
#6878 = LINE ( 'NONE', #1802, #8702 ) ;
#6879 = VECTOR ( 'NONE', #2345, 1000.000000000000000 ) ;
#6880 = AXIS2_PLACEMENT_3D ( 'NONE', #553, #1227, #1271 ) ;
#6881 = PLANE ( 'NONE',  #6020 ) ;
#6882 = ORIENTED_EDGE ( 'NONE', *, *, #8163, .F. ) ;
#6883 = DIRECTION ( 'NONE',  ( 1.000000000000000000, 0.0000000000000000000, 0.0000000000000000000 ) ) ;
#6884 = VERTEX_POINT ( 'NONE', #6103 ) ;
#6885 = DIRECTION ( 'NONE',  ( 0.1378445374916254000, -0.1378445374916254000, -0.9808148484639900300 ) ) ;
#6886 = CIRCLE ( 'NONE', #3909, 0.04999999999999969700 ) ;
#6887 = DIRECTION ( 'NONE',  ( -0.0000000000000000000, -0.0000000000000000000, -1.000000000000000000 ) ) ;
#6888 = EDGE_CURVE ( 'NONE', #1773, #6923, #5337, .T. ) ;
#6889 = DIRECTION ( 'NONE',  ( 0.7071067811865497900, -0.7071067811865452400, 0.0000000000000000000 ) ) ;
#6890 = DIRECTION ( 'NONE',  ( 0.0000000000000000000, 0.0000000000000000000, 1.000000000000000000 ) ) ;
#6891 = VERTEX_POINT ( 'NONE', #7077 ) ;
#6892 = ORIENTED_EDGE ( 'NONE', *, *, #1713, .F. ) ;
#6893 = VERTEX_POINT ( 'NONE', #4798 ) ;
#6894 = AXIS2_PLACEMENT_3D ( 'NONE', #2817, #6803, #7491 ) ;
#6895 = LINE ( 'NONE', #9080, #3030 ) ;
#6896 = VECTOR ( 'NONE', #1197, 1000.000000000000000 ) ;
#6897 = VERTEX_POINT ( 'NONE', #2526 ) ;
#6898 = ORIENTED_EDGE ( 'NONE', *, *, #5175, .T. ) ;
#6899 = DIRECTION ( 'NONE',  ( -0.0000000000000000000, -0.0000000000000000000, 1.000000000000000000 ) ) ;
#6900 = ORIENTED_EDGE ( 'NONE', *, *, #9696, .T. ) ;
#6901 = EDGE_LOOP ( 'NONE', ( #7026, #5583, #3547, #4526 ) ) ;
#6902 = DIRECTION ( 'NONE',  ( 1.000000000000000000, 0.0000000000000000000, 0.0000000000000000000 ) ) ;
#6903 = FACE_OUTER_BOUND ( 'NONE', #9825, .T. ) ;
#6904 =( NAMED_UNIT ( * ) PLANE_ANGLE_UNIT ( ) SI_UNIT ( $, .RADIAN. ) );
#6905 = DIRECTION ( 'NONE',  ( 1.000000000000000000, 0.0000000000000000000, 1.146293045799652500E-016 ) ) ;
#6906 = VECTOR ( 'NONE', #2681, 1000.000000000000000 ) ;
#6907 = COLOUR_RGB ( '',0.7921568627450980000, 0.8196078431372548800, 0.9333333333333333500 ) ;
#6908 = DIRECTION ( 'NONE',  ( -0.5773502691896278400, -0.5773502691896278400, 0.5773502691896217300 ) ) ;
#6909 = AXIS2_PLACEMENT_3D ( 'NONE', #467, #5887, #1254 ) ;
#6910 = FACE_OUTER_BOUND ( 'NONE', #6645, .T. ) ;
#6911 = CARTESIAN_POINT ( 'NONE',  ( -2.024999999999999500, 0.5000000000000000000, -1.849999999999999900 ) ) ;
#6912 = CARTESIAN_POINT ( 'NONE',  ( -2.024999999999999500, 1.500000000000000000, -1.700000000000000800 ) ) ;
#6913 = ORIENTED_EDGE ( 'NONE', *, *, #4825, .F. ) ;
#6914 = PLANE ( 'NONE',  #4895 ) ;
#6915 = VERTEX_POINT ( 'NONE', #4054 ) ;
#6916 = ADVANCED_FACE ( 'NONE', ( #6765 ), #9468, .F. ) ;
#6917 = CARTESIAN_POINT ( 'NONE',  ( 4.225000000000001400, 1.500000000000000000, -1.700000000000000800 ) ) ;
#6918 = FACE_OUTER_BOUND ( 'NONE', #6665, .T. ) ;
#6919 = VECTOR ( 'NONE', #2288, 1000.000000000000000 ) ;
#6920 = ORIENTED_EDGE ( 'NONE', *, *, #4059, .T. ) ;
#6921 = EDGE_CURVE ( 'NONE', #6235, #259, #4963, .T. ) ;
#6922 = CARTESIAN_POINT ( 'NONE',  ( -2.980700334954883500, 0.9557003349548839300, 1.290559990745417100 ) ) ;
#6923 = VERTEX_POINT ( 'NONE', #906 ) ;
#6924 = ORIENTED_EDGE ( 'NONE', *, *, #2110, .F. ) ;
#6925 = CARTESIAN_POINT ( 'NONE',  ( 1.725000000000000800, 0.0000000000000000000, -2.549999999999999400 ) ) ;
#6926 = AXIS2_PLACEMENT_3D ( 'NONE', #431, #298, #6609 ) ;
#6927 = DIRECTION ( 'NONE',  ( -1.000000000000000000, -0.0000000000000000000, -0.0000000000000000000 ) ) ;
#6928 = DIRECTION ( 'NONE',  ( -0.0000000000000000000, -0.0000000000000000000, -1.000000000000000000 ) ) ;
#6929 = EDGE_CURVE ( 'NONE', #3445, #6135, #8075, .T. ) ;
#6930 = CARTESIAN_POINT ( 'NONE',  ( 2.025000000000000800, 0.1000000000000000500, -1.950000000000000200 ) ) ;
#6931 = VECTOR ( 'NONE', #6782, 1000.000000000000000 ) ;
#6932 = COLOUR_RGB ( '',0.7921568627450980000, 0.8196078431372548800, 0.9333333333333333500 ) ;
#6933 = COLOUR_RGB ( '',0.7921568627450980000, 0.8196078431372548800, 0.9333333333333333500 ) ;
#6934 = VERTEX_POINT ( 'NONE', #4323 ) ;
#6935 = ORIENTED_EDGE ( 'NONE', *, *, #1834, .T. ) ;
#6936 = EDGE_CURVE ( 'NONE', #7421, #266, #9324, .T. ) ;
#6937 = EDGE_CURVE ( 'NONE', #7683, #521, #842, .T. ) ;
#6938 = DIRECTION ( 'NONE',  ( -1.000000000000000000, -0.0000000000000000000, -0.0000000000000000000 ) ) ;
#6939 = VECTOR ( 'NONE', #1685, 1000.000000000000000 ) ;
#6940 = ORIENTED_EDGE ( 'NONE', *, *, #8826, .F. ) ;
#6941 =( NAMED_UNIT ( * ) PLANE_ANGLE_UNIT ( ) SI_UNIT ( $, .RADIAN. ) );
#6942 = EDGE_CURVE ( 'NONE', #9814, #3049, #8825, .T. ) ;
#6943 = ORIENTED_EDGE ( 'NONE', *, *, #4891, .F. ) ;
#6944 = ORIENTED_EDGE ( 'NONE', *, *, #5725, .T. ) ;
#6945 = PRESENTATION_LAYER_ASSIGNMENT (  '', '', ( #9362 ) ) ;
#6946 = CARTESIAN_POINT ( 'NONE',  ( -4.224999999999999600, 0.1000000000000007100, -1.850000000000000100 ) ) ;
#6947 = DIRECTION ( 'NONE',  ( 1.000000000000000000, 0.0000000000000000000, 0.0000000000000000000 ) ) ;
#6948 = CARTESIAN_POINT ( 'NONE',  ( -1.724999999999999600, 1.700000000000000000, 3.457774721070176100 ) ) ;
#6949 = CIRCLE ( 'NONE', #3097, 0.09999999999999982500 ) ;
#6950 = DIRECTION ( 'NONE',  ( -0.0000000000000000000, -0.0000000000000000000, -1.000000000000000000 ) ) ;
#6951 = ORIENTED_EDGE ( 'NONE', *, *, #622, .T. ) ;
#6952 = EDGE_CURVE ( 'NONE', #6640, #1398, #4492, .T. ) ;
#6953 = DIRECTION ( 'NONE',  ( -0.0000000000000000000, -1.000000000000000000, -0.0000000000000000000 ) ) ;
#6954 = ORIENTED_EDGE ( 'NONE', *, *, #4360, .T. ) ;
#6955 = LINE ( 'NONE', #8810, #3827 ) ;
#6956 = EDGE_LOOP ( 'NONE', ( #9514, #8558, #3858, #3770 ) ) ;
#6957 = PRESENTATION_LAYER_ASSIGNMENT (  '', '', ( #6630 ) ) ;
#6958 = CARTESIAN_POINT ( 'NONE',  ( -0.7749999999999996900, 2.140000000000000100, -1.400000000000000600 ) ) ;
#6959 = FACE_OUTER_BOUND ( 'NONE', #5110, .T. ) ;
#6960 = ORIENTED_EDGE ( 'NONE', *, *, #5207, .F. ) ;
#6961 = CARTESIAN_POINT ( 'NONE',  ( 1.725000000000000800, 0.9499999999999998400, 3.457774721070176100 ) ) ;
#6962 = CARTESIAN_POINT ( 'NONE',  ( -2.974999999999999200, 1.399999999999999900, -2.299999999999999800 ) ) ;
#6963 = CARTESIAN_POINT ( 'NONE',  ( -3.584999999999999500, 0.5999999999999998700, 2.650000000000000800 ) ) ;
#6964 = ORIENTED_EDGE ( 'NONE', *, *, #4703, .F. ) ;
#6965 = VECTOR ( 'NONE', #6034, 1000.000000000000000 ) ;
#6966 = VERTEX_POINT ( 'NONE', #7055 ) ;
#6967 = ADVANCED_FACE ( 'NONE', ( #2181 ), #117, .F. ) ;
#6968 = SURFACE_STYLE_FILL_AREA ( #4847 ) ;
#6969 = UNCERTAINTY_MEASURE_WITH_UNIT (LENGTH_MEASURE( 1.000000000000000100E-005 ), #3563, 'distance_accuracy_value', 'NONE');
#6970 = ORIENTED_EDGE ( 'NONE', *, *, #9034, .T. ) ;
#6971 = DIRECTION ( 'NONE',  ( 0.0000000000000000000, 0.0000000000000000000, 1.000000000000000000 ) ) ;
#6972 = VECTOR ( 'NONE', #8843, 1000.000000000000000 ) ;
#6973 = ORIENTED_EDGE ( 'NONE', *, *, #9248, .F. ) ;
#6974 = PLANE ( 'NONE',  #89 ) ;
#6975 = CARTESIAN_POINT ( 'NONE',  ( -1.724999999999999600, 0.0000000000000000000, -1.950000000000000800 ) ) ;
#6976 = CARTESIAN_POINT ( 'NONE',  ( 3.275000000000000400, 0.1000000000000000500, -1.950000000000000200 ) ) ;
#6977 = CARTESIAN_POINT ( 'NONE',  ( -2.974999999999999200, 0.5000000000000000000, -1.849999999999999900 ) ) ;
#6978 = VECTOR ( 'NONE', #5821, 1000.000000000000000 ) ;
#6979 = CARTESIAN_POINT ( 'NONE',  ( 0.4750000000000005900, 0.1000000000000000300, -2.550000000000000300 ) ) ;
#6980 = CIRCLE ( 'NONE', #299, 0.2999999999999990500 ) ;
#6981 = ORIENTED_EDGE ( 'NONE', *, *, #4686, .T. ) ;
#6982 = AXIS2_PLACEMENT_3D ( 'NONE', #2714, #6555, #9656 ) ;
#6983 = DIRECTION ( 'NONE',  ( -0.1378445374916254000, -0.1378445374916254000, 0.9808148484639900300 ) ) ;
#6984 = AXIS2_PLACEMENT_3D ( 'NONE', #4927, #249, #9663 ) ;
#6985 = ADVANCED_FACE ( 'NONE', ( #1924 ), #7834, .T. ) ;
#6986 = CARTESIAN_POINT ( 'NONE',  ( 1.725000000000000800, 2.140000000000000100, -1.500000000000000000 ) ) ;
#6987 = CARTESIAN_POINT ( 'NONE',  ( -6.374999999999999100, 2.200000000000000200, 2.250000000000000400 ) ) ;
#6988 = VECTOR ( 'NONE', #779, 1000.000000000000000 ) ;
#6989 = CARTESIAN_POINT ( 'NONE',  ( -3.884999999999999800, 3.469233347080714400, 1.250000000000000700 ) ) ;
#6990 = DIRECTION ( 'NONE',  ( 1.000000000000000000, 0.0000000000000000000, 0.0000000000000000000 ) ) ;
#6991 = VECTOR ( 'NONE', #5793, 1000.000000000000000 ) ;
#6992 = ORIENTED_EDGE ( 'NONE', *, *, #4044, .F. ) ;
#6993 = EDGE_CURVE ( 'NONE', #3689, #2220, #9438, .T. ) ;
#6994 = EDGE_CURVE ( 'NONE', #7870, #1730, #7004, .T. ) ;
#6995 = VECTOR ( 'NONE', #998, 1000.000000000000000 ) ;
#6996 = CARTESIAN_POINT ( 'NONE',  ( -0.4749999999999997600, 0.7999999999999999300, -1.400000000000000600 ) ) ;
#6997 = ORIENTED_EDGE ( 'NONE', *, *, #7219, .F. ) ;
#6998 = EDGE_CURVE ( 'NONE', #4727, #1937, #712, .T. ) ;
#6999 = CARTESIAN_POINT ( 'NONE',  ( -3.185000000000000500, 0.2999999999999991600, 6.505213034913026600E-016 ) ) ;
#7000 = ORIENTED_EDGE ( 'NONE', *, *, #9685, .T. ) ;
#7001 = AXIS2_PLACEMENT_3D ( 'NONE', #9828, #6766, #8289 ) ;
#7002 = DIRECTION ( 'NONE',  ( -0.0000000000000000000, -0.0000000000000000000, -1.000000000000000000 ) ) ;
#7003 = LINE ( 'NONE', #4661, #8468 ) ;
#7004 = LINE ( 'NONE', #6996, #3241 ) ;
#7005 = EDGE_CURVE ( 'NONE', #365, #1860, #8820, .T. ) ;
#7006 = CLOSED_SHELL ( 'NONE', ( #8979, #4056, #7269, #7710, #6018, #2839, #1272, #5959, #7926, #9319 ) ) ;
#7007 = CARTESIAN_POINT ( 'NONE',  ( 2.025000000000000800, 0.6000000000000007500, -2.449999999999999700 ) ) ;
#7008 = EDGE_LOOP ( 'NONE', ( #4199, #9242, #4600, #8533 ) ) ;
#7009 = CARTESIAN_POINT ( 'NONE',  ( -1.724999999999999600, 0.0000000000000000000, -1.950000000000000800 ) ) ;
#7010 = ADVANCED_FACE ( 'NONE', ( #4486 ), #6760, .T. ) ;
#7011 = CARTESIAN_POINT ( 'NONE',  ( 4.225000000000001400, 2.140000000000000100, -1.400000000000000600 ) ) ;
#7012 = CARTESIAN_POINT ( 'NONE',  ( -2.024999999999999500, 0.4000000000000001900, -2.649999999999999900 ) ) ;
#7013 = FACE_OUTER_BOUND ( 'NONE', #5739, .T. ) ;
#7014 = FACE_OUTER_BOUND ( 'NONE', #2207, .T. ) ;
#7015 = DIRECTION ( 'NONE',  ( 0.0000000000000000000, 1.000000000000000000, -7.228014483236719200E-016 ) ) ;
#7016 = ORIENTED_EDGE ( 'NONE', *, *, #3375, .F. ) ;
#7017 = VERTEX_POINT ( 'NONE', #1086 ) ;
#7018 = ORIENTED_EDGE ( 'NONE', *, *, #4431, .F. ) ;
#7019 = CARTESIAN_POINT ( 'NONE',  ( -4.285000000000000100, 3.469233347080714400, 6.505213034913026600E-016 ) ) ;
#7020 = DIRECTION ( 'NONE',  ( -1.000000000000000000, 0.0000000000000000000, 0.0000000000000000000 ) ) ;
#7021 = EDGE_CURVE ( 'NONE', #6789, #9933, #1198, .T. ) ;
#7022 = CARTESIAN_POINT ( 'NONE',  ( -4.224999999999999600, 1.399999999999999700, -1.700000000000000800 ) ) ;
#7023 = PLANE ( 'NONE',  #8771 ) ;
#7024 = FACE_OUTER_BOUND ( 'NONE', #4115, .T. ) ;
#7025 = FACE_OUTER_BOUND ( 'NONE', #4745, .T. ) ;
#7026 = ORIENTED_EDGE ( 'NONE', *, *, #7779, .T. ) ;
#7027 = ORIENTED_EDGE ( 'NONE', *, *, #7170, .F. ) ;
#7028 = ORIENTED_EDGE ( 'NONE', *, *, #1168, .F. ) ;
#7029 = VECTOR ( 'NONE', #4140, 1000.000000000000000 ) ;
#7030 = LINE ( 'NONE', #8467, #35 ) ;
#7031 = LINE ( 'NONE', #3496, #4017 ) ;
#7032 = DIRECTION ( 'NONE',  ( -0.0000000000000000000, -0.0000000000000000000, -1.000000000000000000 ) ) ;
#7033 = VERTEX_POINT ( 'NONE', #350 ) ;
#7034 = CARTESIAN_POINT ( 'NONE',  ( 6.224999999999999600, 0.2999999999999989900, -0.3500000000000000300 ) ) ;
#7035 = DIRECTION ( 'NONE',  ( 1.000000000000000000, 0.0000000000000000000, 0.0000000000000000000 ) ) ;
#7036 = VERTEX_POINT ( 'NONE', #6458 ) ;
#7037 = ORIENTED_EDGE ( 'NONE', *, *, #917, .T. ) ;
#7038 = AXIS2_PLACEMENT_3D ( 'NONE', #4725, #1646, #6971 ) ;
#7039 = FACE_OUTER_BOUND ( 'NONE', #3657, .T. ) ;
#7040 = VECTOR ( 'NONE', #2637, 1000.000000000000000 ) ;
#7041 = VECTOR ( 'NONE', #3939, 1000.000000000000000 ) ;
#7042 = CARTESIAN_POINT ( 'NONE',  ( -4.224999999999999600, 0.7999999999999999300, -1.400000000000000600 ) ) ;
#7043 = VERTEX_POINT ( 'NONE', #293 ) ;
#7044 = ORIENTED_EDGE ( 'NONE', *, *, #3363, .T. ) ;
#7045 = FACE_OUTER_BOUND ( 'NONE', #8714, .T. ) ;
#7046 = VECTOR ( 'NONE', #8453, 1000.000000000000000 ) ;
#7047 = EDGE_CURVE ( 'NONE', #4767, #3702, #7344, .T. ) ;
#7048 = ORIENTED_EDGE ( 'NONE', *, *, #2354, .T. ) ;
#7049 = DIRECTION ( 'NONE',  ( 1.000000000000000000, 0.0000000000000000000, 0.0000000000000000000 ) ) ;
#7050 = ORIENTED_EDGE ( 'NONE', *, *, #5428, .F. ) ;
#7051 = ORIENTED_EDGE ( 'NONE', *, *, #2152, .F. ) ;
#7052 = EDGE_CURVE ( 'NONE', #6235, #4210, #6168, .T. ) ;
#7053 = ADVANCED_FACE ( 'NONE', ( #471 ), #6117, .F. ) ;
#7054 = VERTEX_POINT ( 'NONE', #6148 ) ;
#7055 = CARTESIAN_POINT ( 'NONE',  ( 0.4750000000000005900, 2.140000000000000100, -1.500000000000000000 ) ) ;
#7056 = VECTOR ( 'NONE', #4430, 1000.000000000000000 ) ;
#7057 = CARTESIAN_POINT ( 'NONE',  ( -4.224999999999999600, 0.1000000000000000300, -2.649999999999999900 ) ) ;
#7058 = ORIENTED_EDGE ( 'NONE', *, *, #6186, .F. ) ;
#7059 = EDGE_CURVE ( 'NONE', #7688, #5370, #8942, .T. ) ;
#7060 = CARTESIAN_POINT ( 'NONE',  ( 2.025000000000000800, 1.250000000000000000, -2.299999999999999800 ) ) ;
#7061 = VERTEX_POINT ( 'NONE', #4376 ) ;
#7062 = VECTOR ( 'NONE', #7142, 1000.000000000000000 ) ;
#7063 = EDGE_CURVE ( 'NONE', #7089, #2537, #3742, .T. ) ;
#7064 = ORIENTED_EDGE ( 'NONE', *, *, #277, .T. ) ;
#7065 = LINE ( 'NONE', #8254, #6840 ) ;
#7066 = CARTESIAN_POINT ( 'NONE',  ( -0.4749999999999997600, 0.9499999999999998400, 1.249999999999986000 ) ) ;
#7067 = DIRECTION ( 'NONE',  ( 1.000000000000000000, 0.0000000000000000000, -0.0000000000000000000 ) ) ;
#7068 = DIRECTION ( 'NONE',  ( 1.000000000000000000, 1.162683294890621800E-016, -0.0000000000000000000 ) ) ;
#7069 = LINE ( 'NONE', #6227, #2492 ) ;
#7070 = VERTEX_POINT ( 'NONE', #1975 ) ;
#7071 = DIRECTION ( 'NONE',  ( 0.0000000000000000000, -1.000000000000000000, 0.0000000000000000000 ) ) ;
#7072 = LINE ( 'NONE', #1581, #3214 ) ;
#7073 = VERTEX_POINT ( 'NONE', #5444 ) ;
#7074 = EDGE_CURVE ( 'NONE', #4869, #887, #5926, .T. ) ;
#7075 = ORIENTED_EDGE ( 'NONE', *, *, #3176, .T. ) ;
#7076 = DIRECTION ( 'NONE',  ( 0.1378445374916254000, -0.1378445374916254000, 0.9808148484639900300 ) ) ;
#7077 = CARTESIAN_POINT ( 'NONE',  ( -3.274999999999999500, 0.9499999999999998400, -1.000000000000000700 ) ) ;
#7078 = AXIS2_PLACEMENT_3D ( 'NONE', #9148, #701, #6129 ) ;
#7079 = ADVANCED_FACE ( 'NONE', ( #950 ), #9091, .F. ) ;
#7080 = PLANE ( 'NONE',  #1955 ) ;
#7081 = VECTOR ( 'NONE', #5960, 1000.000000000000100 ) ;
#7082 = ORIENTED_EDGE ( 'NONE', *, *, #7692, .F. ) ;
#7083 = SURFACE_STYLE_USAGE ( .BOTH. , #3263 ) ;
#7084 = DIRECTION ( 'NONE',  ( 1.000000000000000000, 0.0000000000000000000, 0.0000000000000000000 ) ) ;
#7085 = DIRECTION ( 'NONE',  ( -1.000000000000000000, -0.0000000000000000000, -0.0000000000000000000 ) ) ;
#7086 = MANIFOLD_SOLID_BREP ( 'LPattern3[6]', #6095 ) ;
#7087 = VECTOR ( 'NONE', #1917, 1000.000000000000000 ) ;
#7088 = VECTOR ( 'NONE', #493, 1000.000000000000000 ) ;
#7089 = VERTEX_POINT ( 'NONE', #195 ) ;
#7090 = PLANE ( 'NONE',  #4318 ) ;
#7091 = DIRECTION ( 'NONE',  ( -1.000000000000000000, 0.0000000000000000000, -0.0000000000000000000 ) ) ;
#7092 = DIRECTION ( 'NONE',  ( -1.000000000000000000, -0.0000000000000000000, 0.0000000000000000000 ) ) ;
#7093 =( GEOMETRIC_REPRESENTATION_CONTEXT ( 3 ) GLOBAL_UNCERTAINTY_ASSIGNED_CONTEXT ( ( #2455 ) ) GLOBAL_UNIT_ASSIGNED_CONTEXT ( ( #5572, #6941, #825 ) ) REPRESENTATION_CONTEXT ( 'NONE', 'WORKASPACE' ) );
#7094 = CARTESIAN_POINT ( 'NONE',  ( -4.524999999999999500, 1.700000000000000000, 3.457774721070176100 ) ) ;
#7095 = CARTESIAN_POINT ( 'NONE',  ( 2.975000000000000100, 0.4000000000000001900, -2.550000000000000300 ) ) ;
#7096 = FACE_OUTER_BOUND ( 'NONE', #9128, .T. ) ;
#7097 = LINE ( 'NONE', #6143, #705 ) ;
#7098 = ORIENTED_EDGE ( 'NONE', *, *, #7768, .T. ) ;
#7099 = CARTESIAN_POINT ( 'NONE',  ( -3.274999999999999500, 2.039999999999999100, -1.600000000000000800 ) ) ;
#7100 = CARTESIAN_POINT ( 'NONE',  ( -2.024999999999999500, 2.140000000000000100, -1.500000000000000000 ) ) ;
#7101 = CARTESIAN_POINT ( 'NONE',  ( -2.024999999999999500, 1.700000000000000000, -1.000000000000000700 ) ) ;
#7102 = FACE_OUTER_BOUND ( 'NONE', #1519, .T. ) ;
#7103 = ADVANCED_FACE ( 'NONE', ( #6873 ), #4983, .F. ) ;
#7104 = DIRECTION ( 'NONE',  ( 0.0000000000000000000, 0.0000000000000000000, 1.000000000000000000 ) ) ;
#7105 = CARTESIAN_POINT ( 'NONE',  ( 3.885000000000000200, 3.469233347080714400, 2.650000000000000800 ) ) ;
#7106 = LINE ( 'NONE', #2073, #9312 ) ;
#7107 = AXIS2_PLACEMENT_3D ( 'NONE', #8920, #330, #9708 ) ;
#7108 = DIRECTION ( 'NONE',  ( 0.0000000000000000000, 0.0000000000000000000, 1.000000000000000000 ) ) ;
#7109 = ORIENTED_EDGE ( 'NONE', *, *, #3917, .F. ) ;
#7110 = AXIS2_PLACEMENT_3D ( 'NONE', #8037, #1905, #321 ) ;
#7112 = CARTESIAN_POINT ( 'NONE',  ( -5.674999999999999800, -4.336808689942017700E-016, 1.700000000000000200 ) ) ;
#7111 = FACE_OUTER_BOUND ( 'NONE', #5396, .T. ) ;
#7113 = LINE ( 'NONE', #647, #1081 ) ;
#7114 = CARTESIAN_POINT ( 'NONE',  ( 3.885000000000000200, 0.2999999999999991600, 2.650000000000000800 ) ) ;
#7115 = CARTESIAN_POINT ( 'NONE',  ( -5.874999999999999100, 3.399999999999999900, -1.550000000000000500 ) ) ;
#7116 = DIRECTION ( 'NONE',  ( 0.0000000000000000000, 0.0000000000000000000, -1.000000000000000000 ) ) ;
#7117 = ORIENTED_EDGE ( 'NONE', *, *, #9469, .T. ) ;
#7118 = EDGE_CURVE ( 'NONE', #5540, #2618, #2291, .T. ) ;
#7119 = ORIENTED_EDGE ( 'NONE', *, *, #1311, .T. ) ;
#7120 = EDGE_CURVE ( 'NONE', #2707, #1649, #2653, .T. ) ;
#7121 = FACE_OUTER_BOUND ( 'NONE', #4786, .T. ) ;
#7122 = VECTOR ( 'NONE', #8495, 1000.000000000000000 ) ;
#7123 = EDGE_CURVE ( 'NONE', #9222, #2192, #4227, .T. ) ;
#7124 = AXIS2_PLACEMENT_3D ( 'NONE', #7535, #3712, #6337 ) ;
#7125 = ORIENTED_EDGE ( 'NONE', *, *, #977, .F. ) ;
#7126 = CARTESIAN_POINT ( 'NONE',  ( 0.7750000000000004700, 2.039999999999999100, -1.600000000000000800 ) ) ;
#7127 = ORIENTED_EDGE ( 'NONE', *, *, #8759, .T. ) ;
#7128 = ORIENTED_EDGE ( 'NONE', *, *, #4097, .T. ) ;
#7129 = ADVANCED_FACE ( 'NONE', ( #9433 ), #2527, .F. ) ;
#7130 = CARTESIAN_POINT ( 'NONE',  ( 2.975000000000000100, 0.9499999999999998400, 1.249999999999986000 ) ) ;
#7131 = FACE_OUTER_BOUND ( 'NONE', #8861, .T. ) ;
#7132 = LINE ( 'NONE', #3281, #4978 ) ;
#7133 = EDGE_CURVE ( 'NONE', #183, #2020, #8197, .T. ) ;
#7134 = ORIENTED_EDGE ( 'NONE', *, *, #2154, .F. ) ;
#7135 = CARTESIAN_POINT ( 'NONE',  ( 0.7750000000000004700, 2.140000000000000100, -1.400000000000000600 ) ) ;
#7136 = ORIENTED_EDGE ( 'NONE', *, *, #9934, .T. ) ;
#7137 = DIRECTION ( 'NONE',  ( 0.0000000000000000000, -4.015563601798169700E-016, 1.000000000000000000 ) ) ;
#7138 = ORIENTED_EDGE ( 'NONE', *, *, #7426, .T. ) ;
#7139 = ORIENTED_EDGE ( 'NONE', *, *, #538, .T. ) ;
#7140 = CARTESIAN_POINT ( 'NONE',  ( -4.224999999999999600, 0.7999999999999999300, -1.400000000000000600 ) ) ;
#7141 = CARTESIAN_POINT ( 'NONE',  ( -1.724999999999999600, 0.5000000000000000000, -1.550000000000000300 ) ) ;
#7142 = DIRECTION ( 'NONE',  ( 0.0000000000000000000, -1.000000000000000000, -5.421010862427532000E-016 ) ) ;
#7143 = CIRCLE ( 'NONE', #3790, 0.1000000000000002600 ) ;
#7144 = VECTOR ( 'NONE', #4192, 1000.000000000000000 ) ;
#7145 = ORIENTED_EDGE ( 'NONE', *, *, #3859, .T. ) ;
#7146 = ORIENTED_EDGE ( 'NONE', *, *, #3422, .T. ) ;
#7147 = ORIENTED_EDGE ( 'NONE', *, *, #6423, .T. ) ;
#7148 = CARTESIAN_POINT ( 'NONE',  ( -4.224999999999999600, 2.040000000000000000, -1.500000000000000700 ) ) ;
#7149 = CARTESIAN_POINT ( 'NONE',  ( -4.224999999999999600, 0.1000000000000000300, -2.550000000000000300 ) ) ;
#7150 = VECTOR ( 'NONE', #4928, 1000.000000000000000 ) ;
#7151 = LINE ( 'NONE', #178, #5249 ) ;
#7152 = VECTOR ( 'NONE', #8328, 1000.000000000000000 ) ;
#7153 = ADVANCED_FACE ( 'NONE', ( #1680 ), #2023, .F. ) ;
#7154 = ORIENTED_EDGE ( 'NONE', *, *, #840, .F. ) ;
#7155 = ORIENTED_EDGE ( 'NONE', *, *, #9813, .T. ) ;
#7156 = CARTESIAN_POINT ( 'NONE',  ( -7.575000000000000200, 0.0000000000000000000, 1.850000000000000100 ) ) ;
#7157 = CYLINDRICAL_SURFACE ( 'NONE', #3654, 0.1499999999999999700 ) ;
#7158 = LINE ( 'NONE', #5785, #2819 ) ;
#7159 = ORIENTED_EDGE ( 'NONE', *, *, #4518, .F. ) ;
#7160 = DIRECTION ( 'NONE',  ( 1.000000000000000000, 0.0000000000000000000, -0.0000000000000000000 ) ) ;
#7161 = ORIENTED_EDGE ( 'NONE', *, *, #3642, .T. ) ;
#7162 = EDGE_LOOP ( 'NONE', ( #296, #3237, #903, #2665 ) ) ;
#7163 = AXIS2_PLACEMENT_3D ( 'NONE', #2277, #681, #5364 ) ;
#7164 = VECTOR ( 'NONE', #9078, 1000.000000000000000 ) ;
#7165 = EDGE_LOOP ( 'NONE', ( #3036, #5879, #4610, #5071 ) ) ;
#7166 = DIRECTION ( 'NONE',  ( 0.0000000000000000000, -0.9902680687415708100, -0.1391731009600621100 ) ) ;
#7167 = CARTESIAN_POINT ( 'NONE',  ( -2.024999999999999500, 2.140000000000000100, -1.500000000000000000 ) ) ;
#7168 = ORIENTED_EDGE ( 'NONE', *, *, #6952, .T. ) ;
#7169 = ORIENTED_EDGE ( 'NONE', *, *, #5920, .F. ) ;
#7170 = EDGE_CURVE ( 'NONE', #5761, #9626, #7938, .T. ) ;
#7171 = EDGE_CURVE ( 'NONE', #9035, #2715, #8456, .T. ) ;
#7172 = ADVANCED_FACE ( 'NONE', ( #601 ), #3548, .F. ) ;
#7173 = CARTESIAN_POINT ( 'NONE',  ( 5.274999999999998600, 0.5999999999999998700, 2.400000000000003000 ) ) ;
#7174 = LINE ( 'NONE', #604, #2728 ) ;
#7175 = DIRECTION ( 'NONE',  ( 0.1378445374916254000, -0.1378445374916254000, -0.9808148484639900300 ) ) ;
#7176 = PLANE ( 'NONE',  #6498 ) ;
#7177 = DIRECTION ( 'NONE',  ( 1.000000000000000000, 0.0000000000000000000, -0.0000000000000000000 ) ) ;
#7178 = ORIENTED_EDGE ( 'NONE', *, *, #2094, .T. ) ;
#7179 = EDGE_CURVE ( 'NONE', #7857, #317, #5566, .T. ) ;
#7180 = ORIENTED_EDGE ( 'NONE', *, *, #8364, .F. ) ;
#7181 = DIRECTION ( 'NONE',  ( -1.000000000000000000, -0.0000000000000000000, -0.0000000000000000000 ) ) ;
#7182 = VECTOR ( 'NONE', #6738, 1000.000000000000000 ) ;
#7183 = ORIENTED_EDGE ( 'NONE', *, *, #3844, .F. ) ;
#7184 = VECTOR ( 'NONE', #3348, 1000.000000000000000 ) ;
#7185 = ORIENTED_EDGE ( 'NONE', *, *, #5678, .F. ) ;
#7186 = VERTEX_POINT ( 'NONE', #4022 ) ;
#7187 = EDGE_CURVE ( 'NONE', #2192, #7632, #5807, .T. ) ;
#7188 = DIRECTION ( 'NONE',  ( -0.7071067811865435800, -0.7071067811865515700, -0.0000000000000000000 ) ) ;
#7189 = VECTOR ( 'NONE', #4666, 1000.000000000000000 ) ;
#7190 = EDGE_LOOP ( 'NONE', ( #8164, #1218, #4796, #5263 ) ) ;
#7191 = CARTESIAN_POINT ( 'NONE',  ( 7.575000000000000200, 0.2500000000000000000, 1.850000000000000100 ) ) ;
#7192 = CARTESIAN_POINT ( 'NONE',  ( -0.4749999999999997600, 2.140000000000000100, -1.500000000000000000 ) ) ;
#7193 = VECTOR ( 'NONE', #6717, 1000.000000000000000 ) ;
#7194 = ADVANCED_FACE ( 'NONE', ( #8067 ), #6322, .T. ) ;
#7195 = CARTESIAN_POINT ( 'NONE',  ( 4.225000000000001400, 1.250000000000000000, -2.449999999999999300 ) ) ;
#7196 = DIRECTION ( 'NONE',  ( 0.0000000000000000000, -1.000000000000000000, 0.0000000000000000000 ) ) ;
#7197 = DIRECTION ( 'NONE',  ( 1.000000000000000000, 0.0000000000000000000, -0.0000000000000000000 ) ) ;
#7198 = VECTOR ( 'NONE', #5139, 1000.000000000000000 ) ;
#7199 = EDGE_LOOP ( 'NONE', ( #9701, #3270, #8836, #5347 ) ) ;
#7200 = EDGE_CURVE ( 'NONE', #4175, #1993, #6632, .T. ) ;
#7201 = CARTESIAN_POINT ( 'NONE',  ( -5.874999999999999100, 0.4999999999999995600, -1.400000000000000600 ) ) ;
#7202 = PLANE ( 'NONE',  #5851 ) ;
#7203 = AXIS2_PLACEMENT_3D ( 'NONE', #8472, #10011, #3850 ) ;
#7204 = CARTESIAN_POINT ( 'NONE',  ( 6.874999999999995600, 0.2999999999999990500, 2.250000000000000400 ) ) ;
#7205 = VECTOR ( 'NONE', #7375, 1000.000000000000000 ) ;
#7206 = CARTESIAN_POINT ( 'NONE',  ( 0.0000000000000000000, 0.0000000000000000000, 0.0000000000000000000 ) ) ;
#7207 = VECTOR ( 'NONE', #3103, 1000.000000000000000 ) ;
#7208 = ORIENTED_EDGE ( 'NONE', *, *, #4825, .T. ) ;
#7209 = CARTESIAN_POINT ( 'NONE',  ( 2.975000000000000100, 0.9499999999999998400, 1.249999999999986000 ) ) ;
#7210 = VECTOR ( 'NONE', #3589, 1000.000000000000000 ) ;
#7211 = ORIENTED_EDGE ( 'NONE', *, *, #2781, .F. ) ;
#7212 = AXIS2_PLACEMENT_3D ( 'NONE', #3739, #1614, #4692 ) ;
#7213 = DIRECTION ( 'NONE',  ( 1.000000000000000000, 0.0000000000000000000, 0.0000000000000000000 ) ) ;
#7214 = ADVANCED_FACE ( 'NONE', ( #8698 ), #114, .T. ) ;
#7215 = VECTOR ( 'NONE', #422, 1000.000000000000000 ) ;
#7216 = FACE_OUTER_BOUND ( 'NONE', #9732, .T. ) ;
#7217 = ORIENTED_EDGE ( 'NONE', *, *, #1810, .T. ) ;
#7218 = CARTESIAN_POINT ( 'NONE',  ( -5.875000000000000900, 0.3000000000000051500, 2.650000000000000400 ) ) ;
#7219 = EDGE_CURVE ( 'NONE', #563, #2218, #1919, .T. ) ;
#7220 = CARTESIAN_POINT ( 'NONE',  ( -4.230700334954884000, 1.694299665045115900, 1.290559990745417100 ) ) ;
#7221 = CARTESIAN_POINT ( 'NONE',  ( -0.7749999999999996900, 0.6000000000000007500, -2.449999999999999700 ) ) ;
#7222 = VECTOR ( 'NONE', #9649, 1000.000000000000000 ) ;
#7223 = VECTOR ( 'NONE', #5069, 1000.000000000000000 ) ;
#7224 = DIRECTION ( 'NONE',  ( 0.0000000000000000000, 0.0000000000000000000, -1.000000000000000000 ) ) ;
#7225 = DIRECTION ( 'NONE',  ( -1.000000000000000000, -0.0000000000000000000, -0.0000000000000000000 ) ) ;
#7226 = ORIENTED_EDGE ( 'NONE', *, *, #3933, .F. ) ;
#7227 = DIRECTION ( 'NONE',  ( -1.000000000000000000, 0.0000000000000000000, -1.146293045799652500E-016 ) ) ;
#7228 = EDGE_CURVE ( 'NONE', #8349, #2783, #9678, .T. ) ;
#7229 = VERTEX_POINT ( 'NONE', #9508 ) ;
#7230 = CARTESIAN_POINT ( 'NONE',  ( -5.274999999999999500, 0.5999999999999998700, -1.000000000000000900 ) ) ;
#7231 = DIRECTION ( 'NONE',  ( -1.000000000000000000, -0.0000000000000000000, -0.0000000000000000000 ) ) ;
#7232 = CARTESIAN_POINT ( 'NONE',  ( -5.674999999999999800, -4.336808689942017700E-016, -0.5999999999999998700 ) ) ;
#7233 = CARTESIAN_POINT ( 'NONE',  ( -4.224999999999999600, 0.0000000000000000000, -1.950000000000000800 ) ) ;
#7234 = VECTOR ( 'NONE', #5792, 1000.000000000000000 ) ;
#7235 = LINE ( 'NONE', #8983, #14 ) ;
#7236 = EDGE_CURVE ( 'NONE', #9002, #8653, #2869, .T. ) ;
#7237 = EDGE_CURVE ( 'NONE', #8858, #3814, #5433, .T. ) ;
#7238 = EDGE_CURVE ( 'NONE', #3561, #6891, #6030, .T. ) ;
#7239 = EDGE_LOOP ( 'NONE', ( #7296, #2686, #6758, #5271 ) ) ;
#7240 = DIRECTION ( 'NONE',  ( 1.000000000000000000, 0.0000000000000000000, 0.0000000000000000000 ) ) ;
#7241 = ORIENTED_EDGE ( 'NONE', *, *, #9115, .T. ) ;
#7242 = ORIENTED_EDGE ( 'NONE', *, *, #5903, .T. ) ;
#7243 = ADVANCED_FACE ( 'NONE', ( #9772 ), #6846, .T. ) ;
#7244 = EDGE_CURVE ( 'NONE', #7420, #2379, #6021, .T. ) ;
#7245 = VECTOR ( 'NONE', #8098, 1000.000000000000000 ) ;
#7246 = LINE ( 'NONE', #5183, #1602 ) ;
#7247 = AXIS2_PLACEMENT_3D ( 'NONE', #7472, #2135, #639 ) ;
#7248 =( NAMED_UNIT ( * ) PLANE_ANGLE_UNIT ( ) SI_UNIT ( $, .RADIAN. ) );
#7249 = VERTEX_POINT ( 'NONE', #4057 ) ;
#7250 = EDGE_LOOP ( 'NONE', ( #1180, #1616, #2247, #4851 ) ) ;
#7251 = ORIENTED_EDGE ( 'NONE', *, *, #1829, .T. ) ;
#7252 = ORIENTED_EDGE ( 'NONE', *, *, #8412, .T. ) ;
#7253 = CIRCLE ( 'NONE', #9634, 0.1000000000000000500 ) ;
#7254 = UNCERTAINTY_MEASURE_WITH_UNIT (LENGTH_MEASURE( 1.000000000000000100E-005 ), #7313, 'distance_accuracy_value', 'NONE');
#7255 = EDGE_CURVE ( 'NONE', #6176, #8262, #302, .T. ) ;
#7256 = CYLINDRICAL_SURFACE ( 'NONE', #675, 0.1000000000000000500 ) ;
#7257 = VECTOR ( 'NONE', #1288, 1000.000000000000000 ) ;
#7258 = DIRECTION ( 'NONE',  ( 0.0000000000000000000, 1.000000000000000000, 0.0000000000000000000 ) ) ;
#7259 = CARTESIAN_POINT ( 'NONE',  ( 5.874999999999999100, 3.000000000000000000, 1.700000000000000600 ) ) ;
#7260 = ORIENTED_EDGE ( 'NONE', *, *, #10012, .F. ) ;
#7261 = AXIS2_PLACEMENT_3D ( 'NONE', #5335, #5437, #3801 ) ;
#7262 = CARTESIAN_POINT ( 'NONE',  ( -2.024999999999999500, 1.250000000000000000, -2.449999999999999300 ) ) ;
#7263 = EDGE_LOOP ( 'NONE', ( #1041, #5029, #759, #192 ) ) ;
#7264 = VERTEX_POINT ( 'NONE', #3204 ) ;
#7265 = CARTESIAN_POINT ( 'NONE',  ( 7.575000000000000200, 0.2500000000000000000, -0.3500000000000000300 ) ) ;
#7266 = FACE_OUTER_BOUND ( 'NONE', #4511, .T. ) ;
#7267 = VECTOR ( 'NONE', #5918, 1000.000000000000000 ) ;
#7268 = PLANE ( 'NONE',  #5908 ) ;
#7269 = ADVANCED_FACE ( 'NONE', ( #901 ), #7080, .F. ) ;
#7270 = ORIENTED_EDGE ( 'NONE', *, *, #6994, .T. ) ;
#7271 = DIRECTION ( 'NONE',  ( -1.000000000000000000, 0.0000000000000000000, -1.146293045799652500E-016 ) ) ;
#7272 = DIRECTION ( 'NONE',  ( 0.0000000000000000000, 0.0000000000000000000, -1.000000000000000000 ) ) ;
#7273 = CARTESIAN_POINT ( 'NONE',  ( -2.024999999999999500, 1.700000000000000000, -1.000000000000000700 ) ) ;
#7274 = ORIENTED_EDGE ( 'NONE', *, *, #5796, .F. ) ;
#7275 = ORIENTED_EDGE ( 'NONE', *, *, #9552, .F. ) ;
#7276 = AXIS2_PLACEMENT_3D ( 'NONE', #4092, #4163, #8859 ) ;
#7277 = LINE ( 'NONE', #9536, #5619 ) ;
#7278 = FACE_OUTER_BOUND ( 'NONE', #663, .T. ) ;
#7279 = ORIENTED_EDGE ( 'NONE', *, *, #6171, .T. ) ;
#7280 = DIRECTION ( 'NONE',  ( 0.0000000000000000000, -0.0000000000000000000, 1.000000000000000000 ) ) ;
#7281 = VERTEX_POINT ( 'NONE', #9472 ) ;
#7282 = VERTEX_POINT ( 'NONE', #9378 ) ;
#7283 = DIRECTION ( 'NONE',  ( 0.0000000000000000000, 0.0000000000000000000, -1.000000000000000000 ) ) ;
#7284 = DIRECTION ( 'NONE',  ( -0.0000000000000000000, -0.0000000000000000000, -1.000000000000000000 ) ) ;
#7285 = DIRECTION ( 'NONE',  ( -1.000000000000000000, -0.0000000000000000000, -0.0000000000000000000 ) ) ;
#7286 = SURFACE_STYLE_USAGE ( .BOTH. , #4990 ) ;
#7287 = DIRECTION ( 'NONE',  ( 0.0000000000000000000, 0.0000000000000000000, -1.000000000000000000 ) ) ;
#7288 = VECTOR ( 'NONE', #7320, 1000.000000000000000 ) ;
#7289 = ORIENTED_EDGE ( 'NONE', *, *, #3131, .T. ) ;
#7290 = CLOSED_SHELL ( 'NONE', ( #812, #4077, #6704, #3539, #1133, #6362, #1240, #8502, #1771, #3884 ) ) ;
#7291 = AXIS2_PLACEMENT_3D ( 'NONE', #6687, #9984, #707 ) ;
#7292 = ORIENTED_EDGE ( 'NONE', *, *, #344, .F. ) ;
#7293 = ORIENTED_EDGE ( 'NONE', *, *, #7331, .F. ) ;
#7294 = AXIS2_PLACEMENT_3D ( 'NONE', #8200, #8863, #4269 ) ;
#7295 = CARTESIAN_POINT ( 'NONE',  ( -2.024999999999999500, 0.0000000000000000000, -1.950000000000000800 ) ) ;
#7296 = ORIENTED_EDGE ( 'NONE', *, *, #7649, .T. ) ;
#7297 = ADVANCED_FACE ( 'NONE', ( #1978 ), #3989, .T. ) ;
#7298 = CARTESIAN_POINT ( 'NONE',  ( 2.875000000000001800, 3.399999999999999900, 1.850000000000000500 ) ) ;
#7299 = CARTESIAN_POINT ( 'NONE',  ( -1.724999999999999600, 2.040000000000000000, -1.500000000000000700 ) ) ;
#7300 = FACE_OUTER_BOUND ( 'NONE', #2370, .T. ) ;
#7301 = VERTEX_POINT ( 'NONE', #105 ) ;
#7302 = DIRECTION ( 'NONE',  ( 0.0000000000000000000, 0.0000000000000000000, 1.000000000000000000 ) ) ;
#7303 = CYLINDRICAL_SURFACE ( 'NONE', #6894, 0.2999999999999997100 ) ;
#7304 = CARTESIAN_POINT ( 'NONE',  ( 3.275000000000000400, 2.140000000000000100, -1.400000000000000600 ) ) ;
#7305 = EDGE_CURVE ( 'NONE', #3926, #7061, #6204, .T. ) ;
#7306 = EDGE_CURVE ( 'NONE', #9289, #9870, #9695, .T. ) ;
#7307 = CARTESIAN_POINT ( 'NONE',  ( -4.524999999999999500, 1.250000000000000000, -2.449999999999999300 ) ) ;
#7308 = LINE ( 'NONE', #6319, #316 ) ;
#7309 = ORIENTED_EDGE ( 'NONE', *, *, #4705, .F. ) ;
#7310 = PLANE ( 'NONE',  #8382 ) ;
#7311 = ORIENTED_EDGE ( 'NONE', *, *, #2542, .T. ) ;
#7312 = EDGE_CURVE ( 'NONE', #8858, #673, #3747, .T. ) ;
#7313 =( LENGTH_UNIT ( ) NAMED_UNIT ( * ) SI_UNIT ( .MILLI., .METRE. ) );
#7314 = AXIS2_PLACEMENT_3D ( 'NONE', #3977, #9397, #9455 ) ;
#7315 = CARTESIAN_POINT ( 'NONE',  ( 4.225000000000001400, 0.9499999999999998400, -1.000000000000000700 ) ) ;
#7316 = LINE ( 'NONE', #1115, #3582 ) ;
#7317 = ORIENTED_EDGE ( 'NONE', *, *, #9416, .T. ) ;
#7318 = EDGE_CURVE ( 'NONE', #9448, #1239, #2757, .T. ) ;
#7319 =( NAMED_UNIT ( * ) SI_UNIT ( $, .STERADIAN. ) SOLID_ANGLE_UNIT ( ) );
#7320 = DIRECTION ( 'NONE',  ( -1.000000000000000000, -4.170008355713473900E-017, -0.0000000000000000000 ) ) ;
#7321 = EDGE_CURVE ( 'NONE', #7613, #864, #9884, .T. ) ;
#7322 = CARTESIAN_POINT ( 'NONE',  ( -0.7749999999999996900, 1.700000000000000000, 1.249999999999986000 ) ) ;
#7323 = DIRECTION ( 'NONE',  ( 0.0000000000000000000, -1.000000000000000000, -3.614007241618353200E-016 ) ) ;
#7324 = ADVANCED_FACE ( 'NONE', ( #9876 ), #264, .F. ) ;
#7325 = AXIS2_PLACEMENT_3D ( 'NONE', #1620, #2491, #7806 ) ;
#7326 = CIRCLE ( 'NONE', #5685, 0.2999999999999997100 ) ;
#7327 = VERTEX_POINT ( 'NONE', #8754 ) ;
#7328 = AXIS2_PLACEMENT_3D ( 'NONE', #4060, #6387, #3338 ) ;
#7329 = DIRECTION ( 'NONE',  ( -1.000000000000000000, -0.0000000000000000000, -0.0000000000000000000 ) ) ;
#7330 = PLANE ( 'NONE',  #3602 ) ;
#7331 = EDGE_CURVE ( 'NONE', #7301, #9798, #8507, .T. ) ;
#7332 = VECTOR ( 'NONE', #1819, 1000.000000000000000 ) ;
#7333 = DIRECTION ( 'NONE',  ( 1.000000000000000000, 0.0000000000000000000, -3.097720492815727200E-016 ) ) ;
#7334 = DIRECTION ( 'NONE',  ( -0.0000000000000000000, -0.0000000000000000000, -1.000000000000000000 ) ) ;
#7335 = ORIENTED_EDGE ( 'NONE', *, *, #429, .F. ) ;
#7336 = CARTESIAN_POINT ( 'NONE',  ( 0.7750000000000004700, 1.399999999999999700, -1.700000000000000800 ) ) ;
#7337 = FILL_AREA_STYLE_COLOUR ( '', #6907 ) ;
#7338 = AXIS2_PLACEMENT_3D ( 'NONE', #8724, #272, #1825 ) ;
#7339 = LINE ( 'NONE', #4708, #9915 ) ;
#7340 = DIRECTION ( 'NONE',  ( -0.0000000000000000000, -1.000000000000000000, -0.0000000000000000000 ) ) ;
#7341 = DIRECTION ( 'NONE',  ( -1.000000000000000000, 0.0000000000000000000, 0.0000000000000000000 ) ) ;
#7342 = CIRCLE ( 'NONE', #5354, 0.2999999999999997100 ) ;
#7343 = DIRECTION ( 'NONE',  ( 0.0000000000000000000, 1.000000000000000000, 0.0000000000000000000 ) ) ;
#7344 = LINE ( 'NONE', #9575, #8593 ) ;
#7345 = ORIENTED_EDGE ( 'NONE', *, *, #149, .F. ) ;
#7346 = FACE_OUTER_BOUND ( 'NONE', #1973, .T. ) ;
#7347 = CARTESIAN_POINT ( 'NONE',  ( 5.274999999999998600, 2.180000000000000200, 2.400000000000003000 ) ) ;
#7348 = ADVANCED_FACE ( 'NONE', ( #1251 ), #1816, .F. ) ;
#7349 = VECTOR ( 'NONE', #8494, 1000.000000000000000 ) ;
#7350 = CARTESIAN_POINT ( 'NONE',  ( -4.524999999999999500, 1.700000000000000000, 1.249999999999986000 ) ) ;
#7351 = VERTEX_POINT ( 'NONE', #2600 ) ;
#7352 = CARTESIAN_POINT ( 'NONE',  ( -0.4749999999999997600, 1.399999999999999700, -1.700000000000000800 ) ) ;
#7353 = AXIS2_PLACEMENT_3D ( 'NONE', #2717, #9760, #5058 ) ;
#7354 = CARTESIAN_POINT ( 'NONE',  ( -4.440675499178564900, 3.399999999999999900, 1.850000000000000500 ) ) ;
#7355 = ORIENTED_EDGE ( 'NONE', *, *, #5143, .F. ) ;
#7356 = CARTESIAN_POINT ( 'NONE',  ( -4.524999999999999500, 0.5000000000000000000, -2.550000000000000300 ) ) ;
#7357 = LINE ( 'NONE', #6729, #7843 ) ;
#7358 = DIRECTION ( 'NONE',  ( 0.0000000000000000000, 0.0000000000000000000, -1.000000000000000000 ) ) ;
#7359 = ORIENTED_EDGE ( 'NONE', *, *, #4437, .F. ) ;
#7360 = EDGE_CURVE ( 'NONE', #9528, #3579, #8722, .T. ) ;
#7361 = ORIENTED_EDGE ( 'NONE', *, *, #7963, .F. ) ;
#7362 = VERTEX_POINT ( 'NONE', #1882 ) ;
#7363 = EDGE_CURVE ( 'NONE', #8818, #3158, #7441, .T. ) ;
#7364 = LINE ( 'NONE', #1724, #4238 ) ;
#7365 = LINE ( 'NONE', #7488, #9225 ) ;
#7366 = EDGE_CURVE ( 'NONE', #4543, #3296, #257, .T. ) ;
#7367 = ORIENTED_EDGE ( 'NONE', *, *, #8239, .F. ) ;
#7368 = VERTEX_POINT ( 'NONE', #3365 ) ;
#7369 = DIRECTION ( 'NONE',  ( 1.000000000000000000, -0.0000000000000000000, 0.0000000000000000000 ) ) ;
#7370 = ADVANCED_FACE ( 'NONE', ( #6910 ), #1107, .F. ) ;
#7371 = ORIENTED_EDGE ( 'NONE', *, *, #6749, .T. ) ;
#7372 = VERTEX_POINT ( 'NONE', #4940 ) ;
#7373 = DIRECTION ( 'NONE',  ( 1.000000000000000000, 0.0000000000000000000, -0.0000000000000000000 ) ) ;
#7374 = DIRECTION ( 'NONE',  ( 0.0000000000000000000, -0.0000000000000000000, 1.000000000000000000 ) ) ;
#7375 = DIRECTION ( 'NONE',  ( -1.000000000000000000, -0.0000000000000000000, -0.0000000000000000000 ) ) ;
#7376 = LINE ( 'NONE', #8944, #5839 ) ;
#7377 = DIRECTION ( 'NONE',  ( 0.7071067811865430200, -0.7071067811865521200, 0.0000000000000000000 ) ) ;
#7378 = LINE ( 'NONE', #5753, #3164 ) ;
#7379 = EDGE_CURVE ( 'NONE', #5480, #7486, #1294, .T. ) ;
#7380 = CARTESIAN_POINT ( 'NONE',  ( -4.524999999999999500, 2.039999999999999100, -1.600000000000000800 ) ) ;
#7381 = VERTEX_POINT ( 'NONE', #301 ) ;
#7382 = EDGE_LOOP ( 'NONE', ( #9079, #1152, #9359, #6440 ) ) ;
#7383 = ORIENTED_EDGE ( 'NONE', *, *, #3501, .F. ) ;
#7384 = EDGE_CURVE ( 'NONE', #1870, #3702, #4646, .T. ) ;
#7385 = AXIS2_PLACEMENT_3D ( 'NONE', #8480, #9275, #3924 ) ;
#7386 = CARTESIAN_POINT ( 'NONE',  ( 0.4750000000000005900, 1.700000000000000000, 1.249999999999986000 ) ) ;
#7387 = DIRECTION ( 'NONE',  ( -0.0000000000000000000, -0.0000000000000000000, 1.000000000000000000 ) ) ;
#7388 = VECTOR ( 'NONE', #6569, 1000.000000000000000 ) ;
#7389 = CIRCLE ( 'NONE', #8685, 0.2999999999999997100 ) ;
#7390 = ORIENTED_EDGE ( 'NONE', *, *, #2091, .F. ) ;
#7391 = ORIENTED_EDGE ( 'NONE', *, *, #6068, .F. ) ;
#7392 = EDGE_CURVE ( 'NONE', #4534, #2775, #1131, .T. ) ;
#7393 = CARTESIAN_POINT ( 'NONE',  ( 3.275000000000000400, 0.0000000000000000000, -1.950000000000000800 ) ) ;
#7394 = ADVANCED_FACE ( 'NONE', ( #3183 ), #9259, .F. ) ;
#7395 = LINE ( 'NONE', #3651, #2945 ) ;
#7396 = CIRCLE ( 'NONE', #7107, 0.1000000000000000500 ) ;
#7397 = VECTOR ( 'NONE', #8669, 1000.000000000000000 ) ;
#7398 = ADVANCED_FACE ( 'NONE', ( #3545 ), #2996, .F. ) ;
#7399 = ORIENTED_EDGE ( 'NONE', *, *, #1570, .F. ) ;
#7400 = CARTESIAN_POINT ( 'NONE',  ( 7.575000000000000200, 0.2500000000000000000, -0.3500000000000000300 ) ) ;
#7401 = ORIENTED_EDGE ( 'NONE', *, *, #7693, .F. ) ;
#7402 = VERTEX_POINT ( 'NONE', #2834 ) ;
#7403 = PLANE ( 'NONE',  #4229 ) ;
#7404 = LINE ( 'NONE', #4339, #1397 ) ;
#7405 = CARTESIAN_POINT ( 'NONE',  ( -2.974999999999999200, 1.399999999999999700, -2.299999999999999800 ) ) ;
#7406 = CARTESIAN_POINT ( 'NONE',  ( -2.974999999999999200, 0.7999999999999998200, -1.550000000000000300 ) ) ;
#7407 = DIRECTION ( 'NONE',  ( 0.0000000000000000000, 1.000000000000000000, 4.015563601798170200E-016 ) ) ;
#7408 = ORIENTED_EDGE ( 'NONE', *, *, #9995, .T. ) ;
#7409 = VERTEX_POINT ( 'NONE', #7608 ) ;
#7410 = ORIENTED_EDGE ( 'NONE', *, *, #7836, .T. ) ;
#7411 = AXIS2_PLACEMENT_3D ( 'NONE', #3782, #1390, #3682 ) ;
#7412 = CARTESIAN_POINT ( 'NONE',  ( 3.275000000000000400, 1.399999999999999900, -2.299999999999999800 ) ) ;
#7413 = LINE ( 'NONE', #6911, #7062 ) ;
#7414 = LINE ( 'NONE', #6870, #2591 ) ;
#7415 = DIRECTION ( 'NONE',  ( 0.0000000000000000000, 0.0000000000000000000, 1.000000000000000000 ) ) ;
#7416 = EDGE_LOOP ( 'NONE', ( #9203, #1226, #4297, #4146 ) ) ;
#7417 = CARTESIAN_POINT ( 'NONE',  ( -5.674999999999999800, -4.336808689942017700E-016, -0.5999999999999998700 ) ) ;
#7418 = DIRECTION ( 'NONE',  ( -0.7071067811865521200, -0.7071067811865430200, 0.0000000000000000000 ) ) ;
#7419 = DIRECTION ( 'NONE',  ( -0.0000000000000000000, -0.0000000000000000000, -1.000000000000000000 ) ) ;
#7420 = VERTEX_POINT ( 'NONE', #580 ) ;
#7421 = VERTEX_POINT ( 'NONE', #4368 ) ;
#7422 = CARTESIAN_POINT ( 'NONE',  ( -7.374999999999998200, 0.8000000000000000400, -0.5499999999999997100 ) ) ;
#7423 = ADVANCED_FACE ( 'NONE', ( #8879 ), #4507, .F. ) ;
#7424 = FACE_OUTER_BOUND ( 'NONE', #6618, .T. ) ;
#7425 = ORIENTED_EDGE ( 'NONE', *, *, #3581, .T. ) ;
#7426 = EDGE_CURVE ( 'NONE', #1548, #8121, #1261, .T. ) ;
#7427 = LINE ( 'NONE', #9545, #2849 ) ;
#7428 = EDGE_LOOP ( 'NONE', ( #1811, #5039, #8522, #7155 ) ) ;
#7429 = DIRECTION ( 'NONE',  ( -0.0000000000000000000, 0.0000000000000000000, -1.000000000000000000 ) ) ;
#7430 = PRESENTATION_LAYER_ASSIGNMENT (  '', '', ( #8139 ) ) ;
#7431 = EDGE_CURVE ( 'NONE', #9371, #7420, #3420, .T. ) ;
#7432 = CARTESIAN_POINT ( 'NONE',  ( -5.874999999999999100, 3.399999999999999900, -1.550000000000000500 ) ) ;
#7433 = CYLINDRICAL_SURFACE ( 'NONE', #4200, 0.1000000000000000500 ) ;
#7434 = ORIENTED_EDGE ( 'NONE', *, *, #1880, .T. ) ;
#7435 = LINE ( 'NONE', #2882, #2847 ) ;
#7436 = EDGE_CURVE ( 'NONE', #6874, #9710, #3060, .T. ) ;
#7437 = VERTEX_POINT ( 'NONE', #3748 ) ;
#7438 = EDGE_CURVE ( 'NONE', #1763, #8008, #9489, .T. ) ;
#7439 = SURFACE_STYLE_FILL_AREA ( #3028 ) ;
#7440 = CARTESIAN_POINT ( 'NONE',  ( 5.875000000000000000, 0.2999999999999990500, 2.250000000000000400 ) ) ;
#7441 = LINE ( 'NONE', #5688, #188 ) ;
#7442 = ORIENTED_EDGE ( 'NONE', *, *, #1541, .F. ) ;
#7443 = EDGE_CURVE ( 'NONE', #4011, #3473, #9142, .T. ) ;
#7444 = CARTESIAN_POINT ( 'NONE',  ( 3.585000000000000400, 0.5999999999999998700, 1.250000000000000700 ) ) ;
#7445 = ADVANCED_FACE ( 'NONE', ( #7045 ), #7157, .T. ) ;
#7446 = LINE ( 'NONE', #9875, #335 ) ;
#7447 = FACE_OUTER_BOUND ( 'NONE', #7839, .T. ) ;
#7448 = VERTEX_POINT ( 'NONE', #5997 ) ;
#7449 = CARTESIAN_POINT ( 'NONE',  ( -2.974999999999999200, 1.700000000000000000, -1.000000000000000700 ) ) ;
#7450 = EDGE_CURVE ( 'NONE', #40, #2065, #4770, .T. ) ;
#7451 = DIRECTION ( 'NONE',  ( -3.614007241618338400E-016, -1.000000000000000000, 0.0000000000000000000 ) ) ;
#7452 = AXIS2_PLACEMENT_3D ( 'NONE', #6345, #2459, #8620 ) ;
#7453 = LINE ( 'NONE', #5771, #9917 ) ;
#7454 = CARTESIAN_POINT ( 'NONE',  ( 5.204999999999999200, 0.2999999999999991600, -1.550000000000000300 ) ) ;
#7455 = LINE ( 'NONE', #1991, #9797 ) ;
#7456 = ORIENTED_EDGE ( 'NONE', *, *, #8752, .F. ) ;
#7457 = DIRECTION ( 'NONE',  ( 0.0000000000000000000, 0.0000000000000000000, 1.000000000000000000 ) ) ;
#7458 = DIRECTION ( 'NONE',  ( 1.000000000000000000, -0.0000000000000000000, 0.0000000000000000000 ) ) ;
#7459 = CARTESIAN_POINT ( 'NONE',  ( -0.7749999999999996900, 2.140000000000000100, -1.500000000000000000 ) ) ;
#7460 = DIRECTION ( 'NONE',  ( -1.000000000000000000, -0.0000000000000000000, -0.0000000000000000000 ) ) ;
#7461 = VECTOR ( 'NONE', #7258, 1000.000000000000000 ) ;
#7462 = CARTESIAN_POINT ( 'NONE',  ( 0.0000000000000000000, 0.0000000000000000000, -0.5499999999999997100 ) ) ;
#7463 = ORIENTED_EDGE ( 'NONE', *, *, #610, .T. ) ;
#7464 = ORIENTED_EDGE ( 'NONE', *, *, #5796, .T. ) ;
#7465 = AXIS2_PLACEMENT_3D ( 'NONE', #1283, #7500, #496 ) ;
#7466 = ADVANCED_FACE ( 'NONE', ( #2709 ), #9149, .F. ) ;
#7467 = DIRECTION ( 'NONE',  ( -1.000000000000000000, -0.0000000000000000000, -0.0000000000000000000 ) ) ;
#7468 = DIRECTION ( 'NONE',  ( -0.0000000000000000000, -0.0000000000000000000, -1.000000000000000000 ) ) ;
#7469 = DIRECTION ( 'NONE',  ( 0.0000000000000000000, -3.614007241618353200E-016, 1.000000000000000000 ) ) ;
#7470 = LINE ( 'NONE', #7607, #1806 ) ;
#7471 = FACE_OUTER_BOUND ( 'NONE', #5429, .T. ) ;
#7472 = CARTESIAN_POINT ( 'NONE',  ( -4.524999999999999500, 1.700000000000000000, 3.457774721070176100 ) ) ;
#7473 = CARTESIAN_POINT ( 'NONE',  ( 2.975000000000000100, 1.700000000000000000, 3.457774721070176100 ) ) ;
#7474 = ORIENTED_EDGE ( 'NONE', *, *, #3501, .T. ) ;
#7475 = CARTESIAN_POINT ( 'NONE',  ( -0.4749999999999997600, 0.5000000000000000000, -1.550000000000000300 ) ) ;
#7476 = ORIENTED_EDGE ( 'NONE', *, *, #5469, .F. ) ;
#7477 = CIRCLE ( 'NONE', #2173, 0.2999999999999990500 ) ;
#7478 = VECTOR ( 'NONE', #9697, 1000.000000000000000 ) ;
#7479 = CARTESIAN_POINT ( 'NONE',  ( -6.274999999999998600, 7.960204194457805300E-017, 1.850000000000000100 ) ) ;
#7480 = CARTESIAN_POINT ( 'NONE',  ( -0.4749999999999997600, 2.140000000000000100, -1.500000000000000000 ) ) ;
#7481 = AXIS2_PLACEMENT_3D ( 'NONE', #6455, #312, #3346 ) ;
#7482 = DIRECTION ( 'NONE',  ( -1.000000000000000000, -0.0000000000000000000, -0.0000000000000000000 ) ) ;
#7483 = CARTESIAN_POINT ( 'NONE',  ( 5.274999999999998600, 0.5999999999999998700, -12.21954250419119600 ) ) ;
#7484 = EDGE_LOOP ( 'NONE', ( #3711, #1419, #522, #989 ) ) ;
#7485 = AXIS2_PLACEMENT_3D ( 'NONE', #7840, #3978, #123 ) ;
#7486 = VERTEX_POINT ( 'NONE', #8411 ) ;
#7487 = VERTEX_POINT ( 'NONE', #4447 ) ;
#7488 = CARTESIAN_POINT ( 'NONE',  ( 0.7750000000000004700, 0.1000000000000000300, -2.649999999999999900 ) ) ;
#7489 = VECTOR ( 'NONE', #380, 1000.000000000000000 ) ;
#7490 = LINE ( 'NONE', #6712, #4005 ) ;
#7491 = DIRECTION ( 'NONE',  ( 0.0000000000000000000, 0.0000000000000000000, 1.000000000000000000 ) ) ;
#7492 = ORIENTED_EDGE ( 'NONE', *, *, #5469, .T. ) ;
#7493 = EDGE_CURVE ( 'NONE', #6187, #7089, #8750, .T. ) ;
#7494 = EDGE_CURVE ( 'NONE', #4063, #3572, #5135, .T. ) ;
#7495 = ADVANCED_FACE ( 'NONE', ( #1388 ), #1459, .F. ) ;
#7496 = ORIENTED_EDGE ( 'NONE', *, *, #2346, .T. ) ;
#7497 = CARTESIAN_POINT ( 'NONE',  ( 0.7750000000000004700, 0.1000000000000000300, -2.649999999999999900 ) ) ;
#7498 = ORIENTED_EDGE ( 'NONE', *, *, #5661, .F. ) ;
#7499 = VERTEX_POINT ( 'NONE', #6820 ) ;
#7500 = DIRECTION ( 'NONE',  ( -1.000000000000000000, -0.0000000000000000000, -0.0000000000000000000 ) ) ;
#7501 = VECTOR ( 'NONE', #4244, 1000.000000000000000 ) ;
#7502 = PLANE ( 'NONE',  #905 ) ;
#7503 = EDGE_CURVE ( 'NONE', #6133, #4312, #6686, .T. ) ;
#7504 = LINE ( 'NONE', #4395, #4874 ) ;
#7505 = LINE ( 'NONE', #5684, #986 ) ;
#7506 = AXIS2_PLACEMENT_3D ( 'NONE', #960, #6372, #8738 ) ;
#7507 = DIRECTION ( 'NONE',  ( 0.0000000000000000000, 1.000000000000000000, 5.421010862427532000E-016 ) ) ;
#7508 = DIRECTION ( 'NONE',  ( -1.000000000000000000, 0.0000000000000000000, 0.0000000000000000000 ) ) ;
#7509 = ORIENTED_EDGE ( 'NONE', *, *, #6326, .F. ) ;
#7510 = ORIENTED_EDGE ( 'NONE', *, *, #1249, .F. ) ;
#7511 = DIRECTION ( 'NONE',  ( 0.0000000000000000000, 0.0000000000000000000, -1.000000000000000000 ) ) ;
#7512 = DIRECTION ( 'NONE',  ( 0.0000000000000000000, -1.000000000000000000, -5.421010862427532000E-016 ) ) ;
#7513 = EDGE_CURVE ( 'NONE', #7486, #3572, #7395, .T. ) ;
#7514 = LINE ( 'NONE', #3601, #1966 ) ;
#7516 = CARTESIAN_POINT ( 'NONE',  ( -0.4749999999999997600, 1.250000000000000000, -2.449999999999999300 ) ) ;
#7515 = VECTOR ( 'NONE', #1100, 1000.000000000000000 ) ;
#7517 = EDGE_LOOP ( 'NONE', ( #8281, #7154, #4783, #3312, #7058, #7798, #3331 ) ) ;
#7518 = ORIENTED_EDGE ( 'NONE', *, *, #9346, .F. ) ;
#7519 = EDGE_LOOP ( 'NONE', ( #8618, #1596, #9279, #1920 ) ) ;
#7520 = AXIS2_PLACEMENT_3D ( 'NONE', #2309, #6202, #9918 ) ;
#7521 = CARTESIAN_POINT ( 'NONE',  ( -0.4749999999999997600, 1.500000000000000000, -1.600000000000000800 ) ) ;
#7522 = DIRECTION ( 'NONE',  ( -1.000000000000000000, -0.0000000000000000000, -0.0000000000000000000 ) ) ;
#7523 =( NAMED_UNIT ( * ) SI_UNIT ( $, .STERADIAN. ) SOLID_ANGLE_UNIT ( ) );
#7524 = DIRECTION ( 'NONE',  ( 0.0000000000000000000, 1.000000000000000000, -7.228014483236719200E-016 ) ) ;
#7525 = VECTOR ( 'NONE', #2940, 1000.000000000000000 ) ;
#7526 = ORIENTED_EDGE ( 'NONE', *, *, #3767, .F. ) ;
#7527 = EDGE_CURVE ( 'NONE', #8621, #1895, #1007, .T. ) ;
#7528 = DIRECTION ( 'NONE',  ( 0.0000000000000000000, 1.000000000000000000, 4.015563601798170200E-016 ) ) ;
#7529 = EDGE_LOOP ( 'NONE', ( #9968, #2743, #915, #2068 ) ) ;
#7530 = ORIENTED_EDGE ( 'NONE', *, *, #1249, .T. ) ;
#7531 = CARTESIAN_POINT ( 'NONE',  ( 2.025000000000000800, 1.500000000000000000, -1.600000000000001000 ) ) ;
#7532 = PLANE ( 'NONE',  #6060 ) ;
#7533 = PRESENTATION_LAYER_ASSIGNMENT (  '', '', ( #4118 ) ) ;
#7534 = LINE ( 'NONE', #4204, #5755 ) ;
#7535 = CARTESIAN_POINT ( 'NONE',  ( -2.024999999999999500, 0.5000000000000000000, -1.550000000000000300 ) ) ;
#7536 = ORIENTED_EDGE ( 'NONE', *, *, #8011, .F. ) ;
#7537 = DIRECTION ( 'NONE',  ( -0.0000000000000000000, 0.0000000000000000000, 1.000000000000000000 ) ) ;
#7538 = CARTESIAN_POINT ( 'NONE',  ( 4.225000000000001400, 0.9499999999999998400, 3.457774721070176100 ) ) ;
#7539 = ORIENTED_EDGE ( 'NONE', *, *, #5856, .F. ) ;
#7540 = ORIENTED_EDGE ( 'NONE', *, *, #1758, .F. ) ;
#7541 = CARTESIAN_POINT ( 'NONE',  ( 3.275000000000000400, 1.250000000000000000, -2.449999999999999300 ) ) ;
#7542 = ORIENTED_EDGE ( 'NONE', *, *, #7756, .F. ) ;
#7543 = CARTESIAN_POINT ( 'NONE',  ( 5.674999999999999800, -5.755839955992548600E-017, -1.550000000000000300 ) ) ;
#7544 = CARTESIAN_POINT ( 'NONE',  ( -5.874999999999999100, 1.615675499178565100, 1.850000000000000500 ) ) ;
#7545 = CARTESIAN_POINT ( 'NONE',  ( -0.7749999999999996900, 1.500000000000000000, -1.700000000000000800 ) ) ;
#7546 = EDGE_CURVE ( 'NONE', #7857, #5854, #4885, .T. ) ;
#7547 = LINE ( 'NONE', #4888, #7908 ) ;
#7548 = ORIENTED_EDGE ( 'NONE', *, *, #3422, .F. ) ;
#7549 = CARTESIAN_POINT ( 'NONE',  ( 4.525000000000001200, 0.4000000000000001900, -2.550000000000000300 ) ) ;
#7550 = CIRCLE ( 'NONE', #4185, 0.1000000000000002600 ) ;
#7551 = AXIS2_PLACEMENT_3D ( 'NONE', #9137, #723, #5376 ) ;
#7552 = ADVANCED_FACE ( 'NONE', ( #5383 ), #833, .F. ) ;
#7553 = CARTESIAN_POINT ( 'NONE',  ( -4.224999999999999600, 0.9499999999999998400, 3.457774721070176100 ) ) ;
#7554 = VECTOR ( 'NONE', #3985, 1000.000000000000000 ) ;
#7555 = VERTEX_POINT ( 'NONE', #32 ) ;
#7556 = LINE ( 'NONE', #5634, #8779 ) ;
#7557 = EDGE_LOOP ( 'NONE', ( #7866, #8189, #6080, #3159 ) ) ;
#7558 = CARTESIAN_POINT ( 'NONE',  ( -0.4749999999999997600, 0.7999999999999998200, -1.550000000000000300 ) ) ;
#7559 = DIRECTION ( 'NONE',  ( -0.9902680687415708100, -0.0000000000000000000, -0.1391731009600621100 ) ) ;
#7560 = ORIENTED_EDGE ( 'NONE', *, *, #1509, .T. ) ;
#7561 = EDGE_CURVE ( 'NONE', #4134, #6118, #3294, .T. ) ;
#7562 = LINE ( 'NONE', #7412, #2978 ) ;
#7563 = ORIENTED_EDGE ( 'NONE', *, *, #9535, .T. ) ;
#7564 = CARTESIAN_POINT ( 'NONE',  ( -5.674999999999999800, 0.2999999999999991600, -1.550000000000000300 ) ) ;
#7565 = EDGE_CURVE ( 'NONE', #7421, #664, #6567, .T. ) ;
#7566 = CARTESIAN_POINT ( 'NONE',  ( 5.674999999999999800, 0.2999999999999991600, -1.550000000000000300 ) ) ;
#7567 = DIRECTION ( 'NONE',  ( -1.000000000000000000, -0.0000000000000000000, 0.0000000000000000000 ) ) ;
#7568 = VECTOR ( 'NONE', #6680, 1000.000000000000000 ) ;
#7569 = FACE_OUTER_BOUND ( 'NONE', #7165, .T. ) ;
#7570 = ORIENTED_EDGE ( 'NONE', *, *, #2047, .F. ) ;
#7571 = EDGE_CURVE ( 'NONE', #3753, #3905, #7877, .T. ) ;
#7572 = DIRECTION ( 'NONE',  ( 0.0000000000000000000, 0.0000000000000000000, 1.000000000000000000 ) ) ;
#7573 = CARTESIAN_POINT ( 'NONE',  ( 4.225000000000001400, 1.500000000000000000, -1.600000000000000800 ) ) ;
#7574 = DIRECTION ( 'NONE',  ( -0.7071067811865483500, 0.7071067811865466800, 0.0000000000000000000 ) ) ;
#7575 = LINE ( 'NONE', #3966, #6988 ) ;
#7576 = CARTESIAN_POINT ( 'NONE',  ( -0.7749999999999996900, 1.700000000000000000, 3.457774721070176100 ) ) ;
#7577 = AXIS2_PLACEMENT_3D ( 'NONE', #4026, #5652, #2570 ) ;
#7578 = DIRECTION ( 'NONE',  ( -0.0000000000000000000, 1.000000000000000000, -0.0000000000000000000 ) ) ;
#7579 = ORIENTED_EDGE ( 'NONE', *, *, #5645, .F. ) ;
#7580 = AXIS2_PLACEMENT_3D ( 'NONE', #2483, #150, #988 ) ;
#7581 = DIRECTION ( 'NONE',  ( -0.0000000000000000000, -0.0000000000000000000, -1.000000000000000000 ) ) ;
#7582 = CARTESIAN_POINT ( 'NONE',  ( -3.885000000000000200, 0.5999999999999998700, 2.650000000000000800 ) ) ;
#7583 = EDGE_CURVE ( 'NONE', #1830, #4125, #2578, .T. ) ;
#7584 = LINE ( 'NONE', #4307, #112 ) ;
#7585 = CARTESIAN_POINT ( 'NONE',  ( -5.875000000000000000, 0.2999999999999990500, 2.250000000000000400 ) ) ;
#7586 = DIRECTION ( 'NONE',  ( 0.0000000000000000000, -6.672013369141573100E-016, 1.000000000000000000 ) ) ;
#7587 = VECTOR ( 'NONE', #6284, 1000.000000000000000 ) ;
#7588 = EDGE_LOOP ( 'NONE', ( #3400, #383, #2442, #6954, #6461, #1985, #7136, #4278, #7978, #3717, #4613, #3976, #9153, #4639, #9349, #3528, #7098 ) ) ;
#7589 = CARTESIAN_POINT ( 'NONE',  ( 3.275000000000000400, 0.9499999999999998400, -1.000000000000000700 ) ) ;
#7590 = CARTESIAN_POINT ( 'NONE',  ( 3.885000000000000200, 0.5999999999999998700, 1.250000000000000700 ) ) ;
#7591 = CARTESIAN_POINT ( 'NONE',  ( 0.7750000000000004700, 1.500000000000000000, -1.600000000000001000 ) ) ;
#7592 = AXIS2_PLACEMENT_3D ( 'NONE', #5020, #9717, #7287 ) ;
#7593 = LINE ( 'NONE', #963, #6995 ) ;
#7594 = ORIENTED_EDGE ( 'NONE', *, *, #4686, .F. ) ;
#7595 = ORIENTED_EDGE ( 'NONE', *, *, #5417, .T. ) ;
#7596 = ADVANCED_FACE ( 'NONE', ( #9005 ), #868, .F. ) ;
#7597 = DIRECTION ( 'NONE',  ( 0.0000000000000000000, -0.0000000000000000000, -1.000000000000000000 ) ) ;
#7598 = VECTOR ( 'NONE', #504, 1000.000000000000000 ) ;
#7600 = CARTESIAN_POINT ( 'NONE',  ( -3.274999999999999500, 1.700000000000000000, -1.000000000000000700 ) ) ;
#7599 = LINE ( 'NONE', #5235, #8085 ) ;
#7601 = ORIENTED_EDGE ( 'NONE', *, *, #7825, .T. ) ;
#7602 = CARTESIAN_POINT ( 'NONE',  ( -4.285000000000000100, 0.5999999999999998700, 6.505213034913026600E-016 ) ) ;
#7603 = AXIS2_PLACEMENT_3D ( 'NONE', #9648, #1854, #1144 ) ;
#7604 = VERTEX_POINT ( 'NONE', #2299 ) ;
#7605 = ORIENTED_EDGE ( 'NONE', *, *, #596, .F. ) ;
#7606 = PLANE ( 'NONE',  #696 ) ;
#7607 = CARTESIAN_POINT ( 'NONE',  ( -3.274999999999999500, 1.700000000000000000, 1.249999999999986000 ) ) ;
#7608 = CARTESIAN_POINT ( 'NONE',  ( -2.024999999999999500, 1.500000000000000000, -1.600000000000000800 ) ) ;
#7609 = DIRECTION ( 'NONE',  ( 1.000000000000000000, 0.0000000000000000000, 0.0000000000000000000 ) ) ;
#7610 = VECTOR ( 'NONE', #3865, 1000.000000000000000 ) ;
#7611 = LINE ( 'NONE', #5549, #8493 ) ;
#7612 = ORIENTED_EDGE ( 'NONE', *, *, #7494, .T. ) ;
#7613 = VERTEX_POINT ( 'NONE', #4729 ) ;
#7614 = ORIENTED_EDGE ( 'NONE', *, *, #941, .T. ) ;
#7615 = ORIENTED_EDGE ( 'NONE', *, *, #4974, .F. ) ;
#7616 = DIRECTION ( 'NONE',  ( -0.0000000000000000000, -1.000000000000000000, -0.0000000000000000000 ) ) ;
#7617 = VECTOR ( 'NONE', #4853, 1000.000000000000000 ) ;
#7618 = DIRECTION ( 'NONE',  ( -1.000000000000000000, -0.0000000000000000000, 0.0000000000000000000 ) ) ;
#7619 = DIRECTION ( 'NONE',  ( -0.0000000000000000000, -1.000000000000000000, -0.0000000000000000000 ) ) ;
#7620 = LINE ( 'NONE', #2002, #7245 ) ;
#7621 = LINE ( 'NONE', #5251, #9604 ) ;
#7622 = DIRECTION ( 'NONE',  ( -1.000000000000000000, -0.0000000000000000000, -0.0000000000000000000 ) ) ;
#7623 = EDGE_LOOP ( 'NONE', ( #3671, #8211, #8733, #8035 ) ) ;
#7624 = ORIENTED_EDGE ( 'NONE', *, *, #9411, .F. ) ;
#7625 = EDGE_LOOP ( 'NONE', ( #4259, #9873, #3772, #3514 ) ) ;
#7626 = DIRECTION ( 'NONE',  ( -1.000000000000000000, -0.0000000000000000000, -0.0000000000000000000 ) ) ;
#7627 = EDGE_CURVE ( 'NONE', #5301, #9619, #4039, .T. ) ;
#7628 = VECTOR ( 'NONE', #6470, 1000.000000000000000 ) ;
#7629 = VECTOR ( 'NONE', #799, 1000.000000000000000 ) ;
#7630 = EDGE_CURVE ( 'NONE', #8198, #4264, #8642, .T. ) ;
#7631 = CARTESIAN_POINT ( 'NONE',  ( 4.225000000000001400, 1.399999999999999900, -2.299999999999999800 ) ) ;
#7632 = VERTEX_POINT ( 'NONE', #3955 ) ;
#7633 = ORIENTED_EDGE ( 'NONE', *, *, #3119, .F. ) ;
#7634 = FILL_AREA_STYLE_COLOUR ( '', #2336 ) ;
#7635 = CARTESIAN_POINT ( 'NONE',  ( 5.204999999999999200, 0.2999999999999991600, -1.550000000000000300 ) ) ;
#7636 = EDGE_CURVE ( 'NONE', #2605, #4543, #2818, .T. ) ;
#7637 = MECHANICAL_DESIGN_GEOMETRIC_PRESENTATION_REPRESENTATION (  '', ( #9362 ), #1056 ) ;
#7638 = CARTESIAN_POINT ( 'NONE',  ( 0.4750000000000005900, 0.6000000000000007500, -2.449999999999999700 ) ) ;
#7639 = FACE_OUTER_BOUND ( 'NONE', #4446, .T. ) ;
#7640 = VECTOR ( 'NONE', #5752, 1000.000000000000000 ) ;
#7641 = CARTESIAN_POINT ( 'NONE',  ( -4.524999999999999500, 0.7999999999999999300, -1.400000000000000600 ) ) ;
#7642 = CARTESIAN_POINT ( 'NONE',  ( 2.025000000000000800, 0.4000000000000001900, -2.649999999999999900 ) ) ;
#7643 = SURFACE_SIDE_STYLE ('',( #7439 ) ) ;
#7644 = ORIENTED_EDGE ( 'NONE', *, *, #1759, .T. ) ;
#7645 = DIRECTION ( 'NONE',  ( -1.000000000000000000, 0.0000000000000000000, -0.0000000000000000000 ) ) ;
#7646 = FILL_AREA_STYLE ('',( #2271 ) ) ;
#7647 = EDGE_LOOP ( 'NONE', ( #2124, #6466, #8280, #8638 ) ) ;
#7648 = ORIENTED_EDGE ( 'NONE', *, *, #5803, .F. ) ;
#7649 = EDGE_CURVE ( 'NONE', #6031, #2339, #4412, .T. ) ;
#7650 = PLANE ( 'NONE',  #2450 ) ;
#7651 = VECTOR ( 'NONE', #6591, 1000.000000000000000 ) ;
#7652 = VERTEX_POINT ( 'NONE', #6157 ) ;
#7653 = DIRECTION ( 'NONE',  ( 0.0000000000000000000, 0.9902680687415708100, -0.1391731009600621100 ) ) ;
#7654 = CLOSED_SHELL ( 'NONE', ( #1105, #7977, #3355, #4283, #7010, #733, #557, #5128, #9569, #5496, #4322, #7445, #7153, #3593, #7905, #5658, #4152, #7297, #954 ) ) ;
#7655 = DIRECTION ( 'NONE',  ( -1.000000000000000000, -0.0000000000000000000, -0.0000000000000000000 ) ) ;
#7656 = DIRECTION ( 'NONE',  ( 0.0000000000000000000, -1.000000000000000000, -6.672013369141573100E-016 ) ) ;
#7657 = ORIENTED_EDGE ( 'NONE', *, *, #2244, .F. ) ;
#7658 = EDGE_LOOP ( 'NONE', ( #4065, #3768, #6474, #9754 ) ) ;
#7659 = CARTESIAN_POINT ( 'NONE',  ( -3.274999999999999500, 0.9499999999999998400, 1.249999999999986000 ) ) ;
#7660 = CARTESIAN_POINT ( 'NONE',  ( 4.525000000000001200, 0.1000000000000007100, -1.850000000000000100 ) ) ;
#7661 = CIRCLE ( 'NONE', #7925, 0.2999999999999997100 ) ;
#7662 = ADVANCED_FACE ( 'NONE', ( #5857 ), #5425, .F. ) ;
#7663 = ORIENTED_EDGE ( 'NONE', *, *, #3230, .T. ) ;
#7664 = CARTESIAN_POINT ( 'NONE',  ( -4.624999999999999100, 1.615675499178565100, 1.850000000000000500 ) ) ;
#7665 = ORIENTED_EDGE ( 'NONE', *, *, #2505, .F. ) ;
#7666 = AXIS2_PLACEMENT_3D ( 'NONE', #5281, #7537, #8326 ) ;
#7667 = VECTOR ( 'NONE', #1415, 1000.000000000000000 ) ;
#7668 = EDGE_LOOP ( 'NONE', ( #1275, #6356, #9713, #8347 ) ) ;
#7669 = CARTESIAN_POINT ( 'NONE',  ( -3.185000000000000500, 0.5999999999999998700, 1.250000000000000700 ) ) ;
#7670 = VECTOR ( 'NONE', #2602, 1000.000000000000000 ) ;
#7671 = ORIENTED_EDGE ( 'NONE', *, *, #1903, .T. ) ;
#7672 =( NAMED_UNIT ( * ) SI_UNIT ( $, .STERADIAN. ) SOLID_ANGLE_UNIT ( ) );
#7673 = DIRECTION ( 'NONE',  ( 0.0000000000000000000, 0.0000000000000000000, -1.000000000000000000 ) ) ;
#7674 = ORIENTED_EDGE ( 'NONE', *, *, #4569, .F. ) ;
#7675 = CARTESIAN_POINT ( 'NONE',  ( 2.975000000000000100, 1.700000000000000000, 1.249999999999986000 ) ) ;
#7676 = DIRECTION ( 'NONE',  ( -0.0000000000000000000, -0.0000000000000000000, -1.000000000000000000 ) ) ;
#7677 = CYLINDRICAL_SURFACE ( 'NONE', #1077, 0.1000000000000000500 ) ;
#7678 = ORIENTED_EDGE ( 'NONE', *, *, #1042, .F. ) ;
#7679 = DIRECTION ( 'NONE',  ( -1.000000000000000000, -0.0000000000000000000, -0.0000000000000000000 ) ) ;
#7680 = CARTESIAN_POINT ( 'NONE',  ( -3.274999999999999500, 0.1000000000000007100, -1.850000000000000100 ) ) ;
#7681 = VECTOR ( 'NONE', #5047, 1000.000000000000000 ) ;
#7682 = AXIS2_PLACEMENT_3D ( 'NONE', #912, #3990, #9475 ) ;
#7683 = VERTEX_POINT ( 'NONE', #805 ) ;
#7684 = CARTESIAN_POINT ( 'NONE',  ( 4.525000000000001200, 0.5000000000000000000, -1.550000000000000300 ) ) ;
#7685 = LINE ( 'NONE', #9272, #6149 ) ;
#7686 = CARTESIAN_POINT ( 'NONE',  ( 4.525000000000001200, 1.700000000000000000, 3.457774721070176100 ) ) ;
#7687 = VECTOR ( 'NONE', #9739, 1000.000000000000000 ) ;
#7688 = VERTEX_POINT ( 'NONE', #9369 ) ;
#7689 = DIRECTION ( 'NONE',  ( 0.0000000000000000000, -6.672013369141573100E-016, 1.000000000000000000 ) ) ;
#7690 = DIRECTION ( 'NONE',  ( -0.0000000000000000000, 0.0000000000000000000, -1.000000000000000000 ) ) ;
#7691 = EDGE_CURVE ( 'NONE', #8018, #4268, #4280, .T. ) ;
#7692 = EDGE_CURVE ( 'NONE', #2452, #8725, #2232, .T. ) ;
#7693 = EDGE_CURVE ( 'NONE', #1562, #4041, #9975, .T. ) ;
#7694 = COLOUR_RGB ( '',0.7921568627450980000, 0.8196078431372548800, 0.9333333333333333500 ) ;
#7695 = VECTOR ( 'NONE', #8481, 1000.000000000000000 ) ;
#7696 = VERTEX_POINT ( 'NONE', #6222 ) ;
#7697 = EDGE_CURVE ( 'NONE', #7704, #6778, #164, .T. ) ;
#7698 = DIRECTION ( 'NONE',  ( -1.000000000000000000, 0.0000000000000000000, -0.0000000000000000000 ) ) ;
#7699 = LINE ( 'NONE', #7009, #1194 ) ;
#7700 = DIRECTION ( 'NONE',  ( -1.000000000000000000, 0.0000000000000000000, 0.0000000000000000000 ) ) ;
#7701 = LINE ( 'NONE', #3696, #5679 ) ;
#7702 = DIRECTION ( 'NONE',  ( -1.000000000000000000, 0.0000000000000000000, -0.0000000000000000000 ) ) ;
#7703 = CIRCLE ( 'NONE', #7592, 0.2999999999999997100 ) ;
#7704 = VERTEX_POINT ( 'NONE', #8652 ) ;
#7705 = EDGE_CURVE ( 'NONE', #1860, #4245, #5269, .T. ) ;
#7706 = CARTESIAN_POINT ( 'NONE',  ( -3.274999999999999500, 0.9499999999999998400, 1.249999999999986000 ) ) ;
#7707 = DIRECTION ( 'NONE',  ( 0.0000000000000000000, 0.0000000000000000000, -1.000000000000000000 ) ) ;
#7708 = DIRECTION ( 'NONE',  ( 0.0000000000000000000, 0.0000000000000000000, 1.000000000000000000 ) ) ;
#7709 = LINE ( 'NONE', #5742, #7461 ) ;
#7710 = ADVANCED_FACE ( 'NONE', ( #7639 ), #4049, .F. ) ;
#7711 = AXIS2_PLACEMENT_3D ( 'NONE', #5124, #6627, #8937 ) ;
#7712 = DIRECTION ( 'NONE',  ( -1.000000000000000000, 0.0000000000000000000, -0.0000000000000000000 ) ) ;
#7713 = AXIS2_PLACEMENT_3D ( 'NONE', #3325, #254, #222 ) ;
#7714 = ORIENTED_EDGE ( 'NONE', *, *, #473, .F. ) ;
#7715 = ORIENTED_EDGE ( 'NONE', *, *, #8749, .F. ) ;
#7717 = VECTOR ( 'NONE', #1321, 1000.000000000000000 ) ;
#7716 = DIRECTION ( 'NONE',  ( -1.000000000000000000, -0.0000000000000000000, -0.0000000000000000000 ) ) ;
#7718 = FACE_OUTER_BOUND ( 'NONE', #6422, .T. ) ;
#7719 = EDGE_CURVE ( 'NONE', #8818, #2409, #7277, .T. ) ;
#7720 = PLANE ( 'NONE',  #4508 ) ;
#7721 = VERTEX_POINT ( 'NONE', #9500 ) ;
#7722 = EDGE_LOOP ( 'NONE', ( #2598, #410, #638, #8909 ) ) ;
#7723 = LINE ( 'NONE', #8959, #7598 ) ;
#7724 = LINE ( 'NONE', #4527, #1580 ) ;
#7725 = CARTESIAN_POINT ( 'NONE',  ( -4.224999999999999600, 2.140000000000000100, -1.500000000000000000 ) ) ;
#7726 = CARTESIAN_POINT ( 'NONE',  ( 1.725000000000000800, 1.700000000000000000, 1.249999999999986000 ) ) ;
#7727 = DIRECTION ( 'NONE',  ( -1.000000000000000000, -1.162683294890621800E-016, 0.0000000000000000000 ) ) ;
#7728 = ORIENTED_EDGE ( 'NONE', *, *, #7691, .T. ) ;
#7729 = DIRECTION ( 'NONE',  ( 0.0000000000000000000, 0.0000000000000000000, 1.000000000000000000 ) ) ;
#7730 = ORIENTED_EDGE ( 'NONE', *, *, #8299, .F. ) ;
#7731 = ORIENTED_EDGE ( 'NONE', *, *, #8104, .T. ) ;
#7732 = ADVANCED_FACE ( 'NONE', ( #7039 ), #7990, .T. ) ;
#7733 = DIRECTION ( 'NONE',  ( -0.0000000000000000000, -1.000000000000000000, -0.0000000000000000000 ) ) ;
#7734 = DIRECTION ( 'NONE',  ( -0.0000000000000000000, 0.0000000000000000000, 1.000000000000000000 ) ) ;
#7735 = LINE ( 'NONE', #349, #22 ) ;
#7736 = FACE_OUTER_BOUND ( 'NONE', #3144, .T. ) ;
#7737 = AXIS2_PLACEMENT_3D ( 'NONE', #334, #8015, #5722 ) ;
#7738 = ORIENTED_EDGE ( 'NONE', *, *, #4800, .F. ) ;
#7739 = VERTEX_POINT ( 'NONE', #4108 ) ;
#7740 = ORIENTED_EDGE ( 'NONE', *, *, #1174, .F. ) ;
#7741 = ORIENTED_EDGE ( 'NONE', *, *, #331, .F. ) ;
#7742 = DIRECTION ( 'NONE',  ( -0.0000000000000000000, 1.000000000000000000, -0.0000000000000000000 ) ) ;
#7743 =( NAMED_UNIT ( * ) PLANE_ANGLE_UNIT ( ) SI_UNIT ( $, .RADIAN. ) );
#7744 = CIRCLE ( 'NONE', #6495, 0.1000000000000000500 ) ;
#7745 = CYLINDRICAL_SURFACE ( 'NONE', #3383, 0.2999999999999997100 ) ;
#7747 = CARTESIAN_POINT ( 'NONE',  ( -1.724999999999999600, 0.7999999999999999300, -1.400000000000000600 ) ) ;
#7746 = FACE_OUTER_BOUND ( 'NONE', #10024, .T. ) ;
#7748 = ORIENTED_EDGE ( 'NONE', *, *, #6742, .T. ) ;
#7749 = EDGE_CURVE ( 'NONE', #4795, #9316, #1617, .T. ) ;
#7750 = CARTESIAN_POINT ( 'NONE',  ( 5.524999999999997700, 2.180000000000000600, 2.650000000000000400 ) ) ;
#7751 = ORIENTED_EDGE ( 'NONE', *, *, #4431, .T. ) ;
#7752 = ORIENTED_EDGE ( 'NONE', *, *, #8454, .T. ) ;
#7753 = DIRECTION ( 'NONE',  ( 1.000000000000000000, 0.0000000000000000000, 0.0000000000000000000 ) ) ;
#7754 = DIRECTION ( 'NONE',  ( 0.0000000000000000000, -1.000000000000000000, 0.0000000000000000000 ) ) ;
#7755 = CARTESIAN_POINT ( 'NONE',  ( -4.285000000000000100, 3.469233347080714400, 6.505213034913026600E-016 ) ) ;
#7756 = EDGE_CURVE ( 'NONE', #1624, #2840, #1498, .T. ) ;
#7757 = PRESENTATION_STYLE_ASSIGNMENT (( #9775 ) ) ;
#7758 = ADVANCED_FACE ( 'NONE', ( #1378 ), #6314, .F. ) ;
#7759 = ORIENTED_EDGE ( 'NONE', *, *, #78, .F. ) ;
#7760 = ORIENTED_EDGE ( 'NONE', *, *, #2084, .F. ) ;
#7761 = CARTESIAN_POINT ( 'NONE',  ( 5.674999999999999800, -4.336808689942017700E-016, -0.5999999999999985300 ) ) ;
#7762 = EDGE_CURVE ( 'NONE', #2953, #7979, #5736, .T. ) ;
#7763 = CARTESIAN_POINT ( 'NONE',  ( -1.724999999999999600, 2.140000000000000100, -1.400000000000000600 ) ) ;
#7764 = EDGE_CURVE ( 'NONE', #3579, #729, #4272, .T. ) ;
#7765 = VECTOR ( 'NONE', #9989, 1000.000000000000000 ) ;
#7766 = ORIENTED_EDGE ( 'NONE', *, *, #5593, .F. ) ;
#7767 = CARTESIAN_POINT ( 'NONE',  ( 4.525000000000001200, 0.4000000000000001900, -2.649999999999999900 ) ) ;
#7768 = EDGE_CURVE ( 'NONE', #328, #3307, #2701, .T. ) ;
#7769 = ORIENTED_EDGE ( 'NONE', *, *, #7074, .T. ) ;
#7770 = ORIENTED_EDGE ( 'NONE', *, *, #2346, .F. ) ;
#7771 = AXIS2_PLACEMENT_3D ( 'NONE', #5527, #4773, #877 ) ;
#7772 = PLANE ( 'NONE',  #2161 ) ;
#7773 = DIRECTION ( 'NONE',  ( 0.0000000000000000000, -1.000000000000000000, 0.0000000000000000000 ) ) ;
#7774 = CARTESIAN_POINT ( 'NONE',  ( 5.874999999999999100, 3.399999999999999900, -1.550000000000000500 ) ) ;
#7775 = FACE_OUTER_BOUND ( 'NONE', #172, .T. ) ;
#7776 = DIRECTION ( 'NONE',  ( 0.0000000000000000000, 0.0000000000000000000, -1.000000000000000000 ) ) ;
#7777 = EDGE_LOOP ( 'NONE', ( #546, #1986, #2248, #2117, #2453, #5485, #3892, #547, #9090, #2098, #282, #8114 ) ) ;
#7778 = VECTOR ( 'NONE', #2222, 1000.000000000000000 ) ;
#7779 = EDGE_CURVE ( 'NONE', #394, #2958, #9364, .T. ) ;
#7780 = DIRECTION ( 'NONE',  ( -1.000000000000000000, -0.0000000000000000000, -0.0000000000000000000 ) ) ;
#7781 = VERTEX_POINT ( 'NONE', #3287 ) ;
#7782 = ORIENTED_EDGE ( 'NONE', *, *, #8412, .F. ) ;
#7783 = PRODUCT_DEFINITION_SHAPE ( 'NONE', 'NONE',  #10050 ) ;
#7784 = VERTEX_POINT ( 'NONE', #2523 ) ;
#7785 = ADVANCED_FACE ( 'NONE', ( #5850 ), #7871, .F. ) ;
#7786 = DIRECTION ( 'NONE',  ( 0.0000000000000000000, 1.000000000000000000, 0.0000000000000000000 ) ) ;
#7787 = CYLINDRICAL_SURFACE ( 'NONE', #5382, 0.1000000000000002600 ) ;
#7788 = DIRECTION ( 'NONE',  ( 0.0000000000000000000, 0.0000000000000000000, 1.000000000000000000 ) ) ;
#7789 = DIRECTION ( 'NONE',  ( 0.0000000000000000000, 0.0000000000000000000, -1.000000000000000000 ) ) ;
#7790 = DIRECTION ( 'NONE',  ( -1.000000000000000000, -0.0000000000000000000, -0.0000000000000000000 ) ) ;
#7791 = ORIENTED_EDGE ( 'NONE', *, *, #5284, .F. ) ;
#7792 = EDGE_LOOP ( 'NONE', ( #7715, #2698, #5520, #6677, #5488, #29, #7180 ) ) ;
#7793 = FACE_OUTER_BOUND ( 'NONE', #645, .T. ) ;
#7794 = VECTOR ( 'NONE', #3635, 1000.000000000000000 ) ;
#7795 = FACE_OUTER_BOUND ( 'NONE', #3784, .T. ) ;
#7796 = ORIENTED_EDGE ( 'NONE', *, *, #657, .T. ) ;
#7797 = LINE ( 'NONE', #118, #5180 ) ;
#7798 = ORIENTED_EDGE ( 'NONE', *, *, #138, .F. ) ;
#7799 = ORIENTED_EDGE ( 'NONE', *, *, #9543, .F. ) ;
#7800 = CARTESIAN_POINT ( 'NONE',  ( 3.275000000000000400, 0.1000000000000000300, -2.649999999999999900 ) ) ;
#7801 = AXIS2_PLACEMENT_3D ( 'NONE', #1679, #9542, #9432 ) ;
#7802 = CARTESIAN_POINT ( 'NONE',  ( 1.725000000000000800, 1.700000000000000000, -1.000000000000000700 ) ) ;
#7803 = VECTOR ( 'NONE', #7950, 1000.000000000000000 ) ;
#7804 = ORIENTED_EDGE ( 'NONE', *, *, #6256, .F. ) ;
#7805 = VECTOR ( 'NONE', #9485, 1000.000000000000000 ) ;
#7806 = DIRECTION ( 'NONE',  ( 1.000000000000000000, 0.0000000000000000000, 0.0000000000000000000 ) ) ;
#7807 = ADVANCED_FACE ( 'NONE', ( #8867 ), #1872, .F. ) ;
#7808 = PRESENTATION_STYLE_ASSIGNMENT (( #8229 ) ) ;
#7809 = ADVANCED_FACE ( 'NONE', ( #9612 ), #2348, .T. ) ;
#7810 = CARTESIAN_POINT ( 'NONE',  ( -2.974999999999999200, 0.7999999999999998200, -1.550000000000000300 ) ) ;
#7811 = DIRECTION ( 'NONE',  ( 0.0000000000000000000, 0.0000000000000000000, -1.000000000000000000 ) ) ;
#7812 = VECTOR ( 'NONE', #10047, 1000.000000000000000 ) ;
#7813 = VERTEX_POINT ( 'NONE', #325 ) ;
#7814 = PRESENTATION_LAYER_ASSIGNMENT (  '', '', ( #3110 ) ) ;
#7815 = DIRECTION ( 'NONE',  ( -1.000000000000000000, -0.0000000000000000000, -0.0000000000000000000 ) ) ;
#7816 = AXIS2_PLACEMENT_3D ( 'NONE', #3893, #7716, #3038 ) ;
#7817 = DIRECTION ( 'NONE',  ( 0.0000000000000000000, 0.0000000000000000000, 1.000000000000000000 ) ) ;
#7818 = PLANE ( 'NONE',  #8875 ) ;
#7819 = LINE ( 'NONE', #6203, #592 ) ;
#7820 = DIRECTION ( 'NONE',  ( -1.000000000000000000, -0.0000000000000000000, -0.0000000000000000000 ) ) ;
#7821 = CARTESIAN_POINT ( 'NONE',  ( 2.975000000000000100, 1.700000000000000000, 3.457774721070176100 ) ) ;
#7822 = LINE ( 'NONE', #8929, #1439 ) ;
#7823 = ORIENTED_EDGE ( 'NONE', *, *, #4380, .T. ) ;
#7824 = UNCERTAINTY_MEASURE_WITH_UNIT (LENGTH_MEASURE( 1.000000000000000100E-005 ), #87, 'distance_accuracy_value', 'NONE');
#7825 = EDGE_CURVE ( 'NONE', #750, #1830, #5260, .T. ) ;
#7826 = EDGE_CURVE ( 'NONE', #990, #7036, #1120, .T. ) ;
#7827 = SHAPE_DEFINITION_REPRESENTATION ( #9926, #1843 ) ;
#7828 = CIRCLE ( 'NONE', #155, 0.1000000000000000500 ) ;
#7829 = EDGE_CURVE ( 'NONE', #8513, #8935, #6558, .T. ) ;
#7830 = CARTESIAN_POINT ( 'NONE',  ( 4.225000000000001400, 1.500000000000000000, -1.600000000000001000 ) ) ;
#7831 = ORIENTED_EDGE ( 'NONE', *, *, #7649, .F. ) ;
#7832 = AXIS2_PLACEMENT_3D ( 'NONE', #763, #1420, #7572 ) ;
#7833 = VECTOR ( 'NONE', #3650, 1000.000000000000000 ) ;
#7835 = DIRECTION ( 'NONE',  ( 0.0000000000000000000, -1.000000000000000000, 0.0000000000000000000 ) ) ;
#7834 = CYLINDRICAL_SURFACE ( 'NONE', #3313, 0.1499999999999999700 ) ;
#7836 = EDGE_CURVE ( 'NONE', #5466, #1040, #5012, .T. ) ;
#7837 = EDGE_LOOP ( 'NONE', ( #3397, #4135, #8838, #6528 ) ) ;
#7838 = DIRECTION ( 'NONE',  ( -1.000000000000000000, -0.0000000000000000000, -0.0000000000000000000 ) ) ;
#7839 = EDGE_LOOP ( 'NONE', ( #2565, #4267, #2460, #6898, #6311 ) ) ;
#7840 = CARTESIAN_POINT ( 'NONE',  ( 2.025000000000000800, 1.500000000000000000, -1.700000000000000800 ) ) ;
#7841 = STYLED_ITEM ( 'NONE', ( #7808 ), #835 ) ;
#7842 = FACE_OUTER_BOUND ( 'NONE', #9942, .T. ) ;
#7843 = VECTOR ( 'NONE', #9924, 1000.000000000000000 ) ;
#7844 = ORIENTED_EDGE ( 'NONE', *, *, #9555, .T. ) ;
#7845 = ORIENTED_EDGE ( 'NONE', *, *, #8573, .F. ) ;
#7846 = ORIENTED_EDGE ( 'NONE', *, *, #7565, .F. ) ;
#7847 = DIRECTION ( 'NONE',  ( 1.000000000000000000, 0.0000000000000000000, -0.0000000000000000000 ) ) ;
#7848 = DIRECTION ( 'NONE',  ( -0.0000000000000000000, -0.0000000000000000000, 1.000000000000000000 ) ) ;
#7849 = EDGE_CURVE ( 'NONE', #3361, #3286, #8119, .T. ) ;
#7850 = DIRECTION ( 'NONE',  ( 1.000000000000000000, 0.0000000000000000000, -0.0000000000000000000 ) ) ;
#7851 = VECTOR ( 'NONE', #6830, 1000.000000000000100 ) ;
#7852 = LINE ( 'NONE', #5419, #23 ) ;
#7853 = ORIENTED_EDGE ( 'NONE', *, *, #8570, .F. ) ;
#7854 = ORIENTED_EDGE ( 'NONE', *, *, #3797, .T. ) ;
#7855 = AXIS2_PLACEMENT_3D ( 'NONE', #7299, #4319, #2018 ) ;
#7856 = ORIENTED_EDGE ( 'NONE', *, *, #9311, .F. ) ;
#7857 = VERTEX_POINT ( 'NONE', #2695 ) ;
#7858 = ADVANCED_FACE ( 'NONE', ( #2934 ), #8913, .F. ) ;
#7859 = VECTOR ( 'NONE', #7999, 1000.000000000000000 ) ;
#7860 = LINE ( 'NONE', #9038, #7257 ) ;
#7861 = CARTESIAN_POINT ( 'NONE',  ( -2.974999999999999200, 0.5000000000000000000, -1.550000000000000300 ) ) ;
#7862 = ORIENTED_EDGE ( 'NONE', *, *, #2990, .F. ) ;
#7863 = ORIENTED_EDGE ( 'NONE', *, *, #8854, .F. ) ;
#7864 = FILL_AREA_STYLE_COLOUR ( '', #3957 ) ;
#7865 = VERTEX_POINT ( 'NONE', #8805 ) ;
#7866 = ORIENTED_EDGE ( 'NONE', *, *, #5293, .T. ) ;
#7867 = LINE ( 'NONE', #7218, #6791 ) ;
#7868 = VECTOR ( 'NONE', #5315, 1000.000000000000000 ) ;
#7869 = DIRECTION ( 'NONE',  ( 1.000000000000000000, 0.0000000000000000000, 0.0000000000000000000 ) ) ;
#7870 = VERTEX_POINT ( 'NONE', #3458 ) ;
#7871 = PLANE ( 'NONE',  #994 ) ;
#7872 = DIRECTION ( 'NONE',  ( -0.9902680687415708100, -0.0000000000000000000, -0.1391731009600621100 ) ) ;
#7873 = ORIENTED_EDGE ( 'NONE', *, *, #7219, .T. ) ;
#7874 = ORIENTED_EDGE ( 'NONE', *, *, #7627, .F. ) ;
#7875 = CARTESIAN_POINT ( 'NONE',  ( 3.275000000000000400, 0.1000000000000007100, -1.850000000000000100 ) ) ;
#7876 = EDGE_CURVE ( 'NONE', #1717, #2427, #2457, .T. ) ;
#7877 = CIRCLE ( 'NONE', #6620, 0.1000000000000002600 ) ;
#7878 = VECTOR ( 'NONE', #940, 1000.000000000000000 ) ;
#7879 = LINE ( 'NONE', #4811, #7041 ) ;
#7880 = EDGE_CURVE ( 'NONE', #4989, #6208, #1728, .T. ) ;
#7881 = DIRECTION ( 'NONE',  ( 0.0000000000000000000, 0.0000000000000000000, -1.000000000000000000 ) ) ;
#7882 = ORIENTED_EDGE ( 'NONE', *, *, #8782, .F. ) ;
#7883 = DIRECTION ( 'NONE',  ( -7.228014483236702500E-016, 1.000000000000000000, 0.0000000000000000000 ) ) ;
#7884 = CARTESIAN_POINT ( 'NONE',  ( 4.525000000000001200, 0.7999999999999999300, -1.400000000000000600 ) ) ;
#7885 = DIRECTION ( 'NONE',  ( -1.000000000000000000, -0.0000000000000000000, -0.0000000000000000000 ) ) ;
#7886 = VERTEX_POINT ( 'NONE', #4213 ) ;
#7887 = ORIENTED_EDGE ( 'NONE', *, *, #5088, .T. ) ;
#7888 = EDGE_CURVE ( 'NONE', #6491, #7683, #5373, .T. ) ;
#7889 = VECTOR ( 'NONE', #3552, 1000.000000000000000 ) ;
#7890 = VERTEX_POINT ( 'NONE', #6437 ) ;
#7891 = CARTESIAN_POINT ( 'NONE',  ( -4.524999999999999500, 1.500000000000000000, -1.600000000000000800 ) ) ;
#7892 = ORIENTED_EDGE ( 'NONE', *, *, #2906, .T. ) ;
#7893 = ORIENTED_EDGE ( 'NONE', *, *, #5728, .F. ) ;
#7894 = DIRECTION ( 'NONE',  ( 1.000000000000000000, 0.0000000000000000000, 0.0000000000000000000 ) ) ;
#7895 = EDGE_CURVE ( 'NONE', #2537, #3296, #9480, .T. ) ;
#7896 = DIRECTION ( 'NONE',  ( 0.0000000000000000000, 1.000000000000000000, 0.0000000000000000000 ) ) ;
#7897 = CIRCLE ( 'NONE', #3554, 0.09999999999999982500 ) ;
#7898 = MECHANICAL_DESIGN_GEOMETRIC_PRESENTATION_REPRESENTATION (  '', ( #3443 ), #3974 ) ;
#7899 = VERTEX_POINT ( 'NONE', #426 ) ;
#7900 = ORIENTED_EDGE ( 'NONE', *, *, #9869, .F. ) ;
#7901 = CARTESIAN_POINT ( 'NONE',  ( 1.625000000000000700, 1.615675499178565100, 1.850000000000000500 ) ) ;
#7902 = DIRECTION ( 'NONE',  ( 0.0000000000000000000, -1.000000000000000000, 0.0000000000000000000 ) ) ;
#7903 = FACE_OUTER_BOUND ( 'NONE', #3735, .T. ) ;
#7904 = ORIENTED_EDGE ( 'NONE', *, *, #8028, .T. ) ;
#7905 = ADVANCED_FACE ( 'NONE', ( #7266 ), #5004, .F. ) ;
#7906 = CARTESIAN_POINT ( 'NONE',  ( -3.274999999999999500, 1.700000000000000000, 3.457774721070176100 ) ) ;
#7907 = DIRECTION ( 'NONE',  ( -1.000000000000000000, -0.0000000000000000000, -0.0000000000000000000 ) ) ;
#7908 = VECTOR ( 'NONE', #7960, 1000.000000000000000 ) ;
#7909 = ORIENTED_EDGE ( 'NONE', *, *, #9752, .T. ) ;
#7910 = EDGE_CURVE ( 'NONE', #694, #1036, #3175, .T. ) ;
#7911 = CARTESIAN_POINT ( 'NONE',  ( 5.594999999999998000, 1.430000000000000200, 2.650000000000000400 ) ) ;
#7912 = LINE ( 'NONE', #7315, #3963 ) ;
#7913 = ORIENTED_EDGE ( 'NONE', *, *, #8050, .F. ) ;
#7914 = CARTESIAN_POINT ( 'NONE',  ( 4.525000000000001200, 1.700000000000000000, 3.457774721070176100 ) ) ;
#7915 = DIRECTION ( 'NONE',  ( -0.0000000000000000000, 0.0000000000000000000, 1.000000000000000000 ) ) ;
#7916 = DIRECTION ( 'NONE',  ( 0.0000000000000000000, 0.0000000000000000000, 1.000000000000000000 ) ) ;
#7917 = VECTOR ( 'NONE', #7733, 1000.000000000000000 ) ;
#7918 = ORIENTED_EDGE ( 'NONE', *, *, #2699, .T. ) ;
#7919 = LINE ( 'NONE', #636, #8792 ) ;
#7920 = CYLINDRICAL_SURFACE ( 'NONE', #8257, 0.2999999999999997100 ) ;
#7921 = ORIENTED_EDGE ( 'NONE', *, *, #8496, .T. ) ;
#7922 = DIRECTION ( 'NONE',  ( 0.0000000000000000000, -0.0000000000000000000, -1.000000000000000000 ) ) ;
#7923 = DIRECTION ( 'NONE',  ( -0.0000000000000000000, -0.0000000000000000000, -1.000000000000000000 ) ) ;
#7924 = CARTESIAN_POINT ( 'NONE',  ( -0.4749999999999997600, 0.0000000000000000000, -1.950000000000000800 ) ) ;
#7925 = AXIS2_PLACEMENT_3D ( 'NONE', #4597, #4660, #5420 ) ;
#7926 = ADVANCED_FACE ( 'NONE', ( #4761 ), #3389, .F. ) ;
#7927 = DIRECTION ( 'NONE',  ( 0.0000000000000000000, -1.000000000000000000, 0.0000000000000000000 ) ) ;
#7928 = LINE ( 'NONE', #4261, #5915 ) ;
#7929 = VECTOR ( 'NONE', #9334, 1000.000000000000000 ) ;
#7930 = ORIENTED_EDGE ( 'NONE', *, *, #2853, .T. ) ;
#7931 = VECTOR ( 'NONE', #5978, 1000.000000000000000 ) ;
#7932 = EDGE_CURVE ( 'NONE', #4041, #8405, #5609, .T. ) ;
#7933 = DIRECTION ( 'NONE',  ( 1.000000000000000000, 0.0000000000000000000, 0.0000000000000000000 ) ) ;
#7934 = DIRECTION ( 'NONE',  ( 0.0000000000000000000, 0.0000000000000000000, -1.000000000000000000 ) ) ;
#7935 = DIRECTION ( 'NONE',  ( -1.000000000000000000, -0.0000000000000000000, -0.0000000000000000000 ) ) ;
#7936 = FACE_OUTER_BOUND ( 'NONE', #1659, .T. ) ;
#7937 = PLANE ( 'NONE',  #7801 ) ;
#7938 = LINE ( 'NONE', #2769, #2177 ) ;
#7939 = ORIENTED_EDGE ( 'NONE', *, *, #1963, .F. ) ;
#7940 = EDGE_CURVE ( 'NONE', #3518, #3260, #8255, .T. ) ;
#7941 = CARTESIAN_POINT ( 'NONE',  ( -5.874999999999999100, 3.399999999999999900, 2.650000000000000400 ) ) ;
#7942 = VECTOR ( 'NONE', #1838, 1000.000000000000000 ) ;
#7943 = DIRECTION ( 'NONE',  ( 0.0000000000000000000, 0.0000000000000000000, 1.000000000000000000 ) ) ;
#7944 = DIRECTION ( 'NONE',  ( 1.000000000000000000, 0.0000000000000000000, 0.0000000000000000000 ) ) ;
#7945 = EDGE_CURVE ( 'NONE', #2097, #6031, #641, .T. ) ;
#7946 = EDGE_LOOP ( 'NONE', ( #271, #4103, #7796, #5838, #3197 ) ) ;
#7947 = EDGE_CURVE ( 'NONE', #2624, #5783, #4528, .T. ) ;
#7948 = ORIENTED_EDGE ( 'NONE', *, *, #941, .F. ) ;
#7949 = EDGE_CURVE ( 'NONE', #1278, #7381, #2223, .T. ) ;
#7950 = DIRECTION ( 'NONE',  ( -0.0000000000000000000, 1.000000000000000000, -0.0000000000000000000 ) ) ;
#7951 = ADVANCED_FACE ( 'NONE', ( #3282 ), #9096, .F. ) ;
#7952 = VECTOR ( 'NONE', #5610, 1000.000000000000000 ) ;
#7953 = VECTOR ( 'NONE', #7451, 1000.000000000000000 ) ;
#7954 = EDGE_CURVE ( 'NONE', #5206, #684, #158, .T. ) ;
#7955 = MECHANICAL_DESIGN_GEOMETRIC_PRESENTATION_REPRESENTATION (  '', ( #6753 ), #6425 ) ;
#7956 = ORIENTED_EDGE ( 'NONE', *, *, #3851, .T. ) ;
#7957 = CARTESIAN_POINT ( 'NONE',  ( 4.225000000000001400, 0.6000000000000007500, -2.550000000000000300 ) ) ;
#7958 = ORIENTED_EDGE ( 'NONE', *, *, #2983, .T. ) ;
#7959 = ORIENTED_EDGE ( 'NONE', *, *, #1701, .T. ) ;
#7960 = DIRECTION ( 'NONE',  ( 0.1378445374916254000, -0.1378445374916254000, 0.9808148484639900300 ) ) ;
#7961 = LINE ( 'NONE', #9510, #4977 ) ;
#7962 = LINE ( 'NONE', #4136, #1223 ) ;
#7963 = EDGE_CURVE ( 'NONE', #5514, #2497, #8377, .T. ) ;
#7964 = DIRECTION ( 'NONE',  ( 0.0000000000000000000, -1.000000000000000000, 0.0000000000000000000 ) ) ;
#7965 = VERTEX_POINT ( 'NONE', #5876 ) ;
#7966 = PLANE ( 'NONE',  #2172 ) ;
#7967 = ORIENTED_EDGE ( 'NONE', *, *, #6663, .F. ) ;
#7968 = EDGE_LOOP ( 'NONE', ( #7241, #4915, #4386, #1306, #7663, #3944 ) ) ;
#7969 = PLANE ( 'NONE',  #3399 ) ;
#7970 = CARTESIAN_POINT ( 'NONE',  ( -2.024999999999999500, 0.1000000000000000500, -1.950000000000000200 ) ) ;
#7971 = VECTOR ( 'NONE', #5735, 1000.000000000000000 ) ;
#7973 = CARTESIAN_POINT ( 'NONE',  ( 0.7750000000000004700, 2.140000000000000100, -1.400000000000000600 ) ) ;
#7972 = LINE ( 'NONE', #2992, #6533 ) ;
#7974 = CARTESIAN_POINT ( 'NONE',  ( 1.739250837387211100, 0.9642508373872099600, 1.351399976863563800 ) ) ;
#7975 = VERTEX_POINT ( 'NONE', #6666 ) ;
#7976 = DIRECTION ( 'NONE',  ( 1.000000000000000000, 0.0000000000000000000, 0.0000000000000000000 ) ) ;
#7977 = ADVANCED_FACE ( 'NONE', ( #6097 ), #6636, .F. ) ;
#7978 = ORIENTED_EDGE ( 'NONE', *, *, #4233, .T. ) ;
#7979 = VERTEX_POINT ( 'NONE', #1979 ) ;
#7980 = DIRECTION ( 'NONE',  ( 1.000000000000000000, 0.0000000000000000000, 0.0000000000000000000 ) ) ;
#7981 = PLANE ( 'NONE',  #7577 ) ;
#7982 = LINE ( 'NONE', #50, #4402 ) ;
#7983 = AXIS2_PLACEMENT_3D ( 'NONE', #4355, #3535, #8954 ) ;
#7984 = ORIENTED_EDGE ( 'NONE', *, *, #7063, .F. ) ;
#7985 = CARTESIAN_POINT ( 'NONE',  ( -5.874999999999999100, 3.399999999999999900, -1.550000000000000500 ) ) ;
#7986 = ORIENTED_EDGE ( 'NONE', *, *, #8514, .T. ) ;
#7987 = ORIENTED_EDGE ( 'NONE', *, *, #1903, .F. ) ;
#7988 = DIRECTION ( 'NONE',  ( 0.0000000000000000000, 0.0000000000000000000, -1.000000000000000000 ) ) ;
#7989 = DIRECTION ( 'NONE',  ( 0.0000000000000000000, 0.0000000000000000000, 1.000000000000000000 ) ) ;
#7990 = CYLINDRICAL_SURFACE ( 'NONE', #7713, 0.09999999999999982500 ) ;
#7991 = ORIENTED_EDGE ( 'NONE', *, *, #1945, .F. ) ;
#7992 =( NAMED_UNIT ( * ) PLANE_ANGLE_UNIT ( ) SI_UNIT ( $, .RADIAN. ) );
#7993 = ORIENTED_EDGE ( 'NONE', *, *, #600, .T. ) ;
#7994 = ORIENTED_EDGE ( 'NONE', *, *, #6328, .T. ) ;
#7995 = CARTESIAN_POINT ( 'NONE',  ( 1.725000000000000800, 0.1000000000000000300, -2.550000000000000300 ) ) ;
#7996 = AXIS2_PLACEMENT_3D ( 'NONE', #9822, #1365, #8241 ) ;
#7997 = CARTESIAN_POINT ( 'NONE',  ( -3.185000000000000500, 3.469233347080714400, 6.505213034913026600E-016 ) ) ;
#7998 = AXIS2_PLACEMENT_3D ( 'NONE', #9532, #6499, #5673 ) ;
#7999 = DIRECTION ( 'NONE',  ( 0.0000000000000000000, 0.0000000000000000000, 1.000000000000000000 ) ) ;
#8000 = FACE_OUTER_BOUND ( 'NONE', #7557, .T. ) ;
#8001 = ADVANCED_FACE ( 'NONE', ( #6217 ), #9802, .F. ) ;
#8002 = DIRECTION ( 'NONE',  ( 0.0000000000000000000, 0.0000000000000000000, -1.000000000000000000 ) ) ;
#8003 = ORIENTED_EDGE ( 'NONE', *, *, #6740, .F. ) ;
#8004 = DIRECTION ( 'NONE',  ( -0.0000000000000000000, 1.000000000000000000, 6.672013369141573100E-016 ) ) ;
#8005 = CARTESIAN_POINT ( 'NONE',  ( -2.974999999999999200, 2.040000000000000000, -1.500000000000000700 ) ) ;
#8006 = ORIENTED_EDGE ( 'NONE', *, *, #608, .T. ) ;
#8007 = DIRECTION ( 'NONE',  ( -1.000000000000000000, -0.0000000000000000000, -0.0000000000000000000 ) ) ;
#8008 = VERTEX_POINT ( 'NONE', #492 ) ;
#8009 = VERTEX_POINT ( 'NONE', #8218 ) ;
#8010 = EDGE_CURVE ( 'NONE', #6133, #4784, #4149, .T. ) ;
#8011 = EDGE_CURVE ( 'NONE', #8553, #2635, #7514, .T. ) ;
#8012 = CARTESIAN_POINT ( 'NONE',  ( -7.575000000000000200, 0.2500000000000000000, 1.850000000000000100 ) ) ;
#8013 = CARTESIAN_POINT ( 'NONE',  ( -5.674999999999999800, -5.755839955992548600E-017, -1.550000000000000300 ) ) ;
#8014 = LINE ( 'NONE', #9789, #7889 ) ;
#8015 = DIRECTION ( 'NONE',  ( 1.000000000000000000, 0.0000000000000000000, 0.0000000000000000000 ) ) ;
#8016 = DIRECTION ( 'NONE',  ( -0.0000000000000000000, 1.000000000000000000, -0.0000000000000000000 ) ) ;
#8017 = CARTESIAN_POINT ( 'NONE',  ( 4.225000000000001400, 0.6000000000000007500, -2.449999999999999700 ) ) ;
#8018 = VERTEX_POINT ( 'NONE', #7497 ) ;
#8019 = EDGE_CURVE ( 'NONE', #3607, #6427, #3919, .T. ) ;
#8020 = ORIENTED_EDGE ( 'NONE', *, *, #9807, .F. ) ;
#8021 = ORIENTED_EDGE ( 'NONE', *, *, #4148, .F. ) ;
#8022 = DIRECTION ( 'NONE',  ( -1.000000000000000000, -0.0000000000000000000, -0.0000000000000000000 ) ) ;
#8023 = VECTOR ( 'NONE', #6270, 1000.000000000000000 ) ;
#8024 = VERTEX_POINT ( 'NONE', #7459 ) ;
#8025 = FACE_OUTER_BOUND ( 'NONE', #1536, .T. ) ;
#8026 = ORIENTED_EDGE ( 'NONE', *, *, #4863, .F. ) ;
#8027 = ORIENTED_EDGE ( 'NONE', *, *, #8583, .F. ) ;
#8028 = EDGE_CURVE ( 'NONE', #5370, #3702, #42, .T. ) ;
#8029 =( NAMED_UNIT ( * ) SI_UNIT ( $, .STERADIAN. ) SOLID_ANGLE_UNIT ( ) );
#8030 = ADVANCED_FACE ( 'NONE', ( #5503 ), #1444, .F. ) ;
#8031 = LINE ( 'NONE', #5226, #1413 ) ;
#8032 = ORIENTED_EDGE ( 'NONE', *, *, #2473, .F. ) ;
#8033 = AXIS2_PLACEMENT_3D ( 'NONE', #4061, #171, #7177 ) ;
#8034 = LINE ( 'NONE', #1671, #4455 ) ;
#8035 = ORIENTED_EDGE ( 'NONE', *, *, #5467, .F. ) ;
#8036 = ORIENTED_EDGE ( 'NONE', *, *, #399, .T. ) ;
#8037 = CARTESIAN_POINT ( 'NONE',  ( 2.025000000000000800, 0.0000000000000000000, -1.950000000000000800 ) ) ;
#8038 = CARTESIAN_POINT ( 'NONE',  ( 5.524999999999997700, 0.3499999999999996400, 2.650000000000000400 ) ) ;
#8039 = CARTESIAN_POINT ( 'NONE',  ( -4.524999999999999500, 1.700000000000000000, -1.000000000000000700 ) ) ;
#8040 = CARTESIAN_POINT ( 'NONE',  ( -2.974999999999999200, 0.5000000000000000000, -2.550000000000000300 ) ) ;
#8041 = CARTESIAN_POINT ( 'NONE',  ( 4.225000000000001400, 0.0000000000000000000, -1.950000000000000800 ) ) ;
#8042 = VECTOR ( 'NONE', #582, 1000.000000000000000 ) ;
#8043 = EDGE_LOOP ( 'NONE', ( #5816, #7274, #5638, #4258 ) ) ;
#8044 = EDGE_CURVE ( 'NONE', #2835, #8359, #7504, .T. ) ;
#8045 = DIRECTION ( 'NONE',  ( 1.000000000000000000, 0.0000000000000000000, 0.0000000000000000000 ) ) ;
#8046 = CARTESIAN_POINT ( 'NONE',  ( -5.674999999999999800, 0.2999999999999991600, -1.550000000000000300 ) ) ;
#8047 =( NAMED_UNIT ( * ) PLANE_ANGLE_UNIT ( ) SI_UNIT ( $, .RADIAN. ) );
#8048 = MECHANICAL_DESIGN_GEOMETRIC_PRESENTATION_REPRESENTATION (  '', ( #4118 ), #3084 ) ;
#8049 = CARTESIAN_POINT ( 'NONE',  ( 2.975000000000000100, 0.9499999999999998400, 1.249999999999986000 ) ) ;
#8050 = EDGE_CURVE ( 'NONE', #1688, #7301, #8243, .T. ) ;
#8051 = CARTESIAN_POINT ( 'NONE',  ( -1.724999999999999600, 0.1000000000000000300, -2.550000000000000300 ) ) ;
#8052 = FACE_OUTER_BOUND ( 'NONE', #2487, .T. ) ;
#8053 = CARTESIAN_POINT ( 'NONE',  ( -1.724999999999999600, 2.039999999999999100, -1.600000000000000800 ) ) ;
#8054 = LINE ( 'NONE', #1323, #821 ) ;
#8055 = ORIENTED_EDGE ( 'NONE', *, *, #737, .F. ) ;
#8056 = CARTESIAN_POINT ( 'NONE',  ( 6.224999999999999600, 0.2999999999999989900, 1.850000000000000100 ) ) ;
#8057 = DIRECTION ( 'NONE',  ( 0.0000000000000000000, 0.0000000000000000000, 1.000000000000000000 ) ) ;
#8058 = ADVANCED_FACE ( 'NONE', ( #6918 ), #8324, .F. ) ;
#8059 = FACE_OUTER_BOUND ( 'NONE', #1364, .T. ) ;
#8060 = VECTOR ( 'NONE', #7609, 1000.000000000000000 ) ;
#8061 = ORIENTED_EDGE ( 'NONE', *, *, #5404, .F. ) ;
#8062 = AXIS2_PLACEMENT_3D ( 'NONE', #8051, #7980, #5650 ) ;
#8063 = CARTESIAN_POINT ( 'NONE',  ( -3.274999999999999500, 0.5000000000000000000, -1.550000000000000300 ) ) ;
#8064 =( NAMED_UNIT ( * ) PLANE_ANGLE_UNIT ( ) SI_UNIT ( $, .RADIAN. ) );
#8065 = VECTOR ( 'NONE', #8803, 1000.000000000000000 ) ;
#8066 = VECTOR ( 'NONE', #3515, 1000.000000000000000 ) ;
#8067 = FACE_OUTER_BOUND ( 'NONE', #1140, .T. ) ;
#8068 = EDGE_LOOP ( 'NONE', ( #6230, #3035, #6692, #3954 ) ) ;
#8069 = PLANE ( 'NONE',  #9086 ) ;
#8070 = DIRECTION ( 'NONE',  ( 0.0000000000000000000, -0.0000000000000000000, -1.000000000000000000 ) ) ;
#8071 = EDGE_CURVE ( 'NONE', #5227, #4533, #2571, .T. ) ;
#8072 = DIRECTION ( 'NONE',  ( 0.0000000000000000000, 0.0000000000000000000, -1.000000000000000000 ) ) ;
#8073 = CARTESIAN_POINT ( 'NONE',  ( 4.285000000000001000, 0.5999999999999998700, 6.505213034913026600E-016 ) ) ;
#8074 = CIRCLE ( 'NONE', #3167, 0.1000000000000000500 ) ;
#8075 = LINE ( 'NONE', #9707, #7223 ) ;
#8076 = CARTESIAN_POINT ( 'NONE',  ( -2.974999999999999200, 0.1000000000000000500, -1.950000000000000200 ) ) ;
#8077 = VERTEX_POINT ( 'NONE', #566 ) ;
#8078 = CARTESIAN_POINT ( 'NONE',  ( 4.519299665045116900, 0.9557003349548839300, 1.290559990745417100 ) ) ;
#8079 = EDGE_CURVE ( 'NONE', #5440, #9967, #2092, .T. ) ;
#8080 = ORIENTED_EDGE ( 'NONE', *, *, #9037, .T. ) ;
#8081 = ADVANCED_FACE ( 'NONE', ( #5970 ), #4530, .F. ) ;
#8082 = DIRECTION ( 'NONE',  ( -1.000000000000000000, -0.0000000000000000000, -0.0000000000000000000 ) ) ;
#8083 = CARTESIAN_POINT ( 'NONE',  ( -0.7749999999999996900, 1.250000000000000000, -2.299999999999999800 ) ) ;
#8084 = PLANE ( 'NONE',  #9957 ) ;
#8085 = VECTOR ( 'NONE', #5973, 1000.000000000000000 ) ;
#8086 = CARTESIAN_POINT ( 'NONE',  ( 4.525000000000001200, 2.140000000000000100, -1.400000000000000600 ) ) ;
#8087 = EDGE_CURVE ( 'NONE', #3160, #4727, #270, .T. ) ;
#8088 = ORIENTED_EDGE ( 'NONE', *, *, #3112, .F. ) ;
#8089 = DIRECTION ( 'NONE',  ( 0.0000000000000000000, 0.0000000000000000000, 1.000000000000000000 ) ) ;
#8090 = ORIENTED_EDGE ( 'NONE', *, *, #4876, .F. ) ;
#8091 = ORIENTED_EDGE ( 'NONE', *, *, #4938, .F. ) ;
#8092 = EDGE_CURVE ( 'NONE', #5540, #864, #7030, .T. ) ;
#8093 = ADVANCED_FACE ( 'NONE', ( #6318 ), #3054, .F. ) ;
#8094 = LINE ( 'NONE', #1270, #9453 ) ;
#8095 = LINE ( 'NONE', #2231, #6076 ) ;
#8096 = AXIS2_PLACEMENT_3D ( 'NONE', #7060, #6938, #757 ) ;
#8097 = CARTESIAN_POINT ( 'NONE',  ( -0.4749999999999997600, 0.1000000000000000300, -2.649999999999999900 ) ) ;
#8098 = DIRECTION ( 'NONE',  ( -0.0000000000000000000, -0.0000000000000000000, -1.000000000000000000 ) ) ;
#8099 = ORIENTED_EDGE ( 'NONE', *, *, #7426, .F. ) ;
#8100 = CARTESIAN_POINT ( 'NONE',  ( -5.874999999999999100, 0.3499999999999996400, 2.650000000000000400 ) ) ;
#8101 = ORIENTED_EDGE ( 'NONE', *, *, #8583, .T. ) ;
#8102 = ORIENTED_EDGE ( 'NONE', *, *, #4873, .F. ) ;
#8103 = EDGE_LOOP ( 'NONE', ( #82, #3899, #9339, #439 ) ) ;
#8104 = EDGE_CURVE ( 'NONE', #9162, #7437, #1368, .T. ) ;
#8105 = FACE_OUTER_BOUND ( 'NONE', #6657, .T. ) ;
#8106 = CARTESIAN_POINT ( 'NONE',  ( -7.374999999999999100, 1.999999999999999100, 5.480194339616986100 ) ) ;
#8107 = CARTESIAN_POINT ( 'NONE',  ( 4.285000000000001000, 3.469233347080714400, 1.250000000000000700 ) ) ;
#8108 = ORIENTED_EDGE ( 'NONE', *, *, #5862, .T. ) ;
#8109 = ADVANCED_FACE ( 'NONE', ( #9353 ), #7256, .T. ) ;
#8110 = ORIENTED_EDGE ( 'NONE', *, *, #9858, .F. ) ;
#8111 = CARTESIAN_POINT ( 'NONE',  ( -2.024999999999999500, 1.700000000000000000, 1.249999999999986000 ) ) ;
#8112 =( GEOMETRIC_REPRESENTATION_CONTEXT ( 3 ) GLOBAL_UNCERTAINTY_ASSIGNED_CONTEXT ( ( #6969 ) ) GLOBAL_UNIT_ASSIGNED_CONTEXT ( ( #3563, #2657, #3419 ) ) REPRESENTATION_CONTEXT ( 'NONE', 'WORKASPACE' ) );
#8113 = CARTESIAN_POINT ( 'NONE',  ( 5.274999999999998600, 0.5999999999999998700, 2.400000000000003000 ) ) ;
#8114 = ORIENTED_EDGE ( 'NONE', *, *, #1951, .T. ) ;
#8115 = VERTEX_POINT ( 'NONE', #6771 ) ;
#8116 = DIRECTION ( 'NONE',  ( -1.000000000000000000, -0.0000000000000000000, -0.0000000000000000000 ) ) ;
#8117 = CARTESIAN_POINT ( 'NONE',  ( 4.525000000000001200, 2.040000000000000000, -1.500000000000000700 ) ) ;
#8118 = DIRECTION ( 'NONE',  ( -0.0000000000000000000, 1.000000000000000000, 6.672013369141573100E-016 ) ) ;
#8119 = LINE ( 'NONE', #8039, #7628 ) ;
#8120 = CARTESIAN_POINT ( 'NONE',  ( 0.7750000000000004700, 0.7999999999999999300, -1.400000000000000600 ) ) ;
#8121 = VERTEX_POINT ( 'NONE', #2155 ) ;
#8122 = CARTESIAN_POINT ( 'NONE',  ( -4.524999999999999500, 0.0000000000000000000, -2.549999999999999400 ) ) ;
#8123 = CARTESIAN_POINT ( 'NONE',  ( 0.7750000000000004700, 1.399999999999999700, -1.700000000000000800 ) ) ;
#8124 = EDGE_LOOP ( 'NONE', ( #3912, #7408, #7873, #1266 ) ) ;
#8125 = ORIENTED_EDGE ( 'NONE', *, *, #1269, .F. ) ;
#8126 = AXIS2_PLACEMENT_3D ( 'NONE', #4941, #2705, #1013 ) ;
#8127 = VECTOR ( 'NONE', #9333, 1000.000000000000000 ) ;
#8128 = CARTESIAN_POINT ( 'NONE',  ( 4.525000000000001200, 0.1000000000000000300, -2.550000000000000300 ) ) ;
#8129 = ORIENTED_EDGE ( 'NONE', *, *, #8355, .T. ) ;
#8130 = EDGE_LOOP ( 'NONE', ( #8431, #9055, #1826, #2115 ) ) ;
#8131 = ORIENTED_EDGE ( 'NONE', *, *, #1062, .T. ) ;
#8132 = CARTESIAN_POINT ( 'NONE',  ( -2.024999999999999500, 0.9499999999999998400, 3.457774721070176100 ) ) ;
#8133 = DIRECTION ( 'NONE',  ( 0.0000000000000000000, 0.0000000000000000000, -1.000000000000000000 ) ) ;
#8134 = DIRECTION ( 'NONE',  ( -1.000000000000000000, -0.0000000000000000000, -0.0000000000000000000 ) ) ;
#8135 = DIRECTION ( 'NONE',  ( 0.0000000000000000000, 0.0000000000000000000, 1.000000000000000000 ) ) ;
#8136 = ADVANCED_FACE ( 'NONE', ( #8365 ), #7532, .F. ) ;
#8137 = VECTOR ( 'NONE', #2448, 1000.000000000000000 ) ;
#8138 = ORIENTED_EDGE ( 'NONE', *, *, #3708, .T. ) ;
#8139 = STYLED_ITEM ( 'NONE', ( #7757 ), #5507 ) ;
#8140 = ORIENTED_EDGE ( 'NONE', *, *, #5467, .T. ) ;
#8141 = CARTESIAN_POINT ( 'NONE',  ( -0.4749999999999997600, 0.7999999999999999300, -1.400000000000000600 ) ) ;
#8142 = AXIS2_PLACEMENT_3D ( 'NONE', #3829, #813, #4640 ) ;
#8143 = DIRECTION ( 'NONE',  ( 0.9902680687415708100, 0.0000000000000000000, -0.1391731009600621100 ) ) ;
#8144 = DIRECTION ( 'NONE',  ( -1.000000000000000000, -0.0000000000000000000, 0.0000000000000000000 ) ) ;
#8145 = DIRECTION ( 'NONE',  ( -1.146293045799652500E-016, 0.0000000000000000000, 1.000000000000000000 ) ) ;
#8146 = CIRCLE ( 'NONE', #9328, 0.09999999999999982500 ) ;
#8147 = EDGE_LOOP ( 'NONE', ( #5523, #6124, #7740, #8928 ) ) ;
#8148 = DIRECTION ( 'NONE',  ( 0.0000000000000000000, -4.015563601798169700E-016, 1.000000000000000000 ) ) ;
#8149 = DIRECTION ( 'NONE',  ( 1.000000000000000000, -0.0000000000000000000, 1.146293045799652500E-016 ) ) ;
#8150 = EDGE_CURVE ( 'NONE', #4041, #421, #6673, .T. ) ;
#8151 = CARTESIAN_POINT ( 'NONE',  ( 2.975000000000000100, 1.700000000000000000, -1.000000000000000700 ) ) ;
#8152 = EDGE_CURVE ( 'NONE', #2235, #183, #9124, .T. ) ;
#8153 = ORIENTED_EDGE ( 'NONE', *, *, #5011, .T. ) ;
#8154 = EDGE_CURVE ( 'NONE', #6529, #8198, #4636, .T. ) ;
#8155 = CARTESIAN_POINT ( 'NONE',  ( -2.024999999999999500, 1.700000000000000000, 1.249999999999986000 ) ) ;
#8156 = FACE_OUTER_BOUND ( 'NONE', #1103, .T. ) ;
#8157 = ORIENTED_EDGE ( 'NONE', *, *, #6418, .F. ) ;
#8158 = DIRECTION ( 'NONE',  ( 0.0000000000000000000, -0.0000000000000000000, 1.000000000000000000 ) ) ;
#8159 = CARTESIAN_POINT ( 'NONE',  ( 0.4750000000000005900, 1.500000000000000000, -1.600000000000000800 ) ) ;
#8160 = CARTESIAN_POINT ( 'NONE',  ( 1.725000000000000800, 0.1000000000000007100, -1.850000000000000100 ) ) ;
#8161 = LINE ( 'NONE', #8333, #785 ) ;
#8162 = EDGE_LOOP ( 'NONE', ( #1750, #6413, #4958, #5749 ) ) ;
#8163 = EDGE_CURVE ( 'NONE', #4658, #9329, #3163, .T. ) ;
#8164 = ORIENTED_EDGE ( 'NONE', *, *, #6864, .F. ) ;
#8165 = AXIS2_PLACEMENT_3D ( 'NONE', #3102, #98, #3066 ) ;
#8166 = DIRECTION ( 'NONE',  ( -3.097720492815727200E-016, 0.0000000000000000000, 1.000000000000000000 ) ) ;
#8167 = ADVANCED_FACE ( 'NONE', ( #6434 ), #2335, .T. ) ;
#8168 = VECTOR ( 'NONE', #8967, 1000.000000000000000 ) ;
#8169 = ORIENTED_EDGE ( 'NONE', *, *, #2517, .F. ) ;
#8170 =( NAMED_UNIT ( * ) SI_UNIT ( $, .STERADIAN. ) SOLID_ANGLE_UNIT ( ) );
#8171 = EDGE_CURVE ( 'NONE', #5225, #8457, #871, .T. ) ;
#8172 = DIRECTION ( 'NONE',  ( 0.0000000000000000000, 1.000000000000000000, 0.0000000000000000000 ) ) ;
#8173 = ORIENTED_EDGE ( 'NONE', *, *, #6888, .T. ) ;
#8174 = DIRECTION ( 'NONE',  ( -1.000000000000000000, -0.0000000000000000000, -0.0000000000000000000 ) ) ;
#8175 = LINE ( 'NONE', #6310, #5902 ) ;
#8176 = AXIS2_PLACEMENT_3D ( 'NONE', #505, #606, #2133 ) ;
#8177 = LINE ( 'NONE', #1244, #5313 ) ;
#8178 = ORIENTED_EDGE ( 'NONE', *, *, #6936, .T. ) ;
#8179 = AXIS2_PLACEMENT_3D ( 'NONE', #2245, #6889, #8421 ) ;
#8180 = CARTESIAN_POINT ( 'NONE',  ( 6.274999999999998600, 0.2999999999999989900, 1.850000000000000100 ) ) ;
#8181 = DIRECTION ( 'NONE',  ( 0.0000000000000000000, -0.0000000000000000000, -1.000000000000000000 ) ) ;
#8182 = FILL_AREA_STYLE ('',( #5066 ) ) ;
#8183 = DIRECTION ( 'NONE',  ( 0.0000000000000000000, 7.228014483236719200E-016, 1.000000000000000000 ) ) ;
#8184 = CARTESIAN_POINT ( 'NONE',  ( 2.975000000000000100, 0.0000000000000000000, -2.549999999999999400 ) ) ;
#8185 = LINE ( 'NONE', #4872, #9909 ) ;
#8186 = CARTESIAN_POINT ( 'NONE',  ( 0.3750000000000012200, 1.034324500821434800, 1.850000000000000500 ) ) ;
#8187 = DIRECTION ( 'NONE',  ( 1.000000000000000000, 0.0000000000000000000, 0.0000000000000000000 ) ) ;
#8188 = LINE ( 'NONE', #5456, #3857 ) ;
#8189 = ORIENTED_EDGE ( 'NONE', *, *, #4563, .F. ) ;
#8190 = CARTESIAN_POINT ( 'NONE',  ( -2.974999999999999200, 0.7999999999999999300, -1.400000000000000600 ) ) ;
#8191 =( LENGTH_UNIT ( ) NAMED_UNIT ( * ) SI_UNIT ( .MILLI., .METRE. ) );
#8192 = AXIS2_PLACEMENT_3D ( 'NONE', #9883, #612, #1360 ) ;
#8193 = ADVANCED_FACE ( 'NONE', ( #5726 ), #5441, .F. ) ;
#8194 = CIRCLE ( 'NONE', #9221, 0.09999999999999982500 ) ;
#8195 =( NAMED_UNIT ( * ) SI_UNIT ( $, .STERADIAN. ) SOLID_ANGLE_UNIT ( ) );
#8196 = VECTOR ( 'NONE', #447, 1000.000000000000000 ) ;
#8197 = CIRCLE ( 'NONE', #2102, 0.1000000000000000500 ) ;
#8198 = VERTEX_POINT ( 'NONE', #792 ) ;
#8199 = DIRECTION ( 'NONE',  ( 0.0000000000000000000, 0.0000000000000000000, -1.000000000000000000 ) ) ;
#8200 = CARTESIAN_POINT ( 'NONE',  ( 0.0000000000000000000, 0.0000000000000000000, 0.0000000000000000000 ) ) ;
#8201 = CARTESIAN_POINT ( 'NONE',  ( 7.575000000000002000, 0.0000000000000000000, -0.3500000000000000300 ) ) ;
#8202 = ORIENTED_EDGE ( 'NONE', *, *, #7384, .F. ) ;
#8203 = DIRECTION ( 'NONE',  ( -1.000000000000000000, -0.0000000000000000000, -0.0000000000000000000 ) ) ;
#8204 = DIRECTION ( 'NONE',  ( -0.0000000000000000000, 0.0000000000000000000, 1.000000000000000000 ) ) ;
#8205 = VERTEX_POINT ( 'NONE', #2449 ) ;
#8206 = DIRECTION ( 'NONE',  ( -1.000000000000000000, 0.0000000000000000000, -6.195440985631454300E-016 ) ) ;
#8207 = FACE_OUTER_BOUND ( 'NONE', #2376, .T. ) ;
#8208 = LINE ( 'NONE', #6763, #6183 ) ;
#8209 = CARTESIAN_POINT ( 'NONE',  ( 3.269299665045116000, 0.9557003349548839300, 1.290559990745417100 ) ) ;
#8210 = DIRECTION ( 'NONE',  ( -0.0000000000000000000, -0.0000000000000000000, -1.000000000000000000 ) ) ;
#8211 = ORIENTED_EDGE ( 'NONE', *, *, #3634, .F. ) ;
#8212 = DIRECTION ( 'NONE',  ( 0.0000000000000000000, 0.0000000000000000000, 1.000000000000000000 ) ) ;
#8213 = EDGE_CURVE ( 'NONE', #3208, #1381, #6796, .T. ) ;
#8214 = EDGE_LOOP ( 'NONE', ( #8394, #8413, #2393, #2116 ) ) ;
#8215 = EDGE_LOOP ( 'NONE', ( #9291, #9867, #1690, #140 ) ) ;
#8216 = EDGE_CURVE ( 'NONE', #1574, #9035, #6209, .T. ) ;
#8217 = ADVANCED_FACE ( 'NONE', ( #8855 ), #8546, .F. ) ;
#8218 = CARTESIAN_POINT ( 'NONE',  ( 5.274999999999998600, 2.999999999999999600, -1.000000000000000900 ) ) ;
#8219 = DIRECTION ( 'NONE',  ( 0.0000000000000000000, 0.0000000000000000000, 1.000000000000000000 ) ) ;
#8220 = LINE ( 'NONE', #2438, #4121 ) ;
#8222 = DIRECTION ( 'NONE',  ( -1.000000000000000000, 0.0000000000000000000, -0.0000000000000000000 ) ) ;
#8221 = LINE ( 'NONE', #5872, #6896 ) ;
#8223 = EDGE_CURVE ( 'NONE', #9232, #6187, #1113, .T. ) ;
#8224 = ORIENTED_EDGE ( 'NONE', *, *, #6757, .T. ) ;
#8225 = EDGE_LOOP ( 'NONE', ( #728, #1674, #862, #7138 ) ) ;
#8226 = VERTEX_POINT ( 'NONE', #9390 ) ;
#8227 = DIRECTION ( 'NONE',  ( 0.0000000000000000000, 1.000000000000000000, 0.0000000000000000000 ) ) ;
#8228 = CARTESIAN_POINT ( 'NONE',  ( -4.224999999999999600, 0.1000000000000000500, -1.950000000000000200 ) ) ;
#8229 = SURFACE_STYLE_USAGE ( .BOTH. , #5219 ) ;
#8230 = EDGE_CURVE ( 'NONE', #2020, #9523, #4137, .T. ) ;
#8231 = DIRECTION ( 'NONE',  ( 1.000000000000000000, 0.0000000000000000000, 0.0000000000000000000 ) ) ;
#8232 = CARTESIAN_POINT ( 'NONE',  ( 2.975000000000000100, 0.7999999999999998200, -1.550000000000000300 ) ) ;
#8233 = VECTOR ( 'NONE', #2649, 1000.000000000000000 ) ;
#8234 = FACE_OUTER_BOUND ( 'NONE', #5129, .T. ) ;
#8235 = EDGE_CURVE ( 'NONE', #3518, #9232, #9249, .T. ) ;
#8236 = EDGE_LOOP ( 'NONE', ( #4768, #3251, #320, #5890 ) ) ;
#8237 = ORIENTED_EDGE ( 'NONE', *, *, #5153, .T. ) ;
#8238 = ORIENTED_EDGE ( 'NONE', *, *, #9341, .T. ) ;
#8239 = EDGE_CURVE ( 'NONE', #6776, #2927, #8625, .T. ) ;
#8240 = AXIS2_PLACEMENT_3D ( 'NONE', #7906, #7071, #4764 ) ;
#8241 = DIRECTION ( 'NONE',  ( 1.000000000000000000, 0.0000000000000000000, 0.0000000000000000000 ) ) ;
#8242 = DIRECTION ( 'NONE',  ( -1.000000000000000000, -0.0000000000000000000, -0.0000000000000000000 ) ) ;
#8243 = LINE ( 'NONE', #6019, #9603 ) ;
#8244 = FACE_OUTER_BOUND ( 'NONE', #395, .T. ) ;
#8245 = DIRECTION ( 'NONE',  ( 0.0000000000000000000, 7.228014483236719200E-016, 1.000000000000000000 ) ) ;
#8246 = DIRECTION ( 'NONE',  ( -0.0000000000000000000, -0.0000000000000000000, -1.000000000000000000 ) ) ;
#8247 = ADVANCED_FACE ( 'NONE', ( #4522 ), #7745, .F. ) ;
#8248 = ORIENTED_EDGE ( 'NONE', *, *, #9862, .F. ) ;
#8249 = ORIENTED_EDGE ( 'NONE', *, *, #4579, .F. ) ;
#8250 = ORIENTED_EDGE ( 'NONE', *, *, #3079, .F. ) ;
#8251 = EDGE_CURVE ( 'NONE', #9647, #4063, #996, .T. ) ;
#8252 = CARTESIAN_POINT ( 'NONE',  ( -7.374999999999999100, 1.999999999999999100, -0.5499999999999997100 ) ) ;
#8253 = DIRECTION ( 'NONE',  ( 0.0000000000000000000, 0.0000000000000000000, 1.000000000000000000 ) ) ;
#8254 = CARTESIAN_POINT ( 'NONE',  ( -5.204999999999999200, 0.2999999999999991600, -1.550000000000000300 ) ) ;
#8255 = LINE ( 'NONE', #3530, #9848 ) ;
#8256 = VECTOR ( 'NONE', #9033, 1000.000000000000000 ) ;
#8257 = AXIS2_PLACEMENT_3D ( 'NONE', #457, #7460, #8219 ) ;
#8258 = ORIENTED_EDGE ( 'NONE', *, *, #8010, .T. ) ;
#8259 = CARTESIAN_POINT ( 'NONE',  ( 3.275000000000000400, 0.0000000000000000000, -2.549999999999999400 ) ) ;
#8260 = EDGE_CURVE ( 'NONE', #9626, #2916, #7982, .T. ) ;
#8261 = ORIENTED_EDGE ( 'NONE', *, *, #840, .T. ) ;
#8262 = VERTEX_POINT ( 'NONE', #8577 ) ;
#8263 = DIRECTION ( 'NONE',  ( -1.000000000000000000, -0.0000000000000000000, -0.0000000000000000000 ) ) ;
#8264 = CARTESIAN_POINT ( 'NONE',  ( -0.4749999999999997600, 0.0000000000000000000, -2.549999999999999400 ) ) ;
#8265 = LINE ( 'NONE', #6859, #6939 ) ;
#8266 = CARTESIAN_POINT ( 'NONE',  ( -1.724999999999999600, 0.4000000000000001900, -2.649999999999999900 ) ) ;
#8267 = CARTESIAN_POINT ( 'NONE',  ( 2.025000000000000800, 1.700000000000000000, 1.249999999999986000 ) ) ;
#8268 = CARTESIAN_POINT ( 'NONE',  ( -5.274999999999999500, 0.5999999999999998700, -1.000000000000000900 ) ) ;
#8269 = ORIENTED_EDGE ( 'NONE', *, *, #2402, .F. ) ;
#8270 = EDGE_LOOP ( 'NONE', ( #7117, #1032, #6198, #6051 ) ) ;
#8271 = VERTEX_POINT ( 'NONE', #3942 ) ;
#8272 = AXIS2_PLACEMENT_3D ( 'NONE', #4003, #9422, #7700 ) ;
#8273 = DIRECTION ( 'NONE',  ( -0.9902680687415708100, -0.0000000000000000000, -0.1391731009600621100 ) ) ;
#8274 = ADVANCED_FACE ( 'NONE', ( #4262 ), #1644, .F. ) ;
#8275 = VECTOR ( 'NONE', #4038, 1000.000000000000000 ) ;
#8276 = ORIENTED_EDGE ( 'NONE', *, *, #9877, .F. ) ;
#8277 = ORIENTED_EDGE ( 'NONE', *, *, #5733, .T. ) ;
#8278 = CARTESIAN_POINT ( 'NONE',  ( 4.525000000000001200, 0.1000000000000000300, -2.649999999999999900 ) ) ;
#8279 = DIRECTION ( 'NONE',  ( 0.0000000000000000000, 0.0000000000000000000, 1.000000000000000000 ) ) ;
#8280 = ORIENTED_EDGE ( 'NONE', *, *, #1102, .T. ) ;
#8281 = ORIENTED_EDGE ( 'NONE', *, *, #7379, .F. ) ;
#8282 = DIRECTION ( 'NONE',  ( 1.000000000000000000, 0.0000000000000000000, 0.0000000000000000000 ) ) ;
#8283 = DIRECTION ( 'NONE',  ( 0.0000000000000000000, 1.000000000000000000, 4.015563601798170200E-016 ) ) ;
#8284 = CIRCLE ( 'NONE', #3468, 0.09999999999999982500 ) ;
#8285 = VERTEX_POINT ( 'NONE', #1669 ) ;
#8286 = EDGE_CURVE ( 'NONE', #4210, #9377, #7151, .T. ) ;
#8287 = EDGE_CURVE ( 'NONE', #183, #1861, #1609, .T. ) ;
#8288 = LINE ( 'NONE', #5922, #8550 ) ;
#8289 = DIRECTION ( 'NONE',  ( 0.0000000000000000000, -1.000000000000000000, 0.0000000000000000000 ) ) ;
#8290 = ORIENTED_EDGE ( 'NONE', *, *, #7829, .T. ) ;
#8291 = EDGE_CURVE ( 'NONE', #9967, #667, #5125, .T. ) ;
#8292 = CARTESIAN_POINT ( 'NONE',  ( 7.374999999999999100, 1.999999999999999600, 2.250000000000000400 ) ) ;
#8293 = CARTESIAN_POINT ( 'NONE',  ( -5.274999999999999500, 2.179999999999998800, 2.400000000000003000 ) ) ;
#8294 = CIRCLE ( 'NONE', #5252, 0.1000000000000002600 ) ;
#8295 = ORIENTED_EDGE ( 'NONE', *, *, #6418, .T. ) ;
#8296 = DIRECTION ( 'NONE',  ( 1.000000000000000000, 0.0000000000000000000, 0.0000000000000000000 ) ) ;
#8297 = VECTOR ( 'NONE', #6247, 1000.000000000000000 ) ;
#8298 = VERTEX_POINT ( 'NONE', #2621 ) ;
#8299 = EDGE_CURVE ( 'NONE', #5783, #991, #3405, .T. ) ;
#8300 = CARTESIAN_POINT ( 'NONE',  ( 3.275000000000000400, 0.5000000000000000000, -2.550000000000000300 ) ) ;
#8301 = EDGE_CURVE ( 'NONE', #5227, #1773, #2921, .T. ) ;
#8302 = ORIENTED_EDGE ( 'NONE', *, *, #2182, .T. ) ;
#8303 = EDGE_CURVE ( 'NONE', #2497, #5870, #3052, .T. ) ;
#8304 = PLANE ( 'NONE',  #524 ) ;
#8305 = ADVANCED_FACE ( 'NONE', ( #2323 ), #8797, .F. ) ;
#8306 = CARTESIAN_POINT ( 'NONE',  ( 0.4750000000000005900, 0.5000000000000000000, -1.849999999999999900 ) ) ;
#8307 = PLANE ( 'NONE',  #6003 ) ;
#8308 = LINE ( 'NONE', #6825, #8042 ) ;
#8309 = ORIENTED_EDGE ( 'NONE', *, *, #8834, .T. ) ;
#8310 = EDGE_CURVE ( 'NONE', #9587, #694, #7143, .T. ) ;
#8311 = CARTESIAN_POINT ( 'NONE',  ( -7.174999999999998900, 2.200000000000000200, 2.250000000000000400 ) ) ;
#8312 = ADVANCED_FACE ( 'NONE', ( #2811 ), #8673, .F. ) ;
#8313 = FACE_OUTER_BOUND ( 'NONE', #8270, .T. ) ;
#8314 = EDGE_LOOP ( 'NONE', ( #1440, #275, #7958, #2716 ) ) ;
#8315 = EDGE_CURVE ( 'NONE', #2504, #5225, #5957, .T. ) ;
#8316 = DIRECTION ( 'NONE',  ( -0.0000000000000000000, -1.000000000000000000, -0.0000000000000000000 ) ) ;
#8317 = PLANE ( 'NONE',  #2114 ) ;
#8318 = CARTESIAN_POINT ( 'NONE',  ( 4.225000000000001400, 0.9499999999999998400, 1.249999999999986000 ) ) ;
#8319 = MECHANICAL_DESIGN_GEOMETRIC_PRESENTATION_REPRESENTATION (  '', ( #99 ), #8112 ) ;
#8320 = CYLINDRICAL_SURFACE ( 'NONE', #2495, 0.09999999999999982500 ) ;
#8321 = VECTOR ( 'NONE', #2668, 1000.000000000000100 ) ;
#8322 = ORIENTED_EDGE ( 'NONE', *, *, #9238, .F. ) ;
#8323 = DIRECTION ( 'NONE',  ( 1.000000000000000000, 0.0000000000000000000, -0.0000000000000000000 ) ) ;
#8324 = PLANE ( 'NONE',  #2372 ) ;
#8325 = VECTOR ( 'NONE', #8488, 1000.000000000000000 ) ;
#8326 = DIRECTION ( 'NONE',  ( 1.000000000000000000, 0.0000000000000000000, 0.0000000000000000000 ) ) ;
#8327 = ORIENTED_EDGE ( 'NONE', *, *, #9095, .T. ) ;
#8328 = DIRECTION ( 'NONE',  ( -1.000000000000000000, -0.0000000000000000000, -0.0000000000000000000 ) ) ;
#8329 = EDGE_CURVE ( 'NONE', #9832, #2452, #146, .T. ) ;
#8330 = VECTOR ( 'NONE', #8869, 1000.000000000000000 ) ;
#8331 = ORIENTED_EDGE ( 'NONE', *, *, #8822, .F. ) ;
#8332 = FILL_AREA_STYLE ('',( #5883 ) ) ;
#8333 = CARTESIAN_POINT ( 'NONE',  ( -4.224999999999999600, 0.5000000000000000000, -1.849999999999999900 ) ) ;
#8334 = DIRECTION ( 'NONE',  ( 0.0000000000000000000, 1.000000000000000000, 4.015563601798170200E-016 ) ) ;
#8335 = DIRECTION ( 'NONE',  ( 0.0000000000000000000, -1.000000000000000000, -4.015563601798169700E-016 ) ) ;
#8336 = LINE ( 'NONE', #3284, #7952 ) ;
#8337 = DIRECTION ( 'NONE',  ( 0.0000000000000000000, 0.0000000000000000000, 1.000000000000000000 ) ) ;
#8338 = ORIENTED_EDGE ( 'NONE', *, *, #7764, .T. ) ;
#8339 = CARTESIAN_POINT ( 'NONE',  ( 2.975000000000000100, 0.9499999999999998400, -1.000000000000000700 ) ) ;
#8340 = ORIENTED_EDGE ( 'NONE', *, *, #7392, .F. ) ;
#8341 = LINE ( 'NONE', #1370, #3018 ) ;
#8342 = CARTESIAN_POINT ( 'NONE',  ( -3.274999999999999500, 1.399999999999999700, -1.700000000000000800 ) ) ;
#8343 =( GEOMETRIC_REPRESENTATION_CONTEXT ( 3 ) GLOBAL_UNCERTAINTY_ASSIGNED_CONTEXT ( ( #4626 ) ) GLOBAL_UNIT_ASSIGNED_CONTEXT ( ( #5076, #8047, #1913 ) ) REPRESENTATION_CONTEXT ( 'NONE', 'WORKASPACE' ) );
#8344 = DIRECTION ( 'NONE',  ( -0.0000000000000000000, -0.0000000000000000000, -1.000000000000000000 ) ) ;
#8345 = DIRECTION ( 'NONE',  ( 0.0000000000000000000, 1.000000000000000000, 0.0000000000000000000 ) ) ;
#8346 = DIRECTION ( 'NONE',  ( 0.0000000000000000000, -1.000000000000000000, -4.015563601798169700E-016 ) ) ;
#8347 = ORIENTED_EDGE ( 'NONE', *, *, #3429, .F. ) ;
#8348 = AXIS2_PLACEMENT_3D ( 'NONE', #3444, #3471, #7280 ) ;
#8349 = VERTEX_POINT ( 'NONE', #8700 ) ;
#8350 = ORIENTED_EDGE ( 'NONE', *, *, #1822, .F. ) ;
#8351 = FACE_OUTER_BOUND ( 'NONE', #2615, .T. ) ;
#8352 = VECTOR ( 'NONE', #3816, 1000.000000000000000 ) ;
#8353 = CARTESIAN_POINT ( 'NONE',  ( -0.4749999999999997600, 0.6000000000000007500, -2.550000000000000300 ) ) ;
#8354 = ORIENTED_EDGE ( 'NONE', *, *, #9115, .F. ) ;
#8355 = EDGE_CURVE ( 'NONE', #1230, #3201, #9591, .T. ) ;
#8356 = EDGE_CURVE ( 'NONE', #1688, #4845, #1601, .T. ) ;
#8357 = ORIENTED_EDGE ( 'NONE', *, *, #1400, .F. ) ;
#8358 = EDGE_CURVE ( 'NONE', #3336, #3208, #6087, .T. ) ;
#8359 = VERTEX_POINT ( 'NONE', #4070 ) ;
#8360 = EDGE_LOOP ( 'NONE', ( #3880, #4126, #6339, #3048 ) ) ;
#8361 = PLANE ( 'NONE',  #7212 ) ;
#8362 = LINE ( 'NONE', #5611, #7617 ) ;
#8363 = CARTESIAN_POINT ( 'NONE',  ( 5.204999999999999200, 0.2999999999999991600, -1.550000000000000300 ) ) ;
#8364 = EDGE_CURVE ( 'NONE', #3506, #6465, #9344, .T. ) ;
#8365 = FACE_OUTER_BOUND ( 'NONE', #4612, .T. ) ;
#8366 = LINE ( 'NONE', #4083, #6546 ) ;
#8367 = CARTESIAN_POINT ( 'NONE',  ( 5.204999999999999200, 0.0000000000000000000, 2.650000000000000400 ) ) ;
#8368 = VERTEX_POINT ( 'NONE', #9524 ) ;
#8369 = DIRECTION ( 'NONE',  ( -0.0000000000000000000, -0.0000000000000000000, -1.000000000000000000 ) ) ;
#8370 = ORIENTED_EDGE ( 'NONE', *, *, #2609, .T. ) ;
#8371 = CARTESIAN_POINT ( 'NONE',  ( -3.274999999999999500, 1.399999999999999900, -2.299999999999999800 ) ) ;
#8372 = EDGE_LOOP ( 'NONE', ( #3279, #6752, #4494, #9270, #5584 ) ) ;
#8373 = VERTEX_POINT ( 'NONE', #242 ) ;
#8374 = CARTESIAN_POINT ( 'NONE',  ( -0.4749999999999997600, 2.140000000000000100, -1.400000000000000600 ) ) ;
#8375 = VECTOR ( 'NONE', #7902, 1000.000000000000000 ) ;
#8376 = EDGE_CURVE ( 'NONE', #5691, #6529, #3653, .T. ) ;
#8377 = CIRCLE ( 'NONE', #2424, 0.1000000000000002600 ) ;
#8379 = DIRECTION ( 'NONE',  ( -4.380838333381046200E-016, -0.7071067811865512400, 0.7071067811865439100 ) ) ;
#8378 = LINE ( 'NONE', #9939, #6919 ) ;
#8380 = ORIENTED_EDGE ( 'NONE', *, *, #4562, .T. ) ;
#8381 = ORIENTED_EDGE ( 'NONE', *, *, #9164, .T. ) ;
#8382 = AXIS2_PLACEMENT_3D ( 'NONE', #436, #8852, #7374 ) ;
#8383 = CARTESIAN_POINT ( 'NONE',  ( 4.525000000000001200, 1.700000000000000000, -1.000000000000000700 ) ) ;
#8384 = DIRECTION ( 'NONE',  ( 0.0000000000000000000, 0.0000000000000000000, -1.000000000000000000 ) ) ;
#8385 = FILL_AREA_STYLE_COLOUR ( '', #8940 ) ;
#8386 = CARTESIAN_POINT ( 'NONE',  ( 2.025000000000000800, 1.500000000000000000, -1.600000000000001000 ) ) ;
#8387 = DIRECTION ( 'NONE',  ( -2.168404344970999300E-016, -1.000000000000000000, 0.0000000000000000000 ) ) ;
#8388 = CARTESIAN_POINT ( 'NONE',  ( 0.7750000000000004700, 0.6000000000000007500, -2.449999999999999700 ) ) ;
#8389 = VECTOR ( 'NONE', #3254, 1000.000000000000000 ) ;
#8390 = FACE_OUTER_BOUND ( 'NONE', #8236, .T. ) ;
#8391 = ORIENTED_EDGE ( 'NONE', *, *, #5932, .T. ) ;
#8392 = EDGE_CURVE ( 'NONE', #7813, #8285, #3043, .T. ) ;
#8393 = DIRECTION ( 'NONE',  ( -1.000000000000000000, -0.0000000000000000000, -0.0000000000000000000 ) ) ;
#8394 = ORIENTED_EDGE ( 'NONE', *, *, #5607, .T. ) ;
#8395 = EDGE_LOOP ( 'NONE', ( #5697, #5682, #6190, #8006 ) ) ;
#8396 = DIRECTION ( 'NONE',  ( 0.7071067811865435800, 0.7071067811865515700, 0.0000000000000000000 ) ) ;
#8397 = CARTESIAN_POINT ( 'NONE',  ( 4.225000000000001400, 1.700000000000000000, 3.457774721070176100 ) ) ;
#8398 = AXIS2_PLACEMENT_3D ( 'NONE', #4230, #6450, #3342 ) ;
#8399 = LINE ( 'NONE', #1795, #9499 ) ;
#8400 = ORIENTED_EDGE ( 'NONE', *, *, #9997, .F. ) ;
#8401 = DIRECTION ( 'NONE',  ( 1.000000000000000000, 0.0000000000000000000, 0.0000000000000000000 ) ) ;
#8402 = VERTEX_POINT ( 'NONE', #4953 ) ;
#8403 = ORIENTED_EDGE ( 'NONE', *, *, #1461, .F. ) ;
#8404 = CARTESIAN_POINT ( 'NONE',  ( 4.525000000000001200, 0.4000000000000001900, -2.649999999999999900 ) ) ;
#8405 = VERTEX_POINT ( 'NONE', #9560 ) ;
#8406 = CARTESIAN_POINT ( 'NONE',  ( 2.025000000000000800, 0.9499999999999998400, -1.000000000000000700 ) ) ;
#8407 = CARTESIAN_POINT ( 'NONE',  ( -6.274999999999998600, 0.2999999999999989900, 1.850000000000000100 ) ) ;
#8408 = DIRECTION ( 'NONE',  ( 0.0000000000000000000, -6.672013369141573100E-016, 1.000000000000000000 ) ) ;
#8409 = LINE ( 'NONE', #5476, #3304 ) ;
#8410 = CIRCLE ( 'NONE', #10030, 0.1000000000000000500 ) ;
#8411 = CARTESIAN_POINT ( 'NONE',  ( 5.875000000000000000, 2.700000000000005500, 2.250000000000000400 ) ) ;
#8412 = EDGE_CURVE ( 'NONE', #8024, #2400, #3777, .T. ) ;
#8413 = ORIENTED_EDGE ( 'NONE', *, *, #1759, .F. ) ;
#8414 = DIRECTION ( 'NONE',  ( 0.0000000000000000000, 0.0000000000000000000, -1.000000000000000000 ) ) ;
#8415 = VECTOR ( 'NONE', #9061, 1000.000000000000000 ) ;
#8416 = AXIS2_PLACEMENT_3D ( 'NONE', #2841, #5230, #6829 ) ;
#8417 = CARTESIAN_POINT ( 'NONE',  ( -4.224999999999999600, 0.5000000000000000000, -1.849999999999999900 ) ) ;
#8418 = VECTOR ( 'NONE', #4797, 1000.000000000000000 ) ;
#8419 = VERTEX_POINT ( 'NONE', #8904 ) ;
#8420 = ORIENTED_EDGE ( 'NONE', *, *, #6685, .T. ) ;
#8421 = DIRECTION ( 'NONE',  ( 0.7071067811865452400, 0.7071067811865497900, 0.0000000000000000000 ) ) ;
#8422 = CARTESIAN_POINT ( 'NONE',  ( 4.525000000000001200, 2.140000000000000100, -1.500000000000000000 ) ) ;
#8423 = ORIENTED_EDGE ( 'NONE', *, *, #8693, .T. ) ;
#8424 = PLANE ( 'NONE',  #6259 ) ;
#8425 = EDGE_CURVE ( 'NONE', #5001, #2292, #1953, .T. ) ;
#8426 = CARTESIAN_POINT ( 'NONE',  ( 3.275000000000000400, 2.140000000000000100, -1.500000000000000000 ) ) ;
#8427 = EDGE_CURVE ( 'NONE', #9870, #684, #3272, .T. ) ;
#8428 = LINE ( 'NONE', #2837, #2148 ) ;
#8429 = ORIENTED_EDGE ( 'NONE', *, *, #9286, .T. ) ;
#8430 = EDGE_CURVE ( 'NONE', #5854, #991, #2800, .T. ) ;
#8431 = ORIENTED_EDGE ( 'NONE', *, *, #7179, .T. ) ;
#8432 = AXIS2_PLACEMENT_3D ( 'NONE', #8180, #7429, #1904 ) ;
#8433 = DIRECTION ( 'NONE',  ( 0.0000000000000000000, -0.7071067811865439100, -0.7071067811865512400 ) ) ;
#8434 = FACE_OUTER_BOUND ( 'NONE', #2903, .T. ) ;
#8435 = VECTOR ( 'NONE', #5521, 1000.000000000000000 ) ;
#8436 = ORIENTED_EDGE ( 'NONE', *, *, #2473, .T. ) ;
#8437 = CARTESIAN_POINT ( 'NONE',  ( -2.974999999999999200, 1.250000000000000000, -2.449999999999999300 ) ) ;
#8438 = EDGE_CURVE ( 'NONE', #2913, #680, #9962, .T. ) ;
#8439 = DIRECTION ( 'NONE',  ( -0.0000000000000000000, -0.0000000000000000000, 1.000000000000000000 ) ) ;
#8440 = CARTESIAN_POINT ( 'NONE',  ( 5.874999999999999100, 2.499999999999999600, -1.550000000000000500 ) ) ;
#8441 = DIRECTION ( 'NONE',  ( 0.0000000000000000000, -3.614007241618353200E-016, 1.000000000000000000 ) ) ;
#8442 = VECTOR ( 'NONE', #6990, 1000.000000000000000 ) ;
#8443 = DIRECTION ( 'NONE',  ( 0.0000000000000000000, 0.9902680687415708100, -0.1391731009600621100 ) ) ;
#8444 = AXIS2_PLACEMENT_3D ( 'NONE', #6007, #7586, #7656 ) ;
#8445 =( LENGTH_UNIT ( ) NAMED_UNIT ( * ) SI_UNIT ( .MILLI., .METRE. ) );
#8446 = LINE ( 'NONE', #9463, #5195 ) ;
#8447 = EDGE_LOOP ( 'NONE', ( #8966, #4622, #8003, #9494, #4228, #7760 ) ) ;
#8448 = AXIS2_PLACEMENT_3D ( 'NONE', #3120, #2319, #7698 ) ;
#8449 = DIRECTION ( 'NONE',  ( 0.0000000000000000000, 0.0000000000000000000, -1.000000000000000000 ) ) ;
#8450 = CARTESIAN_POINT ( 'NONE',  ( 2.025000000000000800, 1.700000000000000000, 3.457774721070176100 ) ) ;
#8451 = LINE ( 'NONE', #5432, #1790 ) ;
#8452 = FILL_AREA_STYLE_COLOUR ( '', #4095 ) ;
#8453 = DIRECTION ( 'NONE',  ( -0.1378445374916254000, -0.1378445374916254000, -0.9808148484639900300 ) ) ;
#8454 = EDGE_CURVE ( 'NONE', #9798, #8368, #7620, .T. ) ;
#8455 = CARTESIAN_POINT ( 'NONE',  ( 4.525000000000001200, 0.0000000000000000000, -1.950000000000000800 ) ) ;
#8456 = LINE ( 'NONE', #1577, #6395 ) ;
#8457 = VERTEX_POINT ( 'NONE', #9689 ) ;
#8458 = CARTESIAN_POINT ( 'NONE',  ( -7.575000000000000200, 0.2500000000000000000, -0.3500000000000000300 ) ) ;
#8459 = EDGE_CURVE ( 'NONE', #7857, #4448, #746, .T. ) ;
#8460 = AXIS2_PLACEMENT_3D ( 'NONE', #9764, #5060, #7922 ) ;
#8461 = VECTOR ( 'NONE', #2490, 1000.000000000000000 ) ;
#8462 = CARTESIAN_POINT ( 'NONE',  ( 0.7750000000000004700, 0.5000000000000000000, -1.550000000000000300 ) ) ;
#8463 = MANIFOLD_SOLID_BREP ( 'Body-Move/Copy2', #3994 ) ;
#8464 = ORIENTED_EDGE ( 'NONE', *, *, #9616, .T. ) ;
#8465 = CARTESIAN_POINT ( 'NONE',  ( 5.594999999999998000, 1.430000000000000200, -1.000000000000000700 ) ) ;
#8466 = ORIENTED_EDGE ( 'NONE', *, *, #7561, .T. ) ;
#8467 = CARTESIAN_POINT ( 'NONE',  ( -5.274999999999999500, 1.429999999999998800, -12.21954250419119600 ) ) ;
#8468 = VECTOR ( 'NONE', #6219, 1000.000000000000000 ) ;
#8470 = CARTESIAN_POINT ( 'NONE',  ( 6.274999999999998600, 0.2999999999999989900, 1.850000000000000100 ) ) ;
#8469 = VECTOR ( 'NONE', #6070, 1000.000000000000000 ) ;
#8471 = DIRECTION ( 'NONE',  ( -0.0000000000000000000, -0.0000000000000000000, 1.000000000000000000 ) ) ;
#8472 = CARTESIAN_POINT ( 'NONE',  ( -1.724999999999999600, 1.250000000000000000, -2.299999999999999800 ) ) ;
#8473 = EDGE_LOOP ( 'NONE', ( #6332, #4758, #7361, #8131 ) ) ;
#8474 = CARTESIAN_POINT ( 'NONE',  ( 2.975000000000000100, 1.700000000000000000, 1.249999999999986000 ) ) ;
#8475 = ORIENTED_EDGE ( 'NONE', *, *, #3900, .T. ) ;
#8476 = ORIENTED_EDGE ( 'NONE', *, *, #133, .F. ) ;
#8477 = CARTESIAN_POINT ( 'NONE',  ( -0.4749999999999997600, 0.4000000000000001900, -2.550000000000000300 ) ) ;
#8478 = CARTESIAN_POINT ( 'NONE',  ( 3.275000000000000400, 0.0000000000000000000, -2.549999999999999400 ) ) ;
#8479 = SURFACE_STYLE_USAGE ( .BOTH. , #7643 ) ;
#8480 = CARTESIAN_POINT ( 'NONE',  ( 3.275000000000000400, 0.1000000000000000300, -2.550000000000000300 ) ) ;
#8481 = DIRECTION ( 'NONE',  ( -1.000000000000000000, -0.0000000000000000000, -0.0000000000000000000 ) ) ;
#8482 = LINE ( 'NONE', #9014, #1222 ) ;
#8483 = LINE ( 'NONE', #6838, #849 ) ;
#8484 = EDGE_LOOP ( 'NONE', ( #6090, #513, #7463, #8248 ) ) ;
#8485 = VERTEX_POINT ( 'NONE', #5831 ) ;
#8486 = ORIENTED_EDGE ( 'NONE', *, *, #2419, .T. ) ;
#8487 = EDGE_CURVE ( 'NONE', #6071, #4544, #3155, .T. ) ;
#8488 = DIRECTION ( 'NONE',  ( 0.0000000000000000000, -1.000000000000000000, 0.0000000000000000000 ) ) ;
#8489 = FACE_OUTER_BOUND ( 'NONE', #8772, .T. ) ;
#8490 = PLANE ( 'NONE',  #5968 ) ;
#8491 = DIRECTION ( 'NONE',  ( 1.000000000000000000, 0.0000000000000000000, 0.0000000000000000000 ) ) ;
#8492 = CARTESIAN_POINT ( 'NONE',  ( -2.974999999999999200, 0.4000000000000001900, -2.649999999999999900 ) ) ;
#8493 = VECTOR ( 'NONE', #8647, 1000.000000000000000 ) ;
#8494 = DIRECTION ( 'NONE',  ( 0.0000000000000000000, 1.000000000000000000, 4.015563601798170200E-016 ) ) ;
#8495 = DIRECTION ( 'NONE',  ( -1.000000000000000000, -0.0000000000000000000, -0.0000000000000000000 ) ) ;
#8496 = EDGE_CURVE ( 'NONE', #9377, #3388, #5599, .T. ) ;
#8497 = FACE_OUTER_BOUND ( 'NONE', #4576, .T. ) ;
#8498 = ORIENTED_EDGE ( 'NONE', *, *, #1055, .F. ) ;
#8499 = FACE_OUTER_BOUND ( 'NONE', #2330, .T. ) ;
#8500 = ORIENTED_EDGE ( 'NONE', *, *, #782, .F. ) ;
#8501 = ORIENTED_EDGE ( 'NONE', *, *, #1055, .T. ) ;
#8502 = ADVANCED_FACE ( 'NONE', ( #5367 ), #1191, .F. ) ;
#8503 = LINE ( 'NONE', #9699, #2918 ) ;
#8504 = CARTESIAN_POINT ( 'NONE',  ( 2.975000000000000100, 0.5000000000000000000, -2.550000000000000300 ) ) ;
#8505 = EDGE_CURVE ( 'NONE', #521, #883, #1097, .T. ) ;
#8506 = VECTOR ( 'NONE', #5375, 1000.000000000000000 ) ;
#8507 = LINE ( 'NONE', #9784, #4752 ) ;
#8508 = EDGE_CURVE ( 'NONE', #2218, #7264, #7735, .T. ) ;
#8509 = CARTESIAN_POINT ( 'NONE',  ( -3.274999999999999500, 0.6000000000000007500, -2.550000000000000300 ) ) ;
#8510 = EDGE_LOOP ( 'NONE', ( #5827, #4487, #7016, #6733 ) ) ;
#8511 = CARTESIAN_POINT ( 'NONE',  ( -1.724999999999999600, 0.4000000000000001900, -2.649999999999999900 ) ) ;
#8512 = ORIENTED_EDGE ( 'NONE', *, *, #3708, .F. ) ;
#8513 = VERTEX_POINT ( 'NONE', #1084 ) ;
#8514 = EDGE_CURVE ( 'NONE', #7499, #7402, #1714, .T. ) ;
#8515 = AXIS2_PLACEMENT_3D ( 'NONE', #2931, #6058, #8337 ) ;
#8516 = DIRECTION ( 'NONE',  ( 1.000000000000000000, -0.0000000000000000000, 1.146293045799652500E-016 ) ) ;
#8517 = VECTOR ( 'NONE', #4663, 1000.000000000000000 ) ;
#8518 = LINE ( 'NONE', #4937, #764 ) ;
#8519 = FACE_OUTER_BOUND ( 'NONE', #3101, .T. ) ;
#8520 = DIRECTION ( 'NONE',  ( 0.7071067811865512400, -0.0000000000000000000, -0.7071067811865439100 ) ) ;
#8521 = DIRECTION ( 'NONE',  ( 0.0000000000000000000, -7.228014483236719200E-016, -1.000000000000000000 ) ) ;
#8522 = ORIENTED_EDGE ( 'NONE', *, *, #4749, .F. ) ;
#8523 = CARTESIAN_POINT ( 'NONE',  ( -0.7749999999999996900, 0.9499999999999998400, 1.249999999999986000 ) ) ;
#8524 = DIRECTION ( 'NONE',  ( -1.000000000000000000, -0.0000000000000000000, -0.0000000000000000000 ) ) ;
#8525 = ORIENTED_EDGE ( 'NONE', *, *, #7438, .T. ) ;
#8526 = ORIENTED_EDGE ( 'NONE', *, *, #7494, .F. ) ;
#8527 = EDGE_CURVE ( 'NONE', #259, #2833, #1236, .T. ) ;
#8528 = DIRECTION ( 'NONE',  ( -0.1378445374916254000, -0.1378445374916254000, -0.9808148484639900300 ) ) ;
#8529 = CARTESIAN_POINT ( 'NONE',  ( -5.594999999999998900, 2.179999999999998800, -1.000000000000000700 ) ) ;
#8530 = VECTOR ( 'NONE', #7655, 1000.000000000000000 ) ;
#8531 = PRESENTATION_LAYER_ASSIGNMENT (  '', '', ( #8842 ) ) ;
#8532 = ADVANCED_FACE ( 'NONE', ( #4128 ), #5032, .F. ) ;
#8533 = ORIENTED_EDGE ( 'NONE', *, *, #9387, .F. ) ;
#8534 = CARTESIAN_POINT ( 'NONE',  ( 3.275000000000000400, 0.0000000000000000000, -1.950000000000000800 ) ) ;
#8535 = PLANE ( 'NONE',  #6317 ) ;
#8536 = CARTESIAN_POINT ( 'NONE',  ( 4.525000000000001200, 2.140000000000000100, -1.400000000000000600 ) ) ;
#8537 = ORIENTED_EDGE ( 'NONE', *, *, #5919, .F. ) ;
#8538 = VERTEX_POINT ( 'NONE', #6793 ) ;
#8539 = CARTESIAN_POINT ( 'NONE',  ( -1.724999999999999600, 2.140000000000000100, -1.500000000000000000 ) ) ;
#8540 = CIRCLE ( 'NONE', #9847, 0.1000000000000000500 ) ;
#8541 = ORIENTED_EDGE ( 'NONE', *, *, #4249, .F. ) ;
#8542 = DIRECTION ( 'NONE',  ( -1.000000000000000000, -0.0000000000000000000, -0.0000000000000000000 ) ) ;
#8543 = CARTESIAN_POINT ( 'NONE',  ( 3.275000000000000400, 0.7999999999999998200, -1.550000000000000300 ) ) ;
#8544 = ORIENTED_EDGE ( 'NONE', *, *, #3716, .T. ) ;
#8545 = ORIENTED_EDGE ( 'NONE', *, *, #8508, .F. ) ;
#8546 = PLANE ( 'NONE',  #8646 ) ;
#8547 = AXIS2_PLACEMENT_3D ( 'NONE', #1877, #8045, #8918 ) ;
#8548 = LINE ( 'NONE', #1067, #7681 ) ;
#8549 = ORIENTED_EDGE ( 'NONE', *, *, #6731, .F. ) ;
#8550 = VECTOR ( 'NONE', #2831, 1000.000000000000000 ) ;
#8551 = ORIENTED_EDGE ( 'NONE', *, *, #1400, .T. ) ;
#8552 = CARTESIAN_POINT ( 'NONE',  ( -5.204999999999999200, 0.2999999999999991600, -1.550000000000000300 ) ) ;
#8553 = VERTEX_POINT ( 'NONE', #5160 ) ;
#8554 = DIRECTION ( 'NONE',  ( -1.000000000000000000, 0.0000000000000000000, 0.0000000000000000000 ) ) ;
#8555 = DIRECTION ( 'NONE',  ( -1.000000000000000000, -0.0000000000000000000, -0.0000000000000000000 ) ) ;
#8556 = DIRECTION ( 'NONE',  ( -1.000000000000000000, -0.0000000000000000000, -0.0000000000000000000 ) ) ;
#8557 = LINE ( 'NONE', #3292, #4194 ) ;
#8558 = ORIENTED_EDGE ( 'NONE', *, *, #1639, .F. ) ;
#8559 = ADVANCED_FACE ( 'NONE', ( #2081 ), #1366, .F. ) ;
#8560 = CARTESIAN_POINT ( 'NONE',  ( 5.974999999999998800, 0.2999999999999989900, -0.3500000000000000300 ) ) ;
#8561 = LINE ( 'NONE', #7767, #8297 ) ;
#8562 = AXIS2_PLACEMENT_3D ( 'NONE', #8005, #5007, #4933 ) ;
#8563 = CARTESIAN_POINT ( 'NONE',  ( 3.885000000000000200, 3.469233347080714400, 2.650000000000000800 ) ) ;
#8564 = FACE_OUTER_BOUND ( 'NONE', #4994, .T. ) ;
#8565 = VECTOR ( 'NONE', #6316, 1000.000000000000000 ) ;
#8566 = ORIENTED_EDGE ( 'NONE', *, *, #1339, .F. ) ;
#8567 = CARTESIAN_POINT ( 'NONE',  ( -4.224999999999999600, 1.700000000000000000, -1.000000000000000700 ) ) ;
#8568 = DIRECTION ( 'NONE',  ( 0.0000000000000000000, 0.0000000000000000000, -1.000000000000000000 ) ) ;
#8569 = EDGE_CURVE ( 'NONE', #3416, #7070, #5355, .T. ) ;
#8570 = EDGE_CURVE ( 'NONE', #4198, #391, #8094, .T. ) ;
#8571 = VECTOR ( 'NONE', #8524, 1000.000000000000000 ) ;
#8572 = ORIENTED_EDGE ( 'NONE', *, *, #6411, .F. ) ;
#8573 = EDGE_CURVE ( 'NONE', #1239, #9424, #6651, .T. ) ;
#8574 = PLANE ( 'NONE',  #688 ) ;
#8575 = AXIS2_PLACEMENT_3D ( 'NONE', #5201, #6697, #1336 ) ;
#8576 = CARTESIAN_POINT ( 'NONE',  ( -0.7749999999999996900, 0.9499999999999998400, -1.000000000000000700 ) ) ;
#8577 = CARTESIAN_POINT ( 'NONE',  ( -4.285000000000000100, 0.2999999999999991600, 6.505213034913026600E-016 ) ) ;
#8578 = ADVANCED_FACE ( 'NONE', ( #8351 ), #3663, .F. ) ;
#8579 = EDGE_CURVE ( 'NONE', #4907, #2780, #859, .T. ) ;
#8580 = LINE ( 'NONE', #3264, #8688 ) ;
#8581 = COLOUR_RGB ( '',0.7921568627450980000, 0.8196078431372548800, 0.9333333333333333500 ) ;
#8582 = ORIENTED_EDGE ( 'NONE', *, *, #5484, .F. ) ;
#8583 = EDGE_CURVE ( 'NONE', #6507, #8024, #6416, .T. ) ;
#8584 = PLANE ( 'NONE',  #2656 ) ;
#8585 = DIRECTION ( 'NONE',  ( 1.000000000000000000, 0.0000000000000000000, 0.0000000000000000000 ) ) ;
#8586 = LINE ( 'NONE', #6163, #5078 ) ;
#8587 = DIRECTION ( 'NONE',  ( -0.0000000000000000000, 1.000000000000000000, -0.0000000000000000000 ) ) ;
#8588 = PRESENTATION_LAYER_ASSIGNMENT (  '', '', ( #7841 ) ) ;
#8589 = AXIS2_PLACEMENT_3D ( 'NONE', #2533, #4975, #1786 ) ;
#8590 = ORIENTED_EDGE ( 'NONE', *, *, #2100, .F. ) ;
#8591 = CARTESIAN_POINT ( 'NONE',  ( 6.224999999999999600, 0.2999999999999989300, 1.850000000000000100 ) ) ;
#8592 = DIRECTION ( 'NONE',  ( -0.0000000000000000000, 1.000000000000000000, 6.672013369141573100E-016 ) ) ;
#8593 = VECTOR ( 'NONE', #8953, 1000.000000000000000 ) ;
#8594 = ORIENTED_EDGE ( 'NONE', *, *, #2217, .T. ) ;
#8596 = DIRECTION ( 'NONE',  ( 1.000000000000000000, 0.0000000000000000000, 0.0000000000000000000 ) ) ;
#8595 = CIRCLE ( 'NONE', #2338, 0.2999999999999990500 ) ;
#8597 = LINE ( 'NONE', #8458, #2422 ) ;
#8598 = EDGE_CURVE ( 'NONE', #7054, #7487, #2440, .T. ) ;
#8599 = CARTESIAN_POINT ( 'NONE',  ( 0.0000000000000000000, 0.0000000000000000000, -0.5499999999999997100 ) ) ;
#8600 = CARTESIAN_POINT ( 'NONE',  ( -4.224999999999999600, 1.500000000000000000, -1.600000000000000800 ) ) ;
#8601 = UNCERTAINTY_MEASURE_WITH_UNIT (LENGTH_MEASURE( 1.000000000000000100E-005 ), #1520, 'distance_accuracy_value', 'NONE');
#8602 = ORIENTED_EDGE ( 'NONE', *, *, #9442, .F. ) ;
#8603 = ORIENTED_EDGE ( 'NONE', *, *, #3079, .T. ) ;
#8604 = AXIS2_PLACEMENT_3D ( 'NONE', #9112, #4449, #9879 ) ;
#8605 = ADVANCED_FACE ( 'NONE', ( #6784 ), #4419, .F. ) ;
#8606 = VECTOR ( 'NONE', #6542, 1000.000000000000000 ) ;
#8607 = LINE ( 'NONE', #6342, #9335 ) ;
#8608 = DIRECTION ( 'NONE',  ( 0.0000000000000000000, 0.0000000000000000000, -1.000000000000000000 ) ) ;
#8609 = CARTESIAN_POINT ( 'NONE',  ( 2.025000000000000800, 0.5000000000000000000, -2.550000000000000300 ) ) ;
#8610 = ORIENTED_EDGE ( 'NONE', *, *, #4672, .F. ) ;
#8611 = CARTESIAN_POINT ( 'NONE',  ( -5.204999999999999200, -4.336808689942017700E-016, -0.5999999999999998700 ) ) ;
#8612 = VERTEX_POINT ( 'NONE', #8278 ) ;
#8613 = ORIENTED_EDGE ( 'NONE', *, *, #7571, .T. ) ;
#8614 = CARTESIAN_POINT ( 'NONE',  ( -3.274999999999999500, 0.7999999999999999300, -1.400000000000000600 ) ) ;
#8615 = VECTOR ( 'NONE', #6327, 1000.000000000000000 ) ;
#8616 = LINE ( 'NONE', #2193, #2324 ) ;
#8617 = PLANE ( 'NONE',  #7314 ) ;
#8618 = ORIENTED_EDGE ( 'NONE', *, *, #8213, .T. ) ;
#8619 = VERTEX_POINT ( 'NONE', #6038 ) ;
#8620 = DIRECTION ( 'NONE',  ( 0.0000000000000000000, 0.0000000000000000000, 1.000000000000000000 ) ) ;
#8621 = VERTEX_POINT ( 'NONE', #3588 ) ;
#8622 = ORIENTED_EDGE ( 'NONE', *, *, #2160, .T. ) ;
#8623 = CARTESIAN_POINT ( 'NONE',  ( -2.974999999999999200, 0.0000000000000000000, -2.549999999999999400 ) ) ;
#8624 = LINE ( 'NONE', #219, #6544 ) ;
#8625 = LINE ( 'NONE', #5478, #6545 ) ;
#8626 = CARTESIAN_POINT ( 'NONE',  ( 0.0000000000000000000, 0.0000000000000000000, 0.0000000000000000000 ) ) ;
#8627 = PRODUCT_DEFINITION_SHAPE ( 'NONE', 'NONE',  #4536 ) ;
#8628 = EDGE_CURVE ( 'NONE', #1730, #6915, #6895, .T. ) ;
#8629 = ORIENTED_EDGE ( 'NONE', *, *, #138, .T. ) ;
#8630 = ADVANCED_FACE ( 'NONE', ( #4509 ), #4458, .F. ) ;
#8631 = ORIENTED_EDGE ( 'NONE', *, *, #7436, .F. ) ;
#8632 = ORIENTED_EDGE ( 'NONE', *, *, #2750, .F. ) ;
#8633 = PLANE ( 'NONE',  #4101 ) ;
#8634 = EDGE_CURVE ( 'NONE', #1518, #9360, #1702, .T. ) ;
#8635 = VECTOR ( 'NONE', #4894, 1000.000000000000000 ) ;
#8636 = VECTOR ( 'NONE', #5379, 1000.000000000000000 ) ;
#8637 = ORIENTED_EDGE ( 'NONE', *, *, #2606, .T. ) ;
#8638 = ORIENTED_EDGE ( 'NONE', *, *, #7238, .T. ) ;
#8639 = DIRECTION ( 'NONE',  ( 1.000000000000000000, 0.0000000000000000000, 0.0000000000000000000 ) ) ;
#8640 = PLANE ( 'NONE',  #1300 ) ;
#8641 = EDGE_CURVE ( 'NONE', #3208, #8619, #8482, .T. ) ;
#8642 = CIRCLE ( 'NONE', #9240, 0.1000000000000000500 ) ;
#8643 = ORIENTED_EDGE ( 'NONE', *, *, #5474, .F. ) ;
#8644 = ORIENTED_EDGE ( 'NONE', *, *, #7503, .F. ) ;
#8645 = VERTEX_POINT ( 'NONE', #6695 ) ;
#8646 = AXIS2_PLACEMENT_3D ( 'NONE', #3873, #3150, #6268 ) ;
#8647 = DIRECTION ( 'NONE',  ( 3.097720492815726700E-016, -0.0000000000000000000, 1.000000000000000000 ) ) ;
#8648 = SURFACE_STYLE_USAGE ( .BOTH. , #2520 ) ;
#8649 = DIRECTION ( 'NONE',  ( -1.000000000000000000, -0.0000000000000000000, -0.0000000000000000000 ) ) ;
#8650 = FACE_OUTER_BOUND ( 'NONE', #311, .T. ) ;
#8651 = ADVANCED_FACE ( 'NONE', ( #4616 ), #9889, .F. ) ;
#8652 = CARTESIAN_POINT ( 'NONE',  ( 2.025000000000000800, 2.039999999999999100, -1.600000000000000800 ) ) ;
#8653 = VERTEX_POINT ( 'NONE', #9855 ) ;
#8654 = PLANE ( 'NONE',  #1666 ) ;
#8655 = EDGE_CURVE ( 'NONE', #4454, #5225, #6075, .T. ) ;
#8656 = CARTESIAN_POINT ( 'NONE',  ( 5.674999999999999800, -4.336808689942017700E-016, 1.700000000000001500 ) ) ;
#8657 = ORIENTED_EDGE ( 'NONE', *, *, #7318, .T. ) ;
#8658 = ORIENTED_EDGE ( 'NONE', *, *, #8573, .T. ) ;
#8659 = ORIENTED_EDGE ( 'NONE', *, *, #6937, .F. ) ;
#8660 = AXIS2_PLACEMENT_3D ( 'NONE', #7531, #5242, #6048 ) ;
#8661 = LINE ( 'NONE', #9322, #4559 ) ;
#8662 = DIRECTION ( 'NONE',  ( -0.0000000000000000000, -0.0000000000000000000, -1.000000000000000000 ) ) ;
#8663 = CARTESIAN_POINT ( 'NONE',  ( -3.884999999999999800, 0.6000000000000007500, 1.250000000000000700 ) ) ;
#8664 = ORIENTED_EDGE ( 'NONE', *, *, #4611, .F. ) ;
#8665 = VECTOR ( 'NONE', #5556, 1000.000000000000000 ) ;
#8666 = ORIENTED_EDGE ( 'NONE', *, *, #2015, .T. ) ;
#8667 = LINE ( 'NONE', #8511, #2738 ) ;
#8668 = ORIENTED_EDGE ( 'NONE', *, *, #7880, .T. ) ;
#8669 = DIRECTION ( 'NONE',  ( 0.0000000000000000000, -1.000000000000000000, 0.0000000000000000000 ) ) ;
#8670 = ORIENTED_EDGE ( 'NONE', *, *, #3319, .T. ) ;
#8671 = ORIENTED_EDGE ( 'NONE', *, *, #9372, .T. ) ;
#8672 = CARTESIAN_POINT ( 'NONE',  ( 2.025000000000000800, 2.040000000000000000, -1.500000000000000700 ) ) ;
#8673 = PLANE ( 'NONE',  #809 ) ;
#8674 = AXIS2_PLACEMENT_3D ( 'NONE', #1949, #7373, #8958 ) ;
#8675 = ADVANCED_FACE ( 'NONE', ( #5829 ), #1566, .T. ) ;
#8676 = DIRECTION ( 'NONE',  ( -1.000000000000000000, -0.0000000000000000000, -0.0000000000000000000 ) ) ;
#8677 = LINE ( 'NONE', #8791, #6490 ) ;
#8678 = ORIENTED_EDGE ( 'NONE', *, *, #551, .T. ) ;
#8679 = CARTESIAN_POINT ( 'NONE',  ( 3.185000000000000500, 0.5999999999999998700, 1.250000000000000700 ) ) ;
#8680 = DIRECTION ( 'NONE',  ( 0.0000000000000000000, 0.0000000000000000000, -1.000000000000000000 ) ) ;
#8681 = CARTESIAN_POINT ( 'NONE',  ( 3.275000000000000400, 1.500000000000000000, -1.600000000000001000 ) ) ;
#8682 = CARTESIAN_POINT ( 'NONE',  ( -3.885000000000000200, 3.469233347080714400, 2.650000000000000800 ) ) ;
#8683 = LINE ( 'NONE', #9803, #3595 ) ;
#8684 = EDGE_LOOP ( 'NONE', ( #6607, #8099, #8715, #8486 ) ) ;
#8685 = AXIS2_PLACEMENT_3D ( 'NONE', #7475, #6787, #8449 ) ;
#8686 = DIRECTION ( 'NONE',  ( 0.0000000000000000000, 5.421010862427532000E-016, -1.000000000000000000 ) ) ;
#8687 = CARTESIAN_POINT ( 'NONE',  ( -1.724999999999999600, 1.250000000000000000, -2.299999999999999800 ) ) ;
#8688 = VECTOR ( 'NONE', #7885, 1000.000000000000000 ) ;
#8689 = PLANE ( 'NONE',  #8033 ) ;
#8690 = LINE ( 'NONE', #10019, #7695 ) ;
#8691 = ORIENTED_EDGE ( 'NONE', *, *, #4672, .T. ) ;
#8692 = EDGE_CURVE ( 'NONE', #5644, #1511, #8844, .T. ) ;
#8693 = EDGE_CURVE ( 'NONE', #1948, #2360, #3265, .T. ) ;
#8694 = VECTOR ( 'NONE', #9799, 1000.000000000000000 ) ;
#8695 = ADVANCED_FACE ( 'NONE', ( #5103 ), #8535, .F. ) ;
#8696 = EDGE_CURVE ( 'NONE', #6024, #1604, #975, .T. ) ;
#8697 = CARTESIAN_POINT ( 'NONE',  ( 1.725000000000000800, 0.5000000000000000000, -1.550000000000000300 ) ) ;
#8698 = FACE_OUTER_BOUND ( 'NONE', #5976, .T. ) ;
#8699 = VERTEX_POINT ( 'NONE', #4586 ) ;
#8700 = CARTESIAN_POINT ( 'NONE',  ( 1.725000000000000800, 0.7999999999999999300, -1.400000000000000600 ) ) ;
#8701 = DIRECTION ( 'NONE',  ( 1.000000000000000000, 0.0000000000000000000, -0.0000000000000000000 ) ) ;
#8702 = VECTOR ( 'NONE', #4139, 1000.000000000000000 ) ;
#8703 = EDGE_CURVE ( 'NONE', #3416, #6819, #9950, .T. ) ;
#8704 = ORIENTED_EDGE ( 'NONE', *, *, #5336, .T. ) ;
#8705 = DIRECTION ( 'NONE',  ( 0.0000000000000000000, 0.0000000000000000000, -1.000000000000000000 ) ) ;
#8706 = EDGE_LOOP ( 'NONE', ( #9230, #6868, #1382, #8590 ) ) ;
#8707 = CARTESIAN_POINT ( 'NONE',  ( -2.974999999999999200, 2.140000000000000100, -1.400000000000000600 ) ) ;
#8708 = DIRECTION ( 'NONE',  ( 0.0000000000000000000, 1.000000000000000000, 4.015563601798170200E-016 ) ) ;
#8709 = LINE ( 'NONE', #7544, #7717 ) ;
#8710 = PRESENTATION_STYLE_ASSIGNMENT (( #7286 ) ) ;
#8711 = DIRECTION ( 'NONE',  ( 0.0000000000000000000, -1.000000000000000000, -3.614007241618353200E-016 ) ) ;
#8712 = AXIS2_PLACEMENT_3D ( 'NONE', #5122, #9054, #2143 ) ;
#8713 = CARTESIAN_POINT ( 'NONE',  ( 5.674999999999998900, 3.399999999999999900, 2.650000000000000400 ) ) ;
#8714 = EDGE_LOOP ( 'NONE', ( #8765, #9851, #8602, #8898 ) ) ;
#8715 = ORIENTED_EDGE ( 'NONE', *, *, #9934, .F. ) ;
#8716 = ORIENTED_EDGE ( 'NONE', *, *, #1042, .T. ) ;
#8717 = ADVANCED_FACE ( 'NONE', ( #6194 ), #3077, .F. ) ;
#8718 = DIRECTION ( 'NONE',  ( -0.0000000000000000000, -0.0000000000000000000, -1.000000000000000000 ) ) ;
#8719 = DIRECTION ( 'NONE',  ( 1.000000000000000000, 0.0000000000000000000, 0.0000000000000000000 ) ) ;
#8720 = CARTESIAN_POINT ( 'NONE',  ( 4.525000000000001200, 0.1000000000000000300, -2.649999999999999900 ) ) ;
#8721 = VECTOR ( 'NONE', #9186, 1000.000000000000000 ) ;
#8722 = LINE ( 'NONE', #1071, #3875 ) ;
#8723 = EDGE_LOOP ( 'NONE', ( #2758, #5479, #4417, #1812, #3941, #4864 ) ) ;
#8724 = CARTESIAN_POINT ( 'NONE',  ( -5.594999999999998900, 1.429999999999998800, 2.650000000000000400 ) ) ;
#8725 = VERTEX_POINT ( 'NONE', #6925 ) ;
#8726 = ORIENTED_EDGE ( 'NONE', *, *, #2923, .F. ) ;
#8727 = VECTOR ( 'NONE', #9568, 1000.000000000000000 ) ;
#8728 = DIRECTION ( 'NONE',  ( -1.000000000000000000, -0.0000000000000000000, -0.0000000000000000000 ) ) ;
#8729 = COLOUR_RGB ( '',0.7921568627450980000, 0.8196078431372548800, 0.9333333333333333500 ) ;
#8730 = VECTOR ( 'NONE', #2967, 1000.000000000000000 ) ;
#8731 = CARTESIAN_POINT ( 'NONE',  ( 4.285000000000001000, 3.469233347080714400, 6.505213034913026600E-016 ) ) ;
#8732 = ORIENTED_EDGE ( 'NONE', *, *, #5156, .F. ) ;
#8733 = ORIENTED_EDGE ( 'NONE', *, *, #2919, .F. ) ;
#8734 = CARTESIAN_POINT ( 'NONE',  ( -1.724999999999999600, 0.5000000000000000000, -2.550000000000000300 ) ) ;
#8735 = ORIENTED_EDGE ( 'NONE', *, *, #5709, .F. ) ;
#8736 = ORIENTED_EDGE ( 'NONE', *, *, #9858, .T. ) ;
#8737 = LINE ( 'NONE', #6375, #4400 ) ;
#8738 = DIRECTION ( 'NONE',  ( 0.0000000000000000000, -1.000000000000000000, -6.672013369141573100E-016 ) ) ;
#8739 = VECTOR ( 'NONE', #2355, 1000.000000000000000 ) ;
#8740 = SURFACE_SIDE_STYLE ('',( #6514 ) ) ;
#8741 = ORIENTED_EDGE ( 'NONE', *, *, #8028, .F. ) ;
#8742 = ADVANCED_FACE ( 'NONE', ( #7131 ), #745, .F. ) ;
#8743 = DIRECTION ( 'NONE',  ( -1.000000000000000000, -0.0000000000000000000, -0.0000000000000000000 ) ) ;
#8744 = DIRECTION ( 'NONE',  ( 1.000000000000000000, 0.0000000000000000000, -0.0000000000000000000 ) ) ;
#8745 = ORIENTED_EDGE ( 'NONE', *, *, #7546, .T. ) ;
#8746 = CARTESIAN_POINT ( 'NONE',  ( -1.724999999999999600, 0.4000000000000001900, -2.649999999999999900 ) ) ;
#8747 = ORIENTED_EDGE ( 'NONE', *, *, #7321, .F. ) ;
#8748 = PLANE ( 'NONE',  #3680 ) ;
#8749 = EDGE_CURVE ( 'NONE', #9409, #3506, #9113, .T. ) ;
#8750 = CIRCLE ( 'NONE', #4169, 0.1000000000000000500 ) ;
#8751 = LINE ( 'NONE', #396, #5504 ) ;
#8752 = EDGE_CURVE ( 'NONE', #2916, #5028, #494, .T. ) ;
#8753 = ORIENTED_EDGE ( 'NONE', *, *, #6114, .T. ) ;
#8754 = CARTESIAN_POINT ( 'NONE',  ( -2.024999999999999500, 0.1000000000000007100, -1.850000000000000100 ) ) ;
#8755 = CARTESIAN_POINT ( 'NONE',  ( -3.584999999999999500, 0.3499999999999998100, 2.650000000000000400 ) ) ;
#8756 = DIRECTION ( 'NONE',  ( 0.0000000000000000000, 0.0000000000000000000, 1.000000000000000000 ) ) ;
#8757 = ORIENTED_EDGE ( 'NONE', *, *, #6619, .T. ) ;
#8758 = ORIENTED_EDGE ( 'NONE', *, *, #5011, .F. ) ;
#8759 = EDGE_CURVE ( 'NONE', #2915, #9094, #4377, .T. ) ;
#8760 = CARTESIAN_POINT ( 'NONE',  ( -0.4749999999999997600, 0.5000000000000000000, -1.849999999999999900 ) ) ;
#8761 = AXIS2_PLACEMENT_3D ( 'NONE', #6631, #3598, #452 ) ;
#8762 = VECTOR ( 'NONE', #4585, 1000.000000000000000 ) ;
#8763 = ORIENTED_EDGE ( 'NONE', *, *, #8303, .T. ) ;
#8764 = EDGE_LOOP ( 'NONE', ( #3220, #4991, #1054, #971 ) ) ;
#8765 = ORIENTED_EDGE ( 'NONE', *, *, #918, .T. ) ;
#8766 = CARTESIAN_POINT ( 'NONE',  ( 4.525000000000001200, 0.6000000000000007500, -2.550000000000000300 ) ) ;
#8767 = EDGE_CURVE ( 'NONE', #9094, #2493, #8972, .T. ) ;
#8768 = ADVANCED_FACE ( 'NONE', ( #377 ), #4549, .F. ) ;
#8769 = DIRECTION ( 'NONE',  ( -0.0000000000000000000, -1.000000000000000000, -0.0000000000000000000 ) ) ;
#8770 = LINE ( 'NONE', #9144, #4302 ) ;
#8771 = AXIS2_PLACEMENT_3D ( 'NONE', #7821, #2407, #7690 ) ;
#8772 = EDGE_LOOP ( 'NONE', ( #6431, #7854, #7119, #3069 ) ) ;
#8773 = UNCERTAINTY_MEASURE_WITH_UNIT (LENGTH_MEASURE( 1.000000000000000100E-005 ), #10044, 'distance_accuracy_value', 'NONE');
#8774 = EDGE_LOOP ( 'NONE', ( #8974, #2125, #3075, #5245 ) ) ;
#8775 = ORIENTED_EDGE ( 'NONE', *, *, #2415, .T. ) ;
#8776 = CARTESIAN_POINT ( 'NONE',  ( -0.4749999999999997600, 0.1000000000000007100, -1.850000000000000100 ) ) ;
#8777 = CYLINDRICAL_SURFACE ( 'NONE', #7551, 0.1000000000000000500 ) ;
#8778 = ORIENTED_EDGE ( 'NONE', *, *, #7949, .T. ) ;
#8779 = VECTOR ( 'NONE', #8799, 1000.000000000000000 ) ;
#8780 = ORIENTED_EDGE ( 'NONE', *, *, #2362, .F. ) ;
#8781 = DIRECTION ( 'NONE',  ( 1.000000000000000000, 0.0000000000000000000, 0.0000000000000000000 ) ) ;
#8782 = EDGE_CURVE ( 'NONE', #7448, #8018, #735, .T. ) ;
#8783 = EDGE_LOOP ( 'NONE', ( #4497, #920, #7051, #151 ) ) ;
#8784 = AXIS2_PLACEMENT_3D ( 'NONE', #3614, #9753, #470 ) ;
#8785 = DIRECTION ( 'NONE',  ( 0.0000000000000000000, 1.000000000000000000, 5.421010862427532000E-016 ) ) ;
#8786 = CIRCLE ( 'NONE', #8192, 0.09999999999999982500 ) ;
#8787 = ORIENTED_EDGE ( 'NONE', *, *, #2790, .T. ) ;
#8788 = CARTESIAN_POINT ( 'NONE',  ( 3.275000000000000400, 0.1000000000000000300, -2.550000000000000300 ) ) ;
#8789 = CARTESIAN_POINT ( 'NONE',  ( -4.224999999999999600, 2.039999999999999100, -1.600000000000000800 ) ) ;
#8790 = VECTOR ( 'NONE', #4154, 1000.000000000000000 ) ;
#8791 = CARTESIAN_POINT ( 'NONE',  ( 5.674999999999999800, -4.336808689942017700E-016, 1.700000000000001500 ) ) ;
#8792 = VECTOR ( 'NONE', #4574, 1000.000000000000000 ) ;
#8793 = ADVANCED_FACE ( 'NONE', ( #4739 ), #5530, .T. ) ;
#8794 = VECTOR ( 'NONE', #2696, 1000.000000000000000 ) ;
#8795 = ORIENTED_EDGE ( 'NONE', *, *, #6113, .F. ) ;
#8796 = CARTESIAN_POINT ( 'NONE',  ( 3.275000000000000400, 0.1000000000000000500, -1.950000000000000200 ) ) ;
#8797 = PLANE ( 'NONE',  #7580 ) ;
#8798 = AXIS2_PLACEMENT_3D ( 'NONE', #6378, #2525, #5386 ) ;
#8799 = DIRECTION ( 'NONE',  ( -0.0000000000000000000, -0.0000000000000000000, -1.000000000000000000 ) ) ;
#8800 = LINE ( 'NONE', #1074, #1176 ) ;
#8801 = FACE_OUTER_BOUND ( 'NONE', #9783, .T. ) ;
#8802 = ORIENTED_EDGE ( 'NONE', *, *, #2732, .T. ) ;
#8803 = DIRECTION ( 'NONE',  ( 0.0000000000000000000, -1.000000000000000000, 0.0000000000000000000 ) ) ;
#8804 = EDGE_CURVE ( 'NONE', #8405, #412, #2549, .T. ) ;
#8805 = CARTESIAN_POINT ( 'NONE',  ( -2.974999999999999200, 1.250000000000000000, -2.449999999999999300 ) ) ;
#8806 = DIRECTION ( 'NONE',  ( 0.0000000000000000000, -7.228014483236719200E-016, -1.000000000000000000 ) ) ;
#8807 = CARTESIAN_POINT ( 'NONE',  ( -4.224999999999999600, 0.7999999999999998200, -1.550000000000000300 ) ) ;
#8808 = CARTESIAN_POINT ( 'NONE',  ( -0.7749999999999996900, 0.9499999999999998400, 3.457774721070176100 ) ) ;
#8809 = CIRCLE ( 'NONE', #5490, 0.2999999999999997100 ) ;
#8810 = CARTESIAN_POINT ( 'NONE',  ( 3.275000000000000400, 1.700000000000000000, 1.249999999999986000 ) ) ;
#8811 = FACE_OUTER_BOUND ( 'NONE', #7519, .T. ) ;
#8812 = ORIENTED_EDGE ( 'NONE', *, *, #7120, .T. ) ;
#8813 = EDGE_CURVE ( 'NONE', #879, #4011, #8220, .T. ) ;
#8814 = ADVANCED_FACE ( 'NONE', ( #7024 ), #4250, .T. ) ;
#8815 = LINE ( 'NONE', #4315, #1682 ) ;
#8816 = CARTESIAN_POINT ( 'NONE',  ( -2.974999999999999200, 1.399999999999999700, -2.299999999999999800 ) ) ;
#8817 = DIRECTION ( 'NONE',  ( 0.0000000000000000000, 0.0000000000000000000, 1.000000000000000000 ) ) ;
#8818 = VERTEX_POINT ( 'NONE', #2506 ) ;
#8819 = EDGE_CURVE ( 'NONE', #5614, #9619, #2316, .T. ) ;
#8820 = LINE ( 'NONE', #2580, #8330 ) ;
#8821 = EDGE_LOOP ( 'NONE', ( #20, #3424, #6179, #7425 ) ) ;
#8822 = EDGE_CURVE ( 'NONE', #7448, #1392, #2908, .T. ) ;
#8823 = CARTESIAN_POINT ( 'NONE',  ( -3.059324500821434300, 1.615675499178565100, 1.850000000000000500 ) ) ;
#8824 = VECTOR ( 'NONE', #6850, 1000.000000000000000 ) ;
#8825 = LINE ( 'NONE', #6608, #1458 ) ;
#8826 = EDGE_CURVE ( 'NONE', #2573, #6135, #246, .T. ) ;
#8827 = AXIS2_PLACEMENT_3D ( 'NONE', #9337, #4827, #5784 ) ;
#8828 = CARTESIAN_POINT ( 'NONE',  ( -4.524999999999999500, 0.9499999999999998400, -1.000000000000000700 ) ) ;
#8829 = ORIENTED_EDGE ( 'NONE', *, *, #80, .T. ) ;
#8830 = ORIENTED_EDGE ( 'NONE', *, *, #6952, .F. ) ;
#8831 = DIRECTION ( 'NONE',  ( 1.000000000000000000, 0.0000000000000000000, 0.0000000000000000000 ) ) ;
#8832 = FACE_OUTER_BOUND ( 'NONE', #2555, .T. ) ;
#8833 = LINE ( 'NONE', #8209, #7478 ) ;
#8834 = EDGE_CURVE ( 'NONE', #563, #839, #6304, .T. ) ;
#8835 = DIRECTION ( 'NONE',  ( 0.0000000000000000000, 0.0000000000000000000, 1.000000000000000000 ) ) ;
#8836 = ORIENTED_EDGE ( 'NONE', *, *, #1181, .T. ) ;
#8837 = CARTESIAN_POINT ( 'NONE',  ( 4.285000000000001000, 0.2999999999999991600, 1.250000000000000700 ) ) ;
#8838 = ORIENTED_EDGE ( 'NONE', *, *, #3076, .F. ) ;
#8839 = VERTEX_POINT ( 'NONE', #1599 ) ;
#8840 = ADVANCED_FACE ( 'NONE', ( #136 ), #6287, .F. ) ;
#8841 = DIRECTION ( 'NONE',  ( 0.0000000000000000000, 1.000000000000000000, 4.015563601798170200E-016 ) ) ;
#8842 = STYLED_ITEM ( 'NONE', ( #4151 ), #1592 ) ;
#8843 = DIRECTION ( 'NONE',  ( 0.0000000000000000000, -3.614007241618353200E-016, 1.000000000000000000 ) ) ;
#8844 = LINE ( 'NONE', #10027, #2787 ) ;
#8845 = VECTOR ( 'NONE', #3879, 1000.000000000000000 ) ;
#8846 = VERTEX_POINT ( 'NONE', #8663 ) ;
#8847 = CARTESIAN_POINT ( 'NONE',  ( -1.724999999999999600, 2.140000000000000100, -1.400000000000000600 ) ) ;
#8848 = DIRECTION ( 'NONE',  ( 0.0000000000000000000, 1.000000000000000000, 0.0000000000000000000 ) ) ;
#8849 = ORIENTED_EDGE ( 'NONE', *, *, #5910, .T. ) ;
#8850 = VERTEX_POINT ( 'NONE', #7022 ) ;
#8851 = CARTESIAN_POINT ( 'NONE',  ( -3.274999999999999500, 0.5000000000000000000, -1.550000000000000300 ) ) ;
#8852 = DIRECTION ( 'NONE',  ( 0.0000000000000000000, 1.000000000000000000, 0.0000000000000000000 ) ) ;
#8853 = CARTESIAN_POINT ( 'NONE',  ( -4.224999999999999600, 1.700000000000000000, 1.249999999999986000 ) ) ;
#8854 = EDGE_CURVE ( 'NONE', #5826, #611, #4004, .T. ) ;
#8855 = FACE_OUTER_BOUND ( 'NONE', #9065, .T. ) ;
#8856 = VECTOR ( 'NONE', #1318, 1000.000000000000000 ) ;
#8857 = AXIS2_PLACEMENT_3D ( 'NONE', #2824, #9032, #4399 ) ;
#8858 = VERTEX_POINT ( 'NONE', #6263 ) ;
#8859 = DIRECTION ( 'NONE',  ( -1.000000000000000000, 0.0000000000000000000, -0.0000000000000000000 ) ) ;
#8860 = EDGE_LOOP ( 'NONE', ( #9083, #653, #3796, #4079 ) ) ;
#8861 = EDGE_LOOP ( 'NONE', ( #8110, #7782, #7359, #3596, #8055, #7390, #4746, #8500, #6220, #1707, #3659, #252, #3685, #1188, #8088, #6334, #2036 ) ) ;
#8862 = ORIENTED_EDGE ( 'NONE', *, *, #9552, .T. ) ;
#8863 = DIRECTION ( 'NONE',  ( 0.0000000000000000000, 0.0000000000000000000, 1.000000000000000000 ) ) ;
#8864 = CARTESIAN_POINT ( 'NONE',  ( -0.4749999999999997600, 0.6000000000000007500, -2.449999999999999700 ) ) ;
#8865 = FILL_AREA_STYLE_COLOUR ( '', #8729 ) ;
#8866 = PLANE ( 'NONE',  #2744 ) ;
#8867 = FACE_OUTER_BOUND ( 'NONE', #4967, .T. ) ;
#8868 = LINE ( 'NONE', #1316, #6218 ) ;
#8869 = DIRECTION ( 'NONE',  ( 0.0000000000000000000, -1.000000000000000000, 0.0000000000000000000 ) ) ;
#8870 = CARTESIAN_POINT ( 'NONE',  ( 4.525000000000001200, 1.399999999999999900, -2.299999999999999800 ) ) ;
#8871 = ADVANCED_FACE ( 'NONE', ( #1941 ), #5501, .F. ) ;
#8872 = VERTEX_POINT ( 'NONE', #170 ) ;
#8873 = ORIENTED_EDGE ( 'NONE', *, *, #4030, .T. ) ;
#8874 = PLANE ( 'NONE',  #6180 ) ;
#8875 = AXIS2_PLACEMENT_3D ( 'NONE', #7914, #7020, #2404 ) ;
#8876 = CARTESIAN_POINT ( 'NONE',  ( 6.274999999999998600, -4.336808689942017700E-016, 1.850000000000000100 ) ) ;
#8877 =( GEOMETRIC_REPRESENTATION_CONTEXT ( 3 ) GLOBAL_UNCERTAINTY_ASSIGNED_CONTEXT ( ( #896 ) ) GLOBAL_UNIT_ASSIGNED_CONTEXT ( ( #3508, #8901, #7319 ) ) REPRESENTATION_CONTEXT ( 'NONE', 'WORKASPACE' ) );
#8878 = DIRECTION ( 'NONE',  ( -0.1378445374916254000, -0.1378445374916254000, 0.9808148484639900300 ) ) ;
#8879 = FACE_OUTER_BOUND ( 'NONE', #9520, .T. ) ;
#8880 = LINE ( 'NONE', #8383, #7525 ) ;
#8881 = DIRECTION ( 'NONE',  ( -0.1378445374916254000, -0.1378445374916254000, 0.9808148484639900300 ) ) ;
#8882 = EDGE_LOOP ( 'NONE', ( #5338, #6323, #6250, #1587 ) ) ;
#8883 = PLANE ( 'NONE',  #4257 ) ;
#8884 = DIRECTION ( 'NONE',  ( 0.0000000000000000000, 0.0000000000000000000, -1.000000000000000000 ) ) ;
#8885 = ORIENTED_EDGE ( 'NONE', *, *, #1963, .T. ) ;
#8886 = ORIENTED_EDGE ( 'NONE', *, *, #6042, .F. ) ;
#8887 = EDGE_CURVE ( 'NONE', #6071, #6197, #3765, .T. ) ;
#8888 = EDGE_CURVE ( 'NONE', #9020, #2136, #7364, .T. ) ;
#8889 = EDGE_CURVE ( 'NONE', #5196, #3361, #3145, .T. ) ;
#8890 = DIRECTION ( 'NONE',  ( -1.000000000000000000, -0.0000000000000000000, -0.0000000000000000000 ) ) ;
#8891 = LINE ( 'NONE', #8864, #6826 ) ;
#8892 = PLANE ( 'NONE',  #5192 ) ;
#8893 = CARTESIAN_POINT ( 'NONE',  ( 7.575000000000002000, 0.0000000000000000000, 1.850000000000000100 ) ) ;
#8894 = DIRECTION ( 'NONE',  ( -1.000000000000000000, -0.0000000000000000000, -0.0000000000000000000 ) ) ;
#8895 = EDGE_CURVE ( 'NONE', #1548, #3821, #1215, .T. ) ;
#8896 = EDGE_LOOP ( 'NONE', ( #6997, #1630, #8716, #4702 ) ) ;
#8897 = EDGE_LOOP ( 'NONE', ( #4911, #5891, #5468, #419 ) ) ;
#8898 = ORIENTED_EDGE ( 'NONE', *, *, #5919, .T. ) ;
#8899 = ADVANCED_FACE ( 'NONE', ( #3509 ), #7176, .F. ) ;
#8900 = VECTOR ( 'NONE', #197, 1000.000000000000000 ) ;
#8901 =( NAMED_UNIT ( * ) PLANE_ANGLE_UNIT ( ) SI_UNIT ( $, .RADIAN. ) );
#8902 = EDGE_LOOP ( 'NONE', ( #3785, #7292, #7134, #5595 ) ) ;
#8903 = EDGE_CURVE ( 'NONE', #8612, #4718, #9694, .T. ) ;
#8904 = CARTESIAN_POINT ( 'NONE',  ( -4.224999999999999600, 1.399999999999999700, -2.299999999999999800 ) ) ;
#8905 = LINE ( 'NONE', #3104, #2855 ) ;
#8906 = ORIENTED_EDGE ( 'NONE', *, *, #7749, .T. ) ;
#8907 = AXIS2_PLACEMENT_3D ( 'NONE', #5353, #1491, #6877 ) ;
#8908 = LINE ( 'NONE', #9599, #5052 ) ;
#8909 = ORIENTED_EDGE ( 'NONE', *, *, #8430, .F. ) ;
#8910 = AXIS2_PLACEMENT_3D ( 'NONE', #7148, #1886, #7272 ) ;
#8911 = PLANE ( 'NONE',  #8432 ) ;
#8912 = DIRECTION ( 'NONE',  ( 0.0000000000000000000, 0.0000000000000000000, -1.000000000000000000 ) ) ;
#8913 = PLANE ( 'NONE',  #2933 ) ;
#8914 = CARTESIAN_POINT ( 'NONE',  ( -4.524999999999999500, 0.9499999999999998400, 1.249999999999986000 ) ) ;
#8915 = LINE ( 'NONE', #7347, #7081 ) ;
#8916 = EDGE_LOOP ( 'NONE', ( #4571, #4788, #8753, #9382 ) ) ;
#8917 = EDGE_CURVE ( 'NONE', #381, #7870, #5702, .T. ) ;
#8918 = DIRECTION ( 'NONE',  ( 0.0000000000000000000, 0.0000000000000000000, -1.000000000000000000 ) ) ;
#8919 = CARTESIAN_POINT ( 'NONE',  ( 5.674999999999999800, -4.336808689942017700E-016, -0.5999999999999985300 ) ) ;
#8920 = CARTESIAN_POINT ( 'NONE',  ( 0.4750000000000005900, 2.040000000000000000, -1.500000000000000700 ) ) ;
#8921 = CARTESIAN_POINT ( 'NONE',  ( -1.724999999999999600, 1.700000000000000000, -1.000000000000000700 ) ) ;
#8922 = AXIS2_PLACEMENT_3D ( 'NONE', #7105, #6405, #7934 ) ;
#8923 = ADVANCED_FACE ( 'NONE', ( #3755 ), #4197, .F. ) ;
#8924 = LINE ( 'NONE', #700, #3343 ) ;
#8925 = CARTESIAN_POINT ( 'NONE',  ( -0.7749999999999996900, 0.5000000000000000000, -2.550000000000000300 ) ) ;
#8926 = DIRECTION ( 'NONE',  ( -1.000000000000000000, -0.0000000000000000000, -0.0000000000000000000 ) ) ;
#8927 = LINE ( 'NONE', #8682, #8435 ) ;
#8928 = ORIENTED_EDGE ( 'NONE', *, *, #3059, .T. ) ;
#8929 = CARTESIAN_POINT ( 'NONE',  ( -3.274999999999999500, 1.700000000000000000, 1.249999999999986000 ) ) ;
#8930 = CARTESIAN_POINT ( 'NONE',  ( -0.7749999999999996900, 1.700000000000000000, -1.000000000000000700 ) ) ;
#8931 = VECTOR ( 'NONE', #8344, 1000.000000000000000 ) ;
#8932 = CARTESIAN_POINT ( 'NONE',  ( 2.025000000000000800, 1.399999999999999900, -2.299999999999999800 ) ) ;
#8933 =( NAMED_UNIT ( * ) PLANE_ANGLE_UNIT ( ) SI_UNIT ( $, .RADIAN. ) );
#8934 = VECTOR ( 'NONE', #6096, 1000.000000000000000 ) ;
#8935 = VERTEX_POINT ( 'NONE', #818 ) ;
#8936 = CARTESIAN_POINT ( 'NONE',  ( -5.874999999999999100, 3.399999999999999900, 2.250000000000000400 ) ) ;
#8937 = DIRECTION ( 'NONE',  ( 0.0000000000000000000, 0.0000000000000000000, 1.000000000000000000 ) ) ;
#8938 = CARTESIAN_POINT ( 'NONE',  ( -0.7749999999999996900, 0.7999999999999999300, -1.400000000000000600 ) ) ;
#8939 = LINE ( 'NONE', #8141, #7931 ) ;
#8940 = COLOUR_RGB ( '',0.7529411764705882200, 0.7529411764705882200, 0.7529411764705882200 ) ;
#8941 = DIRECTION ( 'NONE',  ( 0.0000000000000000000, -1.000000000000000000, 0.0000000000000000000 ) ) ;
#8942 = LINE ( 'NONE', #9874, #5329 ) ;
#8943 = VERTEX_POINT ( 'NONE', #6444 ) ;
#8944 = CARTESIAN_POINT ( 'NONE',  ( -0.8749999999999990000, 1.034324500821434800, 1.850000000000000500 ) ) ;
#8945 = EDGE_CURVE ( 'NONE', #2895, #2721, #7961, .T. ) ;
#8946 = ADVANCED_FACE ( 'NONE', ( #7013 ), #4871, .F. ) ;
#8947 = EDGE_CURVE ( 'NONE', #594, #6640, #3017, .T. ) ;
#8948 = ADVANCED_FACE ( 'NONE', ( #7121 ), #4904, .F. ) ;
#8949 = DIRECTION ( 'NONE',  ( 0.0000000000000000000, -1.000000000000000000, -5.421010862427532000E-016 ) ) ;
#8950 = CARTESIAN_POINT ( 'NONE',  ( -1.724999999999999600, 0.0000000000000000000, -2.549999999999999400 ) ) ;
#8951 = LINE ( 'NONE', #5909, #7215 ) ;
#8952 = VECTOR ( 'NONE', #6928, 1000.000000000000000 ) ;
#8953 = DIRECTION ( 'NONE',  ( 1.000000000000000000, -0.0000000000000000000, 1.146293045799652500E-016 ) ) ;
#8954 = DIRECTION ( 'NONE',  ( 0.0000000000000000000, 0.0000000000000000000, -1.000000000000000000 ) ) ;
#8955 = VERTEX_POINT ( 'NONE', #7232 ) ;
#8956 = EDGE_CURVE ( 'NONE', #1511, #6112, #5228, .T. ) ;
#8957 = CARTESIAN_POINT ( 'NONE',  ( -6.224999999999998800, 0.2999999999999989900, 1.850000000000000100 ) ) ;
#8958 = DIRECTION ( 'NONE',  ( 0.0000000000000000000, 0.0000000000000000000, 1.000000000000000000 ) ) ;
#8959 = CARTESIAN_POINT ( 'NONE',  ( 0.7750000000000004700, 0.4000000000000001900, -2.649999999999999900 ) ) ;
#8960 = CARTESIAN_POINT ( 'NONE',  ( 4.285000000000001000, 0.2999999999999991600, 1.250000000000000700 ) ) ;
#8961 = FACE_OUTER_BOUND ( 'NONE', #5773, .T. ) ;
#8962 = VECTOR ( 'NONE', #6890, 1000.000000000000000 ) ;
#8963 = DIRECTION ( 'NONE',  ( -0.0000000000000000000, -0.0000000000000000000, -1.000000000000000000 ) ) ;
#8964 = CARTESIAN_POINT ( 'NONE',  ( 0.7750000000000004700, 2.140000000000000100, -1.500000000000000000 ) ) ;
#8965 = EDGE_CURVE ( 'NONE', #2704, #6071, #6772, .T. ) ;
#8966 = ORIENTED_EDGE ( 'NONE', *, *, #930, .F. ) ;
#8967 = DIRECTION ( 'NONE',  ( 0.1378445374916254000, -0.1378445374916254000, -0.9808148484639900300 ) ) ;
#8968 = ORIENTED_EDGE ( 'NONE', *, *, #4881, .T. ) ;
#8969 = ORIENTED_EDGE ( 'NONE', *, *, #7571, .F. ) ;
#8970 = EDGE_CURVE ( 'NONE', #405, #2707, #848, .T. ) ;
#8971 = APPLICATION_PROTOCOL_DEFINITION ( 'draft international standard', 'automotive_design', 1998, #6650 ) ;
#8972 = CIRCLE ( 'NONE', #5094, 0.1000000000000002600 ) ;
#8973 = VECTOR ( 'NONE', #8231, 1000.000000000000000 ) ;
#8974 = ORIENTED_EDGE ( 'NONE', *, *, #6824, .T. ) ;
#8975 = DIRECTION ( 'NONE',  ( 0.0000000000000000000, 0.0000000000000000000, -1.000000000000000000 ) ) ;
#8976 = CARTESIAN_POINT ( 'NONE',  ( 7.575000000000002000, 0.0000000000000000000, 1.850000000000000100 ) ) ;
#8977 = CARTESIAN_POINT ( 'NONE',  ( -3.884999999999999800, 0.5999999999999998700, 2.400000000000003000 ) ) ;
#8978 = VERTEX_POINT ( 'NONE', #2603 ) ;
#8979 = ADVANCED_FACE ( 'NONE', ( #8961 ), #1110, .F. ) ;
#8980 = VERTEX_POINT ( 'NONE', #3402 ) ;
#8981 = ORIENTED_EDGE ( 'NONE', *, *, #1258, .T. ) ;
#8982 = EDGE_CURVE ( 'NONE', #9210, #5985, #2897, .T. ) ;
#8983 = CARTESIAN_POINT ( 'NONE',  ( -2.974999999999999200, 1.700000000000000000, 1.249999999999986000 ) ) ;
#8984 = VECTOR ( 'NONE', #7188, 1000.000000000000000 ) ;
#8985 = LINE ( 'NONE', #7941, #2213 ) ;
#8986 = PLANE ( 'NONE',  #6601 ) ;
#8987 = PLANE ( 'NONE',  #1123 ) ;
#8988 = ORIENTED_EDGE ( 'NONE', *, *, #8505, .T. ) ;
#8989 = CARTESIAN_POINT ( 'NONE',  ( -0.7749999999999996900, 0.1000000000000000500, -1.950000000000000200 ) ) ;
#8990 = AXIS2_PLACEMENT_3D ( 'NONE', #1767, #5901, #1968 ) ;
#8991 = CARTESIAN_POINT ( 'NONE',  ( 2.025000000000000800, 0.1000000000000000300, -2.550000000000000300 ) ) ;
#8992 = ORIENTED_EDGE ( 'NONE', *, *, #4351, .T. ) ;
#8993 = EDGE_LOOP ( 'NONE', ( #1699, #4641, #3438, #9047 ) ) ;
#8994 = CARTESIAN_POINT ( 'NONE',  ( -0.4749999999999997600, 0.1000000000000000300, -2.649999999999999900 ) ) ;
#8995 = DIRECTION ( 'NONE',  ( 1.000000000000000000, 0.0000000000000000000, 0.0000000000000000000 ) ) ;
#8996 = VECTOR ( 'NONE', #3315, 1000.000000000000000 ) ;
#8997 =( NAMED_UNIT ( * ) SI_UNIT ( $, .STERADIAN. ) SOLID_ANGLE_UNIT ( ) );
#8998 = ORIENTED_EDGE ( 'NONE', *, *, #7306, .F. ) ;
#8999 = DIRECTION ( 'NONE',  ( -1.000000000000000000, -0.0000000000000000000, -0.0000000000000000000 ) ) ;
#9000 = PLANE ( 'NONE',  #8176 ) ;
#9001 = EDGE_LOOP ( 'NONE', ( #3258, #7526, #4642, #2844 ) ) ;
#9002 = VERTEX_POINT ( 'NONE', #200 ) ;
#9003 = CARTESIAN_POINT ( 'NONE',  ( 3.190675499178565300, 1.034324500821434800, 1.850000000000000500 ) ) ;
#9004 = DIRECTION ( 'NONE',  ( 0.0000000000000000000, 0.0000000000000000000, -1.000000000000000000 ) ) ;
#9005 = FACE_OUTER_BOUND ( 'NONE', #6839, .T. ) ;
#9007 = DIRECTION ( 'NONE',  ( -0.1378445374916254000, -0.1378445374916254000, -0.9808148484639900300 ) ) ;
#9006 = VECTOR ( 'NONE', #2700, 1000.000000000000000 ) ;
#9008 = ADVANCED_FACE ( 'NONE', ( #7842 ), #3886, .T. ) ;
#9009 = VERTEX_POINT ( 'NONE', #5651 ) ;
#9010 = DIRECTION ( 'NONE',  ( 1.000000000000000000, 0.0000000000000000000, 0.0000000000000000000 ) ) ;
#9011 = ORIENTED_EDGE ( 'NONE', *, *, #6433, .F. ) ;
#9012 = ORIENTED_EDGE ( 'NONE', *, *, #4695, .T. ) ;
#9013 = CARTESIAN_POINT ( 'NONE',  ( 0.4750000000000005900, 0.7999999999999999300, -1.400000000000000600 ) ) ;
#9014 = CARTESIAN_POINT ( 'NONE',  ( 1.725000000000000800, 1.700000000000000000, 3.457774721070176100 ) ) ;
#9015 = DIRECTION ( 'NONE',  ( 1.000000000000000000, 0.0000000000000000000, 0.0000000000000000000 ) ) ;
#9016 = CARTESIAN_POINT ( 'NONE',  ( -4.524999999999999500, 1.250000000000000000, -2.449999999999999300 ) ) ;
#9017 = CARTESIAN_POINT ( 'NONE',  ( 3.885000000000000200, 0.5999999999999998700, 2.400000000000003000 ) ) ;
#9018 = LINE ( 'NONE', #7479, #5992 ) ;
#9019 = EDGE_CURVE ( 'NONE', #6923, #3677, #1820, .T. ) ;
#9020 = VERTEX_POINT ( 'NONE', #9714 ) ;
#9021 = DIRECTION ( 'NONE',  ( -1.000000000000000000, 0.0000000000000000000, 0.0000000000000000000 ) ) ;
#9022 = AXIS2_PLACEMENT_3D ( 'NONE', #2204, #3261, #5459 ) ;
#9023 = EDGE_LOOP ( 'NONE', ( #8736, #6273, #2500, #1603 ) ) ;
#9024 = VERTEX_POINT ( 'NONE', #233 ) ;
#9025 = CARTESIAN_POINT ( 'NONE',  ( 0.7692996650451163800, 0.9557003349548839300, 1.290559990745417100 ) ) ;
#9026 = EDGE_CURVE ( 'NONE', #2242, #7073, #7477, .T. ) ;
#9027 = CARTESIAN_POINT ( 'NONE',  ( 4.225000000000001400, 1.700000000000000000, 1.249999999999986000 ) ) ;
#9028 = CARTESIAN_POINT ( 'NONE',  ( 0.7750000000000004700, 0.1000000000000000500, -1.950000000000000200 ) ) ;
#9029 = CARTESIAN_POINT ( 'NONE',  ( 5.204999999999999200, 0.2999999999999991600, 2.650000000000000400 ) ) ;
#9030 = LINE ( 'NONE', #5569, #2838 ) ;
#9031 = ORIENTED_EDGE ( 'NONE', *, *, #6477, .T. ) ;
#9032 = DIRECTION ( 'NONE',  ( 0.0000000000000000000, 1.000000000000000000, 0.0000000000000000000 ) ) ;
#9033 = DIRECTION ( 'NONE',  ( -1.000000000000000000, -0.0000000000000000000, -0.0000000000000000000 ) ) ;
#9034 = EDGE_CURVE ( 'NONE', #1948, #3453, #9213, .T. ) ;
#9035 = VERTEX_POINT ( 'NONE', #6615 ) ;
#9036 = ORIENTED_EDGE ( 'NONE', *, *, #3302, .F. ) ;
#9037 = EDGE_CURVE ( 'NONE', #5942, #6462, #5948, .T. ) ;
#9038 = CARTESIAN_POINT ( 'NONE',  ( -5.874999999999999100, 0.0000000000000000000, 2.650000000000000400 ) ) ;
#9039 = ADVANCED_FACE ( 'NONE', ( #8832 ), #3497, .F. ) ;
#9040 = CYLINDRICAL_SURFACE ( 'NONE', #6585, 0.1000000000000000500 ) ;
#9041 = ORIENTED_EDGE ( 'NONE', *, *, #6292, .F. ) ;
#9042 = DIRECTION ( 'NONE',  ( -0.0000000000000000000, 1.000000000000000000, -0.0000000000000000000 ) ) ;
#9043 = DIRECTION ( 'NONE',  ( -1.000000000000000000, -0.0000000000000000000, -0.0000000000000000000 ) ) ;
#9044 = FACE_OUTER_BOUND ( 'NONE', #1351, .T. ) ;
#9045 = ORIENTED_EDGE ( 'NONE', *, *, #1449, .F. ) ;
#9046 = EDGE_CURVE ( 'NONE', #3108, #4125, #5342, .T. ) ;
#9047 = ORIENTED_EDGE ( 'NONE', *, *, #1834, .F. ) ;
#9048 = FILL_AREA_STYLE_COLOUR ( '', #8581 ) ;
#9049 = AXIS2_PLACEMENT_3D ( 'NONE', #8049, #3334, #4973 ) ;
#9050 = LINE ( 'NONE', #9308, #7189 ) ;
#9051 = VERTEX_POINT ( 'NONE', #8159 ) ;
#9052 = CARTESIAN_POINT ( 'NONE',  ( -6.274999999999998600, 7.960204194457805300E-017, 1.850000000000000100 ) ) ;
#9053 = EDGE_CURVE ( 'NONE', #2477, #5826, #9445, .T. ) ;
#9054 = DIRECTION ( 'NONE',  ( -1.000000000000000000, -0.0000000000000000000, -0.0000000000000000000 ) ) ;
#9055 = ORIENTED_EDGE ( 'NONE', *, *, #6610, .F. ) ;
#9056 = DIRECTION ( 'NONE',  ( -1.000000000000000000, 0.0000000000000000000, 0.0000000000000000000 ) ) ;
#9057 = CARTESIAN_POINT ( 'NONE',  ( 0.7750000000000004700, 0.0000000000000000000, -1.950000000000000800 ) ) ;
#9058 = LINE ( 'NONE', #7432, #1431 ) ;
#9059 = EDGE_LOOP ( 'NONE', ( #9459, #2484, #2159, #1597, #7028, #2566, #3959, #2883, #10033, #7738, #7540, #7804, #7383, #1362, #9269, #9451, #3958 ) ) ;
#9060 = DIRECTION ( 'NONE',  ( 0.0000000000000000000, 0.0000000000000000000, -1.000000000000000000 ) ) ;
#9061 = DIRECTION ( 'NONE',  ( -0.0000000000000000000, -0.0000000000000000000, 1.000000000000000000 ) ) ;
#9062 = ADVANCED_FACE ( 'NONE', ( #9819 ), #7310, .F. ) ;
#9063 = LINE ( 'NONE', #7774, #9534 ) ;
#9064 = CIRCLE ( 'NONE', #6331, 0.1000000000000000500 ) ;
#9065 = EDGE_LOOP ( 'NONE', ( #3091, #7948, #5019, #3217 ) ) ;
#9066 = CARTESIAN_POINT ( 'NONE',  ( 5.874999999999999100, 3.000000000000000000, 1.700000000000000600 ) ) ;
#9067 = VECTOR ( 'NONE', #4488, 1000.000000000000000 ) ;
#9068 =( NAMED_UNIT ( * ) PLANE_ANGLE_UNIT ( ) SI_UNIT ( $, .RADIAN. ) );
#9069 = AXIS2_PLACEMENT_3D ( 'NONE', #5848, #7225, #8884 ) ;
#9070 = CARTESIAN_POINT ( 'NONE',  ( -0.4749999999999997600, 0.6000000000000007500, -2.550000000000000300 ) ) ;
#9071 = CARTESIAN_POINT ( 'NONE',  ( -5.874999999999999100, 2.700000000000005500, 2.250000000000000400 ) ) ;
#9072 = CARTESIAN_POINT ( 'NONE',  ( 5.000000000000000000, 0.0000000000000000000, -1.000000000000000700 ) ) ;
#9073 = LINE ( 'NONE', #5502, #1909 ) ;
#9074 = DIRECTION ( 'NONE',  ( -0.0000000000000000000, 1.000000000000000000, -0.0000000000000000000 ) ) ;
#9075 = VECTOR ( 'NONE', #8963, 1000.000000000000000 ) ;
#9076 = ORIENTED_EDGE ( 'NONE', *, *, #6256, .T. ) ;
#9077 = VECTOR ( 'NONE', #1741, 1000.000000000000000 ) ;
#9078 = DIRECTION ( 'NONE',  ( -1.000000000000000000, -0.0000000000000000000, -0.0000000000000000000 ) ) ;
#9079 = ORIENTED_EDGE ( 'NONE', *, *, #9503, .F. ) ;
#9080 = CARTESIAN_POINT ( 'NONE',  ( -0.7749999999999996900, 0.7999999999999999300, -1.400000000000000600 ) ) ;
#9081 = AXIS2_PLACEMENT_3D ( 'NONE', #6298, #3910, #6335 ) ;
#9082 = DIRECTION ( 'NONE',  ( 0.0000000000000000000, 0.0000000000000000000, 1.000000000000000000 ) ) ;
#9083 = ORIENTED_EDGE ( 'NONE', *, *, #1181, .F. ) ;
#9084 = DIRECTION ( 'NONE',  ( 0.0000000000000000000, 0.0000000000000000000, -1.000000000000000000 ) ) ;
#9085 = CARTESIAN_POINT ( 'NONE',  ( 3.584999999999999500, 3.469233347080714400, 2.650000000000000800 ) ) ;
#9086 = AXIS2_PLACEMENT_3D ( 'NONE', #286, #8253, #5941 ) ;
#9087 = LINE ( 'NONE', #5317, #2777 ) ;
#9088 = LINE ( 'NONE', #8386, #7349 ) ;
#9089 = DIRECTION ( 'NONE',  ( -0.0000000000000000000, -0.0000000000000000000, 1.000000000000000000 ) ) ;
#9090 = ORIENTED_EDGE ( 'NONE', *, *, #4142, .T. ) ;
#9091 = PLANE ( 'NONE',  #2991 ) ;
#9092 = DIRECTION ( 'NONE',  ( 0.0000000000000000000, 0.0000000000000000000, 1.000000000000000000 ) ) ;
#9093 = EDGE_CURVE ( 'NONE', #4268, #199, #7723, .T. ) ;
#9094 = VERTEX_POINT ( 'NONE', #8925 ) ;
#9095 = EDGE_CURVE ( 'NONE', #847, #6788, #5578, .T. ) ;
#9096 = PLANE ( 'NONE',  #3587 ) ;
#9097 = LINE ( 'NONE', #7406, #6294 ) ;
#9098 = VECTOR ( 'NONE', #5450, 1000.000000000000000 ) ;
#9099 = MANIFOLD_SOLID_BREP ( 'LPattern1[6]', #6111 ) ;
#9100 = DIRECTION ( 'NONE',  ( -1.000000000000000000, -0.0000000000000000000, -0.0000000000000000000 ) ) ;
#9101 = EDGE_CURVE ( 'NONE', #9967, #2220, #9097, .T. ) ;
#9102 = DIRECTION ( 'NONE',  ( 0.0000000000000000000, 3.614007241618353200E-016, -1.000000000000000000 ) ) ;
#9103 = AXIS2_PLACEMENT_3D ( 'NONE', #9994, #3009, #3083 ) ;
#9104 = ORIENTED_EDGE ( 'NONE', *, *, #5202, .T. ) ;
#9105 = DIRECTION ( 'NONE',  ( -1.000000000000000000, -0.0000000000000000000, -0.0000000000000000000 ) ) ;
#9106 = ORIENTED_EDGE ( 'NONE', *, *, #972, .T. ) ;
#9107 = ORIENTED_EDGE ( 'NONE', *, *, #216, .F. ) ;
#9108 = PLANE ( 'NONE',  #1219 ) ;
#9109 = DIRECTION ( 'NONE',  ( 1.000000000000000000, 0.0000000000000000000, 0.0000000000000000000 ) ) ;
#9110 = DIRECTION ( 'NONE',  ( 1.000000000000000000, 0.0000000000000000000, 0.0000000000000000000 ) ) ;
#9111 = DIRECTION ( 'NONE',  ( -1.000000000000000000, 0.0000000000000000000, 0.0000000000000000000 ) ) ;
#9112 = CARTESIAN_POINT ( 'NONE',  ( -2.974999999999999200, 0.5000000000000000000, -1.550000000000000300 ) ) ;
#9113 = LINE ( 'NONE', #2344, #7610 ) ;
#9114 = LINE ( 'NONE', #5316, #8845 ) ;
#9115 = EDGE_CURVE ( 'NONE', #7784, #1688, #2188, .T. ) ;
#9116 = DIRECTION ( 'NONE',  ( -0.0000000000000000000, -0.0000000000000000000, -1.000000000000000000 ) ) ;
#9117 = ORIENTED_EDGE ( 'NONE', *, *, #8260, .F. ) ;
#9118 = ORIENTED_EDGE ( 'NONE', *, *, #5365, .T. ) ;
#9119 = ORIENTED_EDGE ( 'NONE', *, *, #9685, .F. ) ;
#9120 = MECHANICAL_DESIGN_GEOMETRIC_PRESENTATION_REPRESENTATION (  '', ( #6630 ), #4765 ) ;
#9121 = LINE ( 'NONE', #2214, #3446 ) ;
#9122 = AXIS2_PLACEMENT_3D ( 'NONE', #7206, #268, #5757 ) ;
#9123 = CARTESIAN_POINT ( 'NONE',  ( -2.974999999999999200, 0.5000000000000000000, -1.550000000000000300 ) ) ;
#9124 = LINE ( 'NONE', #4498, #9837 ) ;
#9125 = CYLINDRICAL_SURFACE ( 'NONE', #9541, 0.09999999999999982500 ) ;
#9126 = DIRECTION ( 'NONE',  ( -0.0000000000000000000, -0.0000000000000000000, -1.000000000000000000 ) ) ;
#9127 = DIRECTION ( 'NONE',  ( -0.0000000000000000000, -0.0000000000000000000, -1.000000000000000000 ) ) ;
#9128 = EDGE_LOOP ( 'NONE', ( #9662, #9709, #5591, #2938 ) ) ;
#9129 = ORIENTED_EDGE ( 'NONE', *, *, #2548, .T. ) ;
#9130 = ORIENTED_EDGE ( 'NONE', *, *, #1593, .T. ) ;
#9131 = EDGE_CURVE ( 'NONE', #4313, #750, #6065, .T. ) ;
#9132 = DIRECTION ( 'NONE',  ( 0.0000000000000000000, -1.000000000000000000, 0.0000000000000000000 ) ) ;
#9133 = VECTOR ( 'NONE', #289, 1000.000000000000000 ) ;
#9134 = VECTOR ( 'NONE', #1208, 1000.000000000000000 ) ;
#9135 = DIRECTION ( 'NONE',  ( 0.0000000000000000000, -1.000000000000000000, 0.0000000000000000000 ) ) ;
#9136 = AXIS2_PLACEMENT_3D ( 'NONE', #3749, #581, #6854 ) ;
#9137 = CARTESIAN_POINT ( 'NONE',  ( -4.224999999999999600, 1.500000000000000000, -1.700000000000000800 ) ) ;
#9138 = ORIENTED_EDGE ( 'NONE', *, *, #78, .T. ) ;
#9139 = ORIENTED_EDGE ( 'NONE', *, *, #4082, .T. ) ;
#9140 = CARTESIAN_POINT ( 'NONE',  ( -5.274999999999999500, 2.999999999999999600, -12.21954250419119600 ) ) ;
#9141 = CARTESIAN_POINT ( 'NONE',  ( -0.7749999999999996900, 1.250000000000000000, -2.449999999999999300 ) ) ;
#9142 = LINE ( 'NONE', #4577, #6816 ) ;
#9143 = SURFACE_STYLE_FILL_AREA ( #5499 ) ;
#9144 = CARTESIAN_POINT ( 'NONE',  ( -4.224999999999999600, 1.399999999999999700, -2.299999999999999800 ) ) ;
#9145 = CARTESIAN_POINT ( 'NONE',  ( 3.275000000000000400, 0.6000000000000007500, -2.550000000000000300 ) ) ;
#9146 = DIRECTION ( 'NONE',  ( 0.0000000000000000000, -1.000000000000000000, 0.0000000000000000000 ) ) ;
#9147 = ORIENTED_EDGE ( 'NONE', *, *, #3917, .T. ) ;
#9148 = CARTESIAN_POINT ( 'NONE',  ( 3.185000000000000500, 3.469233347080714400, 1.250000000000000700 ) ) ;
#9149 = PLANE ( 'NONE',  #7247 ) ;
#9150 = ORIENTED_EDGE ( 'NONE', *, *, #1701, .F. ) ;
#9151 = ORIENTED_EDGE ( 'NONE', *, *, #5920, .T. ) ;
#9152 = VECTOR ( 'NONE', #5087, 1000.000000000000000 ) ;
#9153 = ORIENTED_EDGE ( 'NONE', *, *, #6053, .T. ) ;
#9154 = DIRECTION ( 'NONE',  ( 0.0000000000000000000, -1.000000000000000000, 0.0000000000000000000 ) ) ;
#9155 = CARTESIAN_POINT ( 'NONE',  ( 4.525000000000001200, 0.1000000000000000500, -1.950000000000000200 ) ) ;
#9156 = ORIENTED_EDGE ( 'NONE', *, *, #6290, .T. ) ;
#9157 = DIRECTION ( 'NONE',  ( 0.0000000000000000000, 0.0000000000000000000, 1.000000000000000000 ) ) ;
#9158 = CARTESIAN_POINT ( 'NONE',  ( 2.025000000000000800, 0.7999999999999998200, -1.550000000000000300 ) ) ;
#9159 = ORIENTED_EDGE ( 'NONE', *, *, #8310, .F. ) ;
#9160 = EDGE_CURVE ( 'NONE', #8943, #2707, #1929, .T. ) ;
#9161 = LINE ( 'NONE', #634, #1996 ) ;
#9162 = VERTEX_POINT ( 'NONE', #5148 ) ;
#9163 = FACE_OUTER_BOUND ( 'NONE', #3493, .T. ) ;
#9164 = EDGE_CURVE ( 'NONE', #6309, #421, #6057, .T. ) ;
#9165 = DIRECTION ( 'NONE',  ( -1.000000000000000000, -0.0000000000000000000, 0.0000000000000000000 ) ) ;
#9166 = LINE ( 'NONE', #4546, #2623 ) ;
#9167 = ORIENTED_EDGE ( 'NONE', *, *, #1051, .F. ) ;
#9168 = CARTESIAN_POINT ( 'NONE',  ( 3.275000000000000400, 0.9499999999999998400, 3.457774721070176100 ) ) ;
#9169 = VERTEX_POINT ( 'NONE', #8267 ) ;
#9170 = DIRECTION ( 'NONE',  ( -1.000000000000000000, -6.123233995736764800E-017, 0.0000000000000000000 ) ) ;
#9171 = EDGE_LOOP ( 'NONE', ( #8613, #5808, #3542, #434 ) ) ;
#9172 = EDGE_CURVE ( 'NONE', #2427, #3080, #8709, .T. ) ;
#9173 = DIRECTION ( 'NONE',  ( -0.0000000000000000000, -0.0000000000000000000, -1.000000000000000000 ) ) ;
#9174 = DIRECTION ( 'NONE',  ( 0.7071067811865435800, 0.7071067811865515700, 0.0000000000000000000 ) ) ;
#9175 = DIRECTION ( 'NONE',  ( 0.0000000000000000000, -1.000000000000000000, -5.421010862427532000E-016 ) ) ;
#9176 = LINE ( 'NONE', #2767, #1170 ) ;
#9177 = EDGE_LOOP ( 'NONE', ( #2263, #7748, #9651, #2303, #6823, #5729, #6160, #7728, #6597, #6099, #8173, #3289, #9220, #8670, #4144, #6439, #1890 ) ) ;
#9178 = DIRECTION ( 'NONE',  ( 0.0000000000000000000, 1.000000000000000000, 0.0000000000000000000 ) ) ;
#9179 = EDGE_CURVE ( 'NONE', #1409, #4534, #5694, .T. ) ;
#9180 = AXIS2_PLACEMENT_3D ( 'NONE', #6456, #4171, #7989 ) ;
#9181 = CARTESIAN_POINT ( 'NONE',  ( -5.594999999999998900, 2.179999999999998800, 2.650000000000000400 ) ) ;
#9182 = VECTOR ( 'NONE', #5724, 1000.000000000000000 ) ;
#9183 = VECTOR ( 'NONE', #965, 1000.000000000000000 ) ;
#9184 = ORIENTED_EDGE ( 'NONE', *, *, #9352, .T. ) ;
#9185 = EDGE_CURVE ( 'NONE', #3388, #2833, #3874, .T. ) ;
#9186 = DIRECTION ( 'NONE',  ( 0.0000000000000000000, -7.228014483236719200E-016, -1.000000000000000000 ) ) ;
#9187 = PLANE ( 'NONE',  #3067 ) ;
#9188 = DIRECTION ( 'NONE',  ( -0.0000000000000000000, 1.000000000000000000, -0.0000000000000000000 ) ) ;
#9189 = CARTESIAN_POINT ( 'NONE',  ( -5.274999999999999500, 0.5999999999999998700, -12.21954250419119600 ) ) ;
#9190 = DIRECTION ( 'NONE',  ( 0.0000000000000000000, -1.000000000000000000, 0.0000000000000000000 ) ) ;
#9191 = LINE ( 'NONE', #6963, #6866 ) ;
#9192 = DIRECTION ( 'NONE',  ( 1.000000000000000000, 0.0000000000000000000, 0.0000000000000000000 ) ) ;
#9193 = LINE ( 'NONE', #2199, #6867 ) ;
#9194 = ORIENTED_EDGE ( 'NONE', *, *, #3652, .T. ) ;
#9195 = CARTESIAN_POINT ( 'NONE',  ( -4.524999999999999500, 0.1000000000000000500, -1.950000000000000200 ) ) ;
#9196 = CARTESIAN_POINT ( 'NONE',  ( -0.4749999999999997600, 0.1000000000000000500, -1.950000000000000200 ) ) ;
#9197 = FACE_OUTER_BOUND ( 'NONE', #2730, .T. ) ;
#9198 = EDGE_CURVE ( 'NONE', #7033, #6893, #116, .T. ) ;
#9199 = FACE_OUTER_BOUND ( 'NONE', #6550, .T. ) ;
#9200 = CARTESIAN_POINT ( 'NONE',  ( 4.525000000000001200, 0.0000000000000000000, -1.950000000000000800 ) ) ;
#9201 = DIRECTION ( 'NONE',  ( 0.0000000000000000000, 0.0000000000000000000, 1.000000000000000000 ) ) ;
#9202 = VECTOR ( 'NONE', #4722, 1000.000000000000000 ) ;
#9203 = ORIENTED_EDGE ( 'NONE', *, *, #9613, .T. ) ;
#9204 = LINE ( 'NONE', #589, #4707 ) ;
#9205 = AXIS2_PLACEMENT_3D ( 'NONE', #5756, #8082, #5015 ) ;
#9206 = PLANE ( 'NONE',  #418 ) ;
#9207 = CYLINDRICAL_SURFACE ( 'NONE', #7485, 0.1000000000000000500 ) ;
#9208 = LINE ( 'NONE', #5403, #5221 ) ;
#9209 = DIRECTION ( 'NONE',  ( 0.0000000000000000000, 0.0000000000000000000, -1.000000000000000000 ) ) ;
#9210 = VERTEX_POINT ( 'NONE', #6780 ) ;
#9211 = CARTESIAN_POINT ( 'NONE',  ( -4.440675499178564900, 1.615675499178565100, 1.850000000000000500 ) ) ;
#9212 = EDGE_LOOP ( 'NONE', ( #7862, #8370, #2341, #7844 ) ) ;
#9213 = LINE ( 'NONE', #5923, #8606 ) ;
#9214 = VECTOR ( 'NONE', #8246, 1000.000000000000000 ) ;
#9215 = DIRECTION ( 'NONE',  ( -1.000000000000000000, -0.0000000000000000000, -0.0000000000000000000 ) ) ;
#9216 = CARTESIAN_POINT ( 'NONE',  ( 5.274999999999998600, 1.430000000000000200, 2.400000000000003000 ) ) ;
#9217 = AXIS2_PLACEMENT_3D ( 'NONE', #1814, #7976, #7881 ) ;
#9218 = CARTESIAN_POINT ( 'NONE',  ( -1.724999999999999600, 1.700000000000000000, 1.249999999999986000 ) ) ;
#9219 = DIRECTION ( 'NONE',  ( 0.0000000000000000000, 0.0000000000000000000, -1.000000000000000000 ) ) ;
#9220 = ORIENTED_EDGE ( 'NONE', *, *, #846, .T. ) ;
#9221 = AXIS2_PLACEMENT_3D ( 'NONE', #9309, #1598, #70 ) ;
#9222 = VERTEX_POINT ( 'NONE', #4540 ) ;
#9223 = EDGE_LOOP ( 'NONE', ( #5406, #7050, #4558, #1474 ) ) ;
#9224 = VECTOR ( 'NONE', #5327, 1000.000000000000000 ) ;
#9225 = VECTOR ( 'NONE', #8393, 1000.000000000000000 ) ;
#9226 = EDGE_CURVE ( 'NONE', #7264, #1782, #2062, .T. ) ;
#9227 = EDGE_LOOP ( 'NONE', ( #1232, #4792, #9107, #3149 ) ) ;
#9228 = EDGE_CURVE ( 'NONE', #7409, #6487, #6643, .T. ) ;
#9229 = EDGE_CURVE ( 'NONE', #7186, #7033, #1579, .T. ) ;
#9230 = ORIENTED_EDGE ( 'NONE', *, *, #7236, .T. ) ;
#9231 = DIRECTION ( 'NONE',  ( -1.000000000000000000, -0.0000000000000000000, -0.0000000000000000000 ) ) ;
#9232 = VERTEX_POINT ( 'NONE', #2132 ) ;
#9233 = ORIENTED_EDGE ( 'NONE', *, *, #6869, .T. ) ;
#9234 = CARTESIAN_POINT ( 'NONE',  ( 0.4750000000000005900, 1.700000000000000000, 3.457774721070176100 ) ) ;
#9235 = LINE ( 'NONE', #2724, #3775 ) ;
#9236 = SURFACE_SIDE_STYLE ('',( #6330 ) ) ;
#9237 = CARTESIAN_POINT ( 'NONE',  ( -3.274999999999999500, 0.0000000000000000000, -1.950000000000000800 ) ) ;
#9238 = EDGE_CURVE ( 'NONE', #8402, #1649, #3629, .T. ) ;
#9239 = VECTOR ( 'NONE', #4843, 1000.000000000000000 ) ;
#9240 = AXIS2_PLACEMENT_3D ( 'NONE', #6917, #7679, #2332 ) ;
#9241 = CARTESIAN_POINT ( 'NONE',  ( -1.758333333333309800, 4.116666666666690200, -1.116666666666650300 ) ) ;
#9242 = ORIENTED_EDGE ( 'NONE', *, *, #2983, .F. ) ;
#9243 = CARTESIAN_POINT ( 'NONE',  ( -2.974999999999999200, 0.4000000000000001900, -2.550000000000000300 ) ) ;
#9244 = ORIENTED_EDGE ( 'NONE', *, *, #9160, .T. ) ;
#9245 = DIRECTION ( 'NONE',  ( 0.0000000000000000000, -1.000000000000000000, 0.0000000000000000000 ) ) ;
#9246 = VERTEX_POINT ( 'NONE', #4406 ) ;
#9247 = ORIENTED_EDGE ( 'NONE', *, *, #7171, .F. ) ;
#9248 = EDGE_CURVE ( 'NONE', #3160, #8271, #237, .T. ) ;
#9249 = LINE ( 'NONE', #3089, #8739 ) ;
#9250 = DIRECTION ( 'NONE',  ( 0.0000000000000000000, 0.0000000000000000000, 1.000000000000000000 ) ) ;
#9251 = EDGE_LOOP ( 'NONE', ( #9878, #5999, #3616, #9391, #8747, #621, #6350, #5963, #3670, #9969, #1740, #8400 ) ) ;
#9252 = CARTESIAN_POINT ( 'NONE',  ( 4.525000000000001200, 0.0000000000000000000, -2.549999999999999400 ) ) ;
#9253 = VERTEX_POINT ( 'NONE', #2163 ) ;
#9254 = ORIENTED_EDGE ( 'NONE', *, *, #2866, .T. ) ;
#9255 = DIRECTION ( 'NONE',  ( -1.000000000000000000, -0.0000000000000000000, -0.0000000000000000000 ) ) ;
#9256 = PLANE ( 'NONE',  #3852 ) ;
#9257 = CARTESIAN_POINT ( 'NONE',  ( -5.674999999999999800, -5.755839955992548600E-017, -1.550000000000000300 ) ) ;
#9258 = CARTESIAN_POINT ( 'NONE',  ( 5.204999999999999200, 0.2999999999999991600, -1.550000000000000300 ) ) ;
#9259 = CYLINDRICAL_SURFACE ( 'NONE', #1260, 0.2999999999999997100 ) ;
#9260 = VECTOR ( 'NONE', #3171, 1000.000000000000000 ) ;
#9261 = ORIENTED_EDGE ( 'NONE', *, *, #4176, .F. ) ;
#9262 = ORIENTED_EDGE ( 'NONE', *, *, #9862, .T. ) ;
#9263 = ORIENTED_EDGE ( 'NONE', *, *, #5932, .F. ) ;
#9264 = CIRCLE ( 'NONE', #121, 0.1000000000000000500 ) ;
#9265 = EDGE_LOOP ( 'NONE', ( #3915, #451, #7018, #7601 ) ) ;
#9266 = ORIENTED_EDGE ( 'NONE', *, *, #9172, .F. ) ;
#9267 = PLANE ( 'NONE',  #4211 ) ;
#9268 = CARTESIAN_POINT ( 'NONE',  ( 2.025000000000000800, 0.9499999999999998400, 1.249999999999986000 ) ) ;
#9269 = ORIENTED_EDGE ( 'NONE', *, *, #2153, .F. ) ;
#9270 = ORIENTED_EDGE ( 'NONE', *, *, #464, .T. ) ;
#9271 = CARTESIAN_POINT ( 'NONE',  ( 6.274999999999998600, 0.2999999999999989900, -0.3500000000000000300 ) ) ;
#9272 = CARTESIAN_POINT ( 'NONE',  ( -6.874999999999995600, 0.2999999999999990500, 2.250000000000000400 ) ) ;
#9273 = VECTOR ( 'NONE', #1875, 1000.000000000000000 ) ;
#9274 = ADVANCED_FACE ( 'NONE', ( #9323 ), #4724, .F. ) ;
#9275 = DIRECTION ( 'NONE',  ( 1.000000000000000000, 0.0000000000000000000, 0.0000000000000000000 ) ) ;
#9276 = ORIENTED_EDGE ( 'NONE', *, *, #9535, .F. ) ;
#9277 = DIRECTION ( 'NONE',  ( -0.0000000000000000000, -1.000000000000000000, -0.0000000000000000000 ) ) ;
#9278 = LINE ( 'NONE', #2085, #7794 ) ;
#9279 = ORIENTED_EDGE ( 'NONE', *, *, #3179, .F. ) ;
#9280 = LINE ( 'NONE', #5179, #7182 ) ;
#9281 = VERTEX_POINT ( 'NONE', #9071 ) ;
#9282 = DIRECTION ( 'NONE',  ( 0.0000000000000000000, -1.000000000000000000, 0.0000000000000000000 ) ) ;
#9283 = FACE_OUTER_BOUND ( 'NONE', #8897, .T. ) ;
#9284 = ORIENTED_EDGE ( 'NONE', *, *, #2474, .T. ) ;
#9285 = ORIENTED_EDGE ( 'NONE', *, *, #2741, .F. ) ;
#9286 = EDGE_CURVE ( 'NONE', #9383, #9609, #7470, .T. ) ;
#9287 = EDGE_CURVE ( 'NONE', #684, #1887, #4232, .T. ) ;
#9288 = LINE ( 'NONE', #8656, #8418 ) ;
#9289 = VERTEX_POINT ( 'NONE', #5994 ) ;
#9290 = EDGE_CURVE ( 'NONE', #162, #5861, #3138, .T. ) ;
#9291 = ORIENTED_EDGE ( 'NONE', *, *, #7779, .F. ) ;
#9292 = AXIS2_PLACEMENT_3D ( 'NONE', #2049, #6565, #356 ) ;
#9293 = ADVANCED_FACE ( 'NONE', ( #3373 ), #2926, .F. ) ;
#9294 = LINE ( 'NONE', #8623, #9183 ) ;
#9295 = ORIENTED_EDGE ( 'NONE', *, *, #8822, .T. ) ;
#9296 = CARTESIAN_POINT ( 'NONE',  ( -3.884999999999999800, 0.2999999999999991600, 1.250000000000000700 ) ) ;
#9297 = EDGE_CURVE ( 'NONE', #9377, #2864, #2889, .T. ) ;
#9298 = DIRECTION ( 'NONE',  ( -1.000000000000000000, -0.0000000000000000000, 0.0000000000000000000 ) ) ;
#9299 = CARTESIAN_POINT ( 'NONE',  ( 0.7750000000000004700, 1.700000000000000000, 3.457774721070176100 ) ) ;
#9300 = VECTOR ( 'NONE', #8926, 1000.000000000000000 ) ;
#9301 = DIRECTION ( 'NONE',  ( -1.000000000000000000, -0.0000000000000000000, 0.0000000000000000000 ) ) ;
#9302 = AXIS2_PLACEMENT_3D ( 'NONE', #5665, #4918, #4205 ) ;
#9303 = CARTESIAN_POINT ( 'NONE',  ( 0.4750000000000005900, 1.700000000000000000, -1.000000000000000700 ) ) ;
#9304 = LINE ( 'NONE', #904, #6159 ) ;
#9305 = ORIENTED_EDGE ( 'NONE', *, *, #6358, .F. ) ;
#9306 = AXIS2_PLACEMENT_3D ( 'NONE', #5912, #4433, #2119 ) ;
#9307 = PLANE ( 'NONE',  #4347 ) ;
#9308 = CARTESIAN_POINT ( 'NONE',  ( 0.7750000000000004700, 1.700000000000000000, 1.249999999999986000 ) ) ;
#9309 = CARTESIAN_POINT ( 'NONE',  ( -2.974999999999999200, 0.1000000000000000300, -2.550000000000000300 ) ) ;
#9310 = DIRECTION ( 'NONE',  ( -0.0000000000000000000, 1.000000000000000000, 0.0000000000000000000 ) ) ;
#9311 = EDGE_CURVE ( 'NONE', #7965, #391, #9087, .T. ) ;
#9312 = VECTOR ( 'NONE', #5059, 1000.000000000000000 ) ;
#9313 = DIRECTION ( 'NONE',  ( 0.0000000000000000000, -6.672013369141573100E-016, 1.000000000000000000 ) ) ;
#9314 = CARTESIAN_POINT ( 'NONE',  ( -1.724999999999999600, 1.250000000000000000, -2.449999999999999300 ) ) ;
#9315 = LINE ( 'NONE', #6172, #2878 ) ;
#9316 = VERTEX_POINT ( 'NONE', #541 ) ;
#9317 = AXIS2_PLACEMENT_3D ( 'NONE', #7473, #9846, #1460 ) ;
#9318 = FACE_OUTER_BOUND ( 'NONE', #2008, .T. ) ;
#9319 = ADVANCED_FACE ( 'NONE', ( #4491 ), #6154, .F. ) ;
#9320 = ORIENTED_EDGE ( 'NONE', *, *, #1695, .T. ) ;
#9321 = ORIENTED_EDGE ( 'NONE', *, *, #4220, .F. ) ;
#9322 = CARTESIAN_POINT ( 'NONE',  ( -4.285000000000000100, 0.5999999999999998700, 1.250000000000000700 ) ) ;
#9323 = FACE_OUTER_BOUND ( 'NONE', #8473, .T. ) ;
#9325 = DIRECTION ( 'NONE',  ( 0.0000000000000000000, 1.000000000000000000, 0.0000000000000000000 ) ) ;
#9324 = CIRCLE ( 'NONE', #9882, 0.1000000000000000500 ) ;
#9326 = ORIENTED_EDGE ( 'NONE', *, *, #4082, .F. ) ;
#9327 = CARTESIAN_POINT ( 'NONE',  ( -4.524999999999999500, 1.399999999999999700, -1.700000000000000800 ) ) ;
#9328 = AXIS2_PLACEMENT_3D ( 'NONE', #8477, #6191, #9330 ) ;
#9329 = VERTEX_POINT ( 'NONE', #10043 ) ;
#9330 = DIRECTION ( 'NONE',  ( 0.0000000000000000000, 0.0000000000000000000, 1.000000000000000000 ) ) ;
#9331 = CARTESIAN_POINT ( 'NONE',  ( 3.885000000000000200, 0.3500000000000000300, 2.650000000000000800 ) ) ;
#9332 = DIRECTION ( 'NONE',  ( -0.0000000000000000000, 0.0000000000000000000, 1.000000000000000000 ) ) ;
#9333 = DIRECTION ( 'NONE',  ( -0.0000000000000000000, -0.0000000000000000000, -1.000000000000000000 ) ) ;
#9334 = DIRECTION ( 'NONE',  ( 0.0000000000000000000, -7.228014483236719200E-016, -1.000000000000000000 ) ) ;
#9335 = VECTOR ( 'NONE', #5574, 1000.000000000000000 ) ;
#9336 = DIRECTION ( 'NONE',  ( 0.0000000000000000000, -1.000000000000000000, -3.614007241618353200E-016 ) ) ;
#9337 = CARTESIAN_POINT ( 'NONE',  ( -6.274999999999998600, 0.2999999999999989900, -0.3500000000000000300 ) ) ;
#9338 = EDGE_LOOP ( 'NONE', ( #2608, #1696, #7665, #404 ) ) ;
#9339 = ORIENTED_EDGE ( 'NONE', *, *, #9470, .F. ) ;
#9340 = ORIENTED_EDGE ( 'NONE', *, *, #6921, .F. ) ;
#9341 = EDGE_CURVE ( 'NONE', #8699, #7017, #5462, .T. ) ;
#9342 = CARTESIAN_POINT ( 'NONE',  ( 0.7750000000000004700, 0.1000000000000000300, -2.550000000000000300 ) ) ;
#9343 = CARTESIAN_POINT ( 'NONE',  ( -4.224999999999999600, 2.140000000000000100, -1.400000000000000600 ) ) ;
#9344 = LINE ( 'NONE', #1796, #8984 ) ;
#9345 = FACE_OUTER_BOUND ( 'NONE', #4287, .T. ) ;
#9346 = EDGE_CURVE ( 'NONE', #4480, #7604, #7003, .T. ) ;
#9347 = ORIENTED_EDGE ( 'NONE', *, *, #637, .F. ) ;
#9348 = ORIENTED_EDGE ( 'NONE', *, *, #4358, .T. ) ;
#9349 = ORIENTED_EDGE ( 'NONE', *, *, #6068, .T. ) ;
#9350 = FACE_OUTER_BOUND ( 'NONE', #2078, .T. ) ;
#9351 = CARTESIAN_POINT ( 'NONE',  ( 7.575000000000002000, 0.0000000000000000000, 1.850000000000000100 ) ) ;
#9352 = EDGE_CURVE ( 'NONE', #2794, #7409, #8074, .T. ) ;
#9353 = FACE_OUTER_BOUND ( 'NONE', #3259, .T. ) ;
#9354 = VECTOR ( 'NONE', #6479, 1000.000000000000000 ) ;
#9355 = EDGE_CURVE ( 'NONE', #8699, #1511, #4962, .T. ) ;
#9356 = ORIENTED_EDGE ( 'NONE', *, *, #9629, .T. ) ;
#9357 = CARTESIAN_POINT ( 'NONE',  ( 2.975000000000000100, 1.399999999999999900, -2.299999999999999800 ) ) ;
#9358 = PLANE ( 'NONE',  #5515 ) ;
#9359 = ORIENTED_EDGE ( 'NONE', *, *, #1443, .F. ) ;
#9360 = VERTEX_POINT ( 'NONE', #1558 ) ;
#9361 = EDGE_CURVE ( 'NONE', #8402, #9210, #1337, .T. ) ;
#9362 = STYLED_ITEM ( 'NONE', ( #2416 ), #7086 ) ;
#9363 = CARTESIAN_POINT ( 'NONE',  ( 4.225000000000001400, 0.4000000000000001900, -2.649999999999999900 ) ) ;
#9364 = LINE ( 'NONE', #5552, #3537 ) ;
#9365 = VECTOR ( 'NONE', #8263, 1000.000000000000000 ) ;
#9366 = CARTESIAN_POINT ( 'NONE',  ( 0.4750000000000005900, 2.140000000000000100, -1.400000000000000600 ) ) ;
#9367 = PLANE ( 'NONE',  #9767 ) ;
#9368 = ADVANCED_FACE ( 'NONE', ( #2660 ), #3027, .F. ) ;
#9369 = CARTESIAN_POINT ( 'NONE',  ( 5.204999999999999200, 0.2999999999999991600, -1.550000000000000300 ) ) ;
#9370 = VERTEX_POINT ( 'NONE', #3783 ) ;
#9371 = VERTEX_POINT ( 'NONE', #830 ) ;
#9372 = EDGE_CURVE ( 'NONE', #9009, #5581, #2538, .T. ) ;
#9373 = DIRECTION ( 'NONE',  ( 0.0000000000000000000, 0.0000000000000000000, 1.000000000000000000 ) ) ;
#9374 = VECTOR ( 'NONE', #7742, 1000.000000000000000 ) ;
#9375 = LINE ( 'NONE', #7582, #9622 ) ;
#9376 = AXIS2_PLACEMENT_3D ( 'NONE', #5133, #7458, #2911 ) ;
#9377 = VERTEX_POINT ( 'NONE', #767 ) ;
#9378 = CARTESIAN_POINT ( 'NONE',  ( 4.525000000000001200, 0.4000000000000001900, -2.649999999999999900 ) ) ;
#9379 = CARTESIAN_POINT ( 'NONE',  ( 3.275000000000000400, 1.700000000000000000, 3.457774721070176100 ) ) ;
#9380 = DIRECTION ( 'NONE',  ( 0.0000000000000000000, 0.0000000000000000000, -1.000000000000000000 ) ) ;
#9381 = CARTESIAN_POINT ( 'NONE',  ( -5.204999999999999200, 0.2999999999999991600, 1.700000000000000200 ) ) ;
#9382 = ORIENTED_EDGE ( 'NONE', *, *, #1689, .F. ) ;
#9383 = VERTEX_POINT ( 'NONE', #26 ) ;
#9384 = FACE_OUTER_BOUND ( 'NONE', #4167, .T. ) ;
#9385 = ORIENTED_EDGE ( 'NONE', *, *, #2478, .T. ) ;
#9386 = DIRECTION ( 'NONE',  ( -1.000000000000000000, -0.0000000000000000000, -0.0000000000000000000 ) ) ;
#9387 = EDGE_CURVE ( 'NONE', #5783, #7857, #6764, .T. ) ;
#9388 = VERTEX_POINT ( 'NONE', #801 ) ;
#9389 = ORIENTED_EDGE ( 'NONE', *, *, #7123, .F. ) ;
#9390 = CARTESIAN_POINT ( 'NONE',  ( 2.025000000000000800, 0.7999999999999998200, -1.550000000000000300 ) ) ;
#9391 = ORIENTED_EDGE ( 'NONE', *, *, #983, .T. ) ;
#9392 = ADVANCED_FACE ( 'NONE', ( #8207 ), #4366, .T. ) ;
#9393 = DIRECTION ( 'NONE',  ( -1.000000000000000000, -0.0000000000000000000, -0.0000000000000000000 ) ) ;
#9394 = CIRCLE ( 'NONE', #7737, 0.1499999999999999700 ) ;
#9395 = ORIENTED_EDGE ( 'NONE', *, *, #9671, .T. ) ;
#9396 = LINE ( 'NONE', #4461, #2966 ) ;
#9397 = DIRECTION ( 'NONE',  ( 0.0000000000000000000, 1.000000000000000000, 0.0000000000000000000 ) ) ;
#9398 = DIRECTION ( 'NONE',  ( 0.0000000000000000000, 1.000000000000000000, 0.0000000000000000000 ) ) ;
#9399 = CARTESIAN_POINT ( 'NONE',  ( 4.225000000000001400, 1.700000000000000000, 3.457774721070176100 ) ) ;
#9400 = VECTOR ( 'NONE', #5618, 1000.000000000000000 ) ;
#9401 = ORIENTED_EDGE ( 'NONE', *, *, #846, .F. ) ;
#9402 = DIRECTION ( 'NONE',  ( 0.0000000000000000000, 0.0000000000000000000, -1.000000000000000000 ) ) ;
#9403 = SURFACE_STYLE_FILL_AREA ( #3154 ) ;
#9404 = ORIENTED_EDGE ( 'NONE', *, *, #8956, .F. ) ;
#9405 = MECHANICAL_DESIGN_GEOMETRIC_PRESENTATION_REPRESENTATION (  '', ( #8139 ), #3695 ) ;
#9406 = EDGE_LOOP ( 'NONE', ( #586, #88, #3590, #5408 ) ) ;
#9407 = STYLED_ITEM ( 'NONE', ( #6269 ), #3425 ) ;
#9408 = FACE_OUTER_BOUND ( 'NONE', #10002, .T. ) ;
#9409 = VERTEX_POINT ( 'NONE', #3921 ) ;
#9410 = DIRECTION ( 'NONE',  ( 0.0000000000000000000, -0.0000000000000000000, 1.000000000000000000 ) ) ;
#9411 = EDGE_CURVE ( 'NONE', #2605, #2537, #5938, .T. ) ;
#9412 = EDGE_CURVE ( 'NONE', #4957, #7186, #8595, .T. ) ;
#9413 = ADVANCED_FACE ( 'NONE', ( #607 ), #5387, .F. ) ;
#9414 = LINE ( 'NONE', #4143, #6972 ) ;
#9415 = ORIENTED_EDGE ( 'NONE', *, *, #1005, .F. ) ;
#9416 = EDGE_CURVE ( 'NONE', #7017, #9808, #8336, .T. ) ;
#9417 = FILL_AREA_STYLE ('',( #888 ) ) ;
#9418 = AXIS2_PLACEMENT_3D ( 'NONE', #8870, #7323, #382 ) ;
#9419 = CARTESIAN_POINT ( 'NONE',  ( 0.7750000000000004700, 2.140000000000000100, -1.500000000000000000 ) ) ;
#9420 = DIRECTION ( 'NONE',  ( 0.0000000000000000000, -1.000000000000000000, -5.421010862427532000E-016 ) ) ;
#9421 = SHAPE_REPRESENTATION_RELATIONSHIP ( 'NONE' , 'NONE' ,  #4520, #3425 ) ;
#9422 = DIRECTION ( 'NONE',  ( -0.0000000000000000000, -0.0000000000000000000, -1.000000000000000000 ) ) ;
#9423 = VECTOR ( 'NONE', #8756, 1000.000000000000000 ) ;
#9424 = VERTEX_POINT ( 'NONE', #9331 ) ;
#9425 = EDGE_CURVE ( 'NONE', #8205, #2005, #9573, .T. ) ;
#9426 =( NAMED_UNIT ( * ) SI_UNIT ( $, .STERADIAN. ) SOLID_ANGLE_UNIT ( ) );
#9427 = FACE_OUTER_BOUND ( 'NONE', #2326, .T. ) ;
#9428 = DIRECTION ( 'NONE',  ( -1.000000000000000000, -0.0000000000000000000, -0.0000000000000000000 ) ) ;
#9429 = CARTESIAN_POINT ( 'NONE',  ( 2.500000000000000000, 0.0000000000000000000, -1.000000000000000700 ) ) ;
#9430 = AXIS2_PLACEMENT_3D ( 'NONE', #7386, #4340, #3513 ) ;
#9431 = LINE ( 'NONE', #5969, #8196 ) ;
#9432 = DIRECTION ( 'NONE',  ( 0.0000000000000000000, -0.0000000000000000000, 1.000000000000000000 ) ) ;
#9433 = FACE_OUTER_BOUND ( 'NONE', #9171, .T. ) ;
#9434 = ORIENTED_EDGE ( 'NONE', *, *, #5813, .T. ) ;
#9435 = VECTOR ( 'NONE', #8135, 1000.000000000000000 ) ;
#9436 = ADVANCED_FACE ( 'NONE', ( #6516 ), #6374, .F. ) ;
#9437 = PRESENTATION_STYLE_ASSIGNMENT (( #8648 ) ) ;
#9438 = LINE ( 'NONE', #754, #1206 ) ;
#9439 = EDGE_CURVE ( 'NONE', #8373, #2685, #2421, .T. ) ;
#9440 = DIRECTION ( 'NONE',  ( 0.0000000000000000000, 1.000000000000000000, 0.0000000000000000000 ) ) ;
#9441 = VERTEX_POINT ( 'NONE', #159 ) ;
#9442 = EDGE_CURVE ( 'NONE', #7229, #8419, #6283, .T. ) ;
#9443 = ORIENTED_EDGE ( 'NONE', *, *, #2664, .F. ) ;
#9444 = AXIS2_PLACEMENT_3D ( 'NONE', #1204, #8145, #6905 ) ;
#9445 = LINE ( 'NONE', #402, #7234 ) ;
#9446 = VECTOR ( 'NONE', #8283, 1000.000000000000000 ) ;
#9447 = CARTESIAN_POINT ( 'NONE',  ( 0.7750000000000004700, 0.5000000000000000000, -1.849999999999999900 ) ) ;
#9448 = VERTEX_POINT ( 'NONE', #6308 ) ;
#9449 = CARTESIAN_POINT ( 'NONE',  ( -2.024999999999999500, 1.700000000000000000, 3.457774721070176100 ) ) ;
#9450 = ORIENTED_EDGE ( 'NONE', *, *, #7366, .F. ) ;
#9451 = ORIENTED_EDGE ( 'NONE', *, *, #4289, .F. ) ;
#9452 = DIRECTION ( 'NONE',  ( -1.000000000000000000, -0.0000000000000000000, -0.0000000000000000000 ) ) ;
#9453 = VECTOR ( 'NONE', #2175, 1000.000000000000000 ) ;
#9454 = FACE_OUTER_BOUND ( 'NONE', #5855, .T. ) ;
#9455 = DIRECTION ( 'NONE',  ( 0.0000000000000000000, -0.0000000000000000000, 1.000000000000000000 ) ) ;
#9456 = VERTEX_POINT ( 'NONE', #6344 ) ;
#9457 =( NAMED_UNIT ( * ) PLANE_ANGLE_UNIT ( ) SI_UNIT ( $, .RADIAN. ) );
#9458 = ORIENTED_EDGE ( 'NONE', *, *, #9940, .T. ) ;
#9459 = ORIENTED_EDGE ( 'NONE', *, *, #10000, .F. ) ;
#9460 = ORIENTED_EDGE ( 'NONE', *, *, #2369, .T. ) ;
#9461 = ADVANCED_FACE ( 'NONE', ( #6406 ), #8584, .F. ) ;
#9462 = DIRECTION ( 'NONE',  ( 0.0000000000000000000, -1.000000000000000000, 0.0000000000000000000 ) ) ;
#9463 = CARTESIAN_POINT ( 'NONE',  ( 0.4750000000000005900, 0.0000000000000000000, -1.950000000000000800 ) ) ;
#9464 = FACE_OUTER_BOUND ( 'NONE', #4504, .T. ) ;
#9465 = PRESENTATION_STYLE_ASSIGNMENT (( #313 ) ) ;
#9467 = DIRECTION ( 'NONE',  ( 0.7071067811865483500, 0.7071067811865466800, 0.0000000000000000000 ) ) ;
#9466 = LINE ( 'NONE', #3538, #9354 ) ;
#9468 = PLANE ( 'NONE',  #8827 ) ;
#9469 = EDGE_CURVE ( 'NONE', #9831, #4778, #6637, .T. ) ;
#9470 = EDGE_CURVE ( 'NONE', #5975, #5614, #10045, .T. ) ;
#9471 = ORIENTED_EDGE ( 'NONE', *, *, #6875, .F. ) ;
#9472 = CARTESIAN_POINT ( 'NONE',  ( 2.025000000000000800, 1.700000000000000000, -1.000000000000000700 ) ) ;
#9473 = ORIENTED_EDGE ( 'NONE', *, *, #1495, .F. ) ;
#9474 = ORIENTED_EDGE ( 'NONE', *, *, #4563, .T. ) ;
#9475 = DIRECTION ( 'NONE',  ( -1.000000000000000000, 0.0000000000000000000, -0.0000000000000000000 ) ) ;
#9476 = DIRECTION ( 'NONE',  ( 1.000000000000000000, 0.0000000000000000000, 0.0000000000000000000 ) ) ;
#9477 = CARTESIAN_POINT ( 'NONE',  ( 5.594999999999998000, 2.180000000000000200, 2.650000000000000400 ) ) ;
#9478 = LINE ( 'NONE', #5486, #1247 ) ;
#9479 = EDGE_CURVE ( 'NONE', #8009, #6711, #4598, .T. ) ;
#9480 = CIRCLE ( 'NONE', #5671, 0.09999999999999982500 ) ;
#9481 = VECTOR ( 'NONE', #1582, 1000.000000000000000 ) ;
#9482 = AXIS2_PLACEMENT_3D ( 'NONE', #2011, #1165, #3559 ) ;
#9483 = ORIENTED_EDGE ( 'NONE', *, *, #3238, .F. ) ;
#9484 = ORIENTED_EDGE ( 'NONE', *, *, #9888, .F. ) ;
#9485 = DIRECTION ( 'NONE',  ( -1.000000000000000000, -0.0000000000000000000, -0.0000000000000000000 ) ) ;
#9486 = PLANE ( 'NONE',  #2652 ) ;
#9487 = EDGE_CURVE ( 'NONE', #244, #7683, #7593, .T. ) ;
#9488 = DIRECTION ( 'NONE',  ( -1.000000000000000000, -0.0000000000000000000, -0.0000000000000000000 ) ) ;
#9489 = LINE ( 'NONE', #3686, #5022 ) ;
#9490 = CYLINDRICAL_SURFACE ( 'NONE', #4550, 0.09999999999999982500 ) ;
#9491 = ADVANCED_FACE ( 'NONE', ( #4354 ), #9207, .F. ) ;
#9492 = ORIENTED_EDGE ( 'NONE', *, *, #5202, .F. ) ;
#9493 = PLANE ( 'NONE',  #1026 ) ;
#9494 = ORIENTED_EDGE ( 'NONE', *, *, #7749, .F. ) ;
#9495 = ORIENTED_EDGE ( 'NONE', *, *, #798, .F. ) ;
#9496 = AXIS2_PLACEMENT_3D ( 'NONE', #5744, #1064, #6502 ) ;
#9497 = DIRECTION ( 'NONE',  ( 0.0000000000000000000, 0.0000000000000000000, 1.000000000000000000 ) ) ;
#9498 = CARTESIAN_POINT ( 'NONE',  ( 0.7750000000000004700, 1.700000000000000000, 3.457774721070176100 ) ) ;
#9499 = VECTOR ( 'NONE', #7923, 1000.000000000000000 ) ;
#9500 = CARTESIAN_POINT ( 'NONE',  ( -1.940675499178564600, 1.034324500821434800, 1.850000000000000500 ) ) ;
#9501 = ORIENTED_EDGE ( 'NONE', *, *, #8819, .T. ) ;
#9502 = CARTESIAN_POINT ( 'NONE',  ( -6.374999999999999100, 2.200000000000000200, 5.480194339616986100 ) ) ;
#9503 = EDGE_CURVE ( 'NONE', #3267, #6670, #231, .T. ) ;
#9504 = ORIENTED_EDGE ( 'NONE', *, *, #923, .F. ) ;
#9505 = EDGE_LOOP ( 'NONE', ( #6521, #39, #10009, #5874 ) ) ;
#9506 = CARTESIAN_POINT ( 'NONE',  ( 5.874999999999999100, 0.4999999999999995600, -1.400000000000000600 ) ) ;
#9507 = AXIS2_PLACEMENT_3D ( 'NONE', #5937, #4309, #6593 ) ;
#9508 = CARTESIAN_POINT ( 'NONE',  ( -4.224999999999999600, 1.250000000000000000, -2.449999999999999300 ) ) ;
#9509 = CIRCLE ( 'NONE', #3032, 0.1000000000000000500 ) ;
#9510 = CARTESIAN_POINT ( 'NONE',  ( 3.584999999999999500, 0.5999999999999998700, 2.650000000000000800 ) ) ;
#9511 = CARTESIAN_POINT ( 'NONE',  ( -4.524999999999999500, 1.700000000000000000, 1.249999999999986000 ) ) ;
#9512 = ORIENTED_EDGE ( 'NONE', *, *, #4775, .T. ) ;
#9513 = LINE ( 'NONE', #9931, #916 ) ;
#9514 = ORIENTED_EDGE ( 'NONE', *, *, #930, .T. ) ;
#9515 = ORIENTED_EDGE ( 'NONE', *, *, #4035, .T. ) ;
#9516 = PLANE ( 'NONE',  #7276 ) ;
#9517 = VECTOR ( 'NONE', #4624, 1000.000000000000000 ) ;
#9518 = ORIENTED_EDGE ( 'NONE', *, *, #2152, .T. ) ;
#9519 = FACE_OUTER_BOUND ( 'NONE', #4879, .T. ) ;
#9520 = EDGE_LOOP ( 'NONE', ( #9348, #8704, #4670, #5368 ) ) ;
#9521 = PLANE ( 'NONE',  #1203 ) ;
#9522 = EDGE_LOOP ( 'NONE', ( #11, #620, #9913, #6061 ) ) ;
#9523 = VERTEX_POINT ( 'NONE', #7135 ) ;
#9524 = CARTESIAN_POINT ( 'NONE',  ( 6.274999999999998600, 0.2500000000000000000, -0.3500000000000000300 ) ) ;
#9525 = AXIS2_PLACEMENT_3D ( 'NONE', #3854, #1588, #1525 ) ;
#9526 = DIRECTION ( 'NONE',  ( 0.0000000000000000000, 0.0000000000000000000, 1.000000000000000000 ) ) ;
#9527 = VECTOR ( 'NONE', #1791, 1000.000000000000000 ) ;
#9528 = VERTEX_POINT ( 'NONE', #2551 ) ;
#9529 = VECTOR ( 'NONE', #3218, 1000.000000000000000 ) ;
#9530 = MANIFOLD_SOLID_BREP ( 'LPattern3[4]', #7290 ) ;
#9531 = ORIENTED_EDGE ( 'NONE', *, *, #8286, .F. ) ;
#9532 = CARTESIAN_POINT ( 'NONE',  ( -2.024999999999999500, 2.040000000000000000, -1.500000000000000700 ) ) ;
#9533 = DIRECTION ( 'NONE',  ( 0.0000000000000000000, -1.000000000000000000, 0.0000000000000000000 ) ) ;
#9534 = VECTOR ( 'NONE', #802, 1000.000000000000000 ) ;
#9535 = EDGE_CURVE ( 'NONE', #4284, #9845, #1571, .T. ) ;
#9536 = CARTESIAN_POINT ( 'NONE',  ( 5.874999999999999100, 0.4999999999999995600, -1.550000000000000500 ) ) ;
#9537 = CARTESIAN_POINT ( 'NONE',  ( 5.204999999999999200, 0.2999999999999991600, -1.550000000000000300 ) ) ;
#9538 = CARTESIAN_POINT ( 'NONE',  ( -4.224999999999999600, 0.0000000000000000000, -1.950000000000000800 ) ) ;
#9539 = VECTOR ( 'NONE', #8806, 1000.000000000000000 ) ;
#9540 = ORIENTED_EDGE ( 'NONE', *, *, #340, .F. ) ;
#9541 = AXIS2_PLACEMENT_3D ( 'NONE', #400, #9711, #3679 ) ;
#9542 = DIRECTION ( 'NONE',  ( 0.0000000000000000000, 1.000000000000000000, 0.0000000000000000000 ) ) ;
#9543 = EDGE_CURVE ( 'NONE', #3275, #6934, #2298, .T. ) ;
#9544 = DIRECTION ( 'NONE',  ( 1.000000000000000000, 0.0000000000000000000, -0.0000000000000000000 ) ) ;
#9545 = CARTESIAN_POINT ( 'NONE',  ( 1.625000000000000700, 1.034324500821434800, 1.850000000000000500 ) ) ;
#9546 = FACE_OUTER_BOUND ( 'NONE', #176, .T. ) ;
#9547 = DIRECTION ( 'NONE',  ( -6.195440985631454300E-016, 0.0000000000000000000, 1.000000000000000000 ) ) ;
#9548 = CARTESIAN_POINT ( 'NONE',  ( -7.575000000000000200, 0.0000000000000000000, -0.3500000000000000300 ) ) ;
#9549 = ORIENTED_EDGE ( 'NONE', *, *, #7443, .T. ) ;
#9550 = EDGE_CURVE ( 'NONE', #1928, #5761, #5570, .T. ) ;
#9551 = CARTESIAN_POINT ( 'NONE',  ( 4.225000000000001400, 2.140000000000000100, -1.500000000000000000 ) ) ;
#9552 = EDGE_CURVE ( 'NONE', #7784, #7073, #6174, .T. ) ;
#9553 = CARTESIAN_POINT ( 'NONE',  ( 7.374999999999998200, 0.8000000000000000400, -0.5499999999999997100 ) ) ;
#9554 = CYLINDRICAL_SURFACE ( 'NONE', #6370, 0.1000000000000002600 ) ;
#9555 = EDGE_CURVE ( 'NONE', #4735, #5196, #955, .T. ) ;
#9556 = LINE ( 'NONE', #4557, #3472 ) ;
#9557 = ORIENTED_EDGE ( 'NONE', *, *, #9287, .T. ) ;
#9558 = AXIS2_PLACEMENT_3D ( 'NONE', #281, #4206, #5666 ) ;
#9559 = DIRECTION ( 'NONE',  ( 0.0000000000000000000, 0.0000000000000000000, 1.000000000000000000 ) ) ;
#9560 = CARTESIAN_POINT ( 'NONE',  ( 0.7750000000000004700, 0.0000000000000000000, -1.950000000000000800 ) ) ;
#9561 = CARTESIAN_POINT ( 'NONE',  ( -5.674999999999999800, 0.0000000000000000000, -1.550000000000000500 ) ) ;
#9562 = VECTOR ( 'NONE', #3353, 1000.000000000000000 ) ;
#9563 = DIRECTION ( 'NONE',  ( 1.000000000000000000, 0.0000000000000000000, 0.0000000000000000000 ) ) ;
#9564 = EDGE_CURVE ( 'NONE', #6487, #3275, #4100, .T. ) ;
#9565 = ORIENTED_EDGE ( 'NONE', *, *, #277, .F. ) ;
#9566 = ORIENTED_EDGE ( 'NONE', *, *, #610, .F. ) ;
#9567 = CARTESIAN_POINT ( 'NONE',  ( 6.374999999999999100, 2.200000000000000200, 2.250000000000000400 ) ) ;
#9568 = DIRECTION ( 'NONE',  ( -1.000000000000000000, -0.0000000000000000000, -0.0000000000000000000 ) ) ;
#9569 = ADVANCED_FACE ( 'NONE', ( #9318 ), #3869, .T. ) ;
#9570 = DIRECTION ( 'NONE',  ( 1.000000000000000000, 0.0000000000000000000, 0.0000000000000000000 ) ) ;
#9571 = AXIS2_PLACEMENT_3D ( 'NONE', #6040, #8387, #3730 ) ;
#9572 = CARTESIAN_POINT ( 'NONE',  ( 2.025000000000000800, 1.399999999999999700, -2.299999999999999800 ) ) ;
#9573 = CIRCLE ( 'NONE', #591, 0.1000000000000000500 ) ;
#9574 = LINE ( 'NONE', #3764, #4839 ) ;
#9575 = CARTESIAN_POINT ( 'NONE',  ( 5.674999999999999800, 0.2999999999999991600, -0.5999999999999985300 ) ) ;
#9576 = PLANE ( 'NONE',  #51 ) ;
#9577 = ORIENTED_EDGE ( 'NONE', *, *, #9411, .T. ) ;
#9578 = CARTESIAN_POINT ( 'NONE',  ( -0.5593245008214345900, 3.399999999999999900, 1.850000000000000500 ) ) ;
#9579 = ORIENTED_EDGE ( 'NONE', *, *, #9095, .F. ) ;
#9580 = DIRECTION ( 'NONE',  ( 1.000000000000000000, 0.0000000000000000000, 0.0000000000000000000 ) ) ;
#9581 = DIRECTION ( 'NONE',  ( 0.0000000000000000000, 1.000000000000000000, 0.0000000000000000000 ) ) ;
#9582 = PLANE ( 'NONE',  #7603 ) ;
#9583 = CARTESIAN_POINT ( 'NONE',  ( 2.975000000000000100, 1.700000000000000000, 1.249999999999986000 ) ) ;
#9584 = DIRECTION ( 'NONE',  ( -1.000000000000000000, -0.0000000000000000000, -0.0000000000000000000 ) ) ;
#9585 = VECTOR ( 'NONE', #2737, 1000.000000000000000 ) ;
#9586 = LINE ( 'NONE', #7454, #736 ) ;
#9587 = VERTEX_POINT ( 'NONE', #4242 ) ;
#9588 = ORIENTED_EDGE ( 'NONE', *, *, #3047, .T. ) ;
#9589 = ORIENTED_EDGE ( 'NONE', *, *, #1713, .T. ) ;
#9590 = UNCERTAINTY_MEASURE_WITH_UNIT (LENGTH_MEASURE( 1.000000000000000100E-005 ), #4008, 'distance_accuracy_value', 'NONE');
#9591 = LINE ( 'NONE', #1770, #5114 ) ;
#9592 = LINE ( 'NONE', #9809, #3766 ) ;
#9593 = CARTESIAN_POINT ( 'NONE',  ( -4.285000000000000100, 0.2999999999999991600, 1.250000000000000700 ) ) ;
#9594 = CARTESIAN_POINT ( 'NONE',  ( 3.275000000000000400, 1.250000000000000000, -2.449999999999999300 ) ) ;
#9595 = CARTESIAN_POINT ( 'NONE',  ( 5.274999999999998600, 0.5999999999999998700, 2.400000000000003000 ) ) ;
#9596 = LINE ( 'NONE', #7156, #4865 ) ;
#9597 = ORIENTED_EDGE ( 'NONE', *, *, #5404, .T. ) ;
#9598 = ADVANCED_FACE ( 'NONE', ( #5929 ), #3384, .F. ) ;
#9599 = CARTESIAN_POINT ( 'NONE',  ( 4.525000000000001200, 1.500000000000000000, -1.600000000000000800 ) ) ;
#9600 = ORIENTED_EDGE ( 'NONE', *, *, #6685, .F. ) ;
#9601 = VERTEX_POINT ( 'NONE', #4892 ) ;
#9602 = FACE_OUTER_BOUND ( 'NONE', #769, .T. ) ;
#9603 = VECTOR ( 'NONE', #1380, 1000.000000000000000 ) ;
#9604 = VECTOR ( 'NONE', #2828, 1000.000000000000000 ) ;
#9605 = DIRECTION ( 'NONE',  ( 0.0000000000000000000, 0.0000000000000000000, -1.000000000000000000 ) ) ;
#9606 = DIRECTION ( 'NONE',  ( 0.0000000000000000000, 0.9902680687415708100, -0.1391731009600621100 ) ) ;
#9607 = ORIENTED_EDGE ( 'NONE', *, *, #5607, .F. ) ;
#9608 = CARTESIAN_POINT ( 'NONE',  ( -3.274999999999999500, 1.250000000000000000, -2.449999999999999300 ) ) ;
#9609 = VERTEX_POINT ( 'NONE', #2627 ) ;
#9610 = CARTESIAN_POINT ( 'NONE',  ( -3.274999999999999500, 1.250000000000000000, -2.449999999999999300 ) ) ;
#9611 = EDGE_CURVE ( 'NONE', #4096, #2434, #3364, .T. ) ;
#9612 = FACE_OUTER_BOUND ( 'NONE', #3081, .T. ) ;
#9613 = EDGE_CURVE ( 'NONE', #8271, #1763, #5085, .T. ) ;
#9614 = DIRECTION ( 'NONE',  ( 1.000000000000000000, 0.0000000000000000000, -0.0000000000000000000 ) ) ;
#9615 = VERTEX_POINT ( 'NONE', #2692 ) ;
#9616 = EDGE_CURVE ( 'NONE', #9448, #1604, #7709, .T. ) ;
#9617 = DIRECTION ( 'NONE',  ( 0.0000000000000000000, 1.000000000000000000, 4.015563601798170200E-016 ) ) ;
#9618 = CARTESIAN_POINT ( 'NONE',  ( 3.584999999999999500, 0.2999999999999991600, 2.650000000000000800 ) ) ;
#9619 = VERTEX_POINT ( 'NONE', #4106 ) ;
#9620 = ORIENTED_EDGE ( 'NONE', *, *, #8019, .T. ) ;
#9621 = EDGE_CURVE ( 'NONE', #6465, #4338, #5211, .T. ) ;
#9623 = CARTESIAN_POINT ( 'NONE',  ( 0.6906754991785656300, 1.615675499178565100, 1.850000000000000500 ) ) ;
#9622 = VECTOR ( 'NONE', #1299, 1000.000000000000000 ) ;
#9624 = ADVANCED_FACE ( 'NONE', ( #7111 ), #2587, .F. ) ;
#9625 = ORIENTED_EDGE ( 'NONE', *, *, #8804, .F. ) ;
#9626 = VERTEX_POINT ( 'NONE', #1869 ) ;
#9627 = ORIENTED_EDGE ( 'NONE', *, *, #6611, .T. ) ;
#9628 = DIRECTION ( 'NONE',  ( 0.0000000000000000000, -1.000000000000000000, 0.0000000000000000000 ) ) ;
#9629 = EDGE_CURVE ( 'NONE', #7979, #6462, #6878, .T. ) ;
#9630 = CARTESIAN_POINT ( 'NONE',  ( -0.4749999999999997600, 1.700000000000000000, -1.000000000000000700 ) ) ;
#9631 = CARTESIAN_POINT ( 'NONE',  ( -1.730700334954883700, 0.9557003349548839300, 1.290559990745417100 ) ) ;
#9632 = FILL_AREA_STYLE ('',( #3835 ) ) ;
#9633 = LINE ( 'NONE', #8132, #6002 ) ;
#9634 = AXIS2_PLACEMENT_3D ( 'NONE', #4180, #5674, #4960 ) ;
#9635 = VERTEX_POINT ( 'NONE', #4999 ) ;
#9636 = AXIS2_PLACEMENT_3D ( 'NONE', #8599, #9380, #4776 ) ;
#9637 = EDGE_LOOP ( 'NONE', ( #5138, #2765, #4979, #4266 ) ) ;
#9638 = ORIENTED_EDGE ( 'NONE', *, *, #7047, .T. ) ;
#9639 = EDGE_LOOP ( 'NONE', ( #3550, #2057, #2281, #8420 ) ) ;
#9640 = CYLINDRICAL_SURFACE ( 'NONE', #6398, 0.1000000000000000500 ) ;
#9641 = EDGE_CURVE ( 'NONE', #2379, #9982, #1327, .T. ) ;
#9642 = VERTEX_POINT ( 'NONE', #389 ) ;
#9643 = DIRECTION ( 'NONE',  ( 0.1378445374916254000, -0.1378445374916254000, -0.9808148484639900300 ) ) ;
#9644 = LINE ( 'NONE', #9016, #1878 ) ;
#9645 = AXIS2_PLACEMENT_3D ( 'NONE', #6979, #9980, #3822 ) ;
#9646 = FACE_OUTER_BOUND ( 'NONE', #8860, .T. ) ;
#9647 = VERTEX_POINT ( 'NONE', #9567 ) ;
#9648 = CARTESIAN_POINT ( 'NONE',  ( -1.724999999999999600, 0.5000000000000000000, -1.849999999999999900 ) ) ;
#9649 = DIRECTION ( 'NONE',  ( -1.000000000000000000, -0.0000000000000000000, -0.0000000000000000000 ) ) ;
#9650 = ORIENTED_EDGE ( 'NONE', *, *, #9053, .T. ) ;
#9651 = ORIENTED_EDGE ( 'NONE', *, *, #1635, .T. ) ;
#9652 = SURFACE_SIDE_STYLE ('',( #6045 ) ) ;
#9653 = DIRECTION ( 'NONE',  ( 1.000000000000000000, 0.0000000000000000000, 0.0000000000000000000 ) ) ;
#9654 = VECTOR ( 'NONE', #5859, 1000.000000000000000 ) ;
#9655 = ORIENTED_EDGE ( 'NONE', *, *, #9297, .T. ) ;
#9656 = DIRECTION ( 'NONE',  ( 1.000000000000000000, 0.0000000000000000000, 0.0000000000000000000 ) ) ;
#9657 = CARTESIAN_POINT ( 'NONE',  ( 3.275000000000000400, 1.399999999999999700, -2.299999999999999800 ) ) ;
#9658 = DIRECTION ( 'NONE',  ( -1.000000000000000000, -0.0000000000000000000, -0.0000000000000000000 ) ) ;
#9659 =( NAMED_UNIT ( * ) SI_UNIT ( $, .STERADIAN. ) SOLID_ANGLE_UNIT ( ) );
#9660 = VECTOR ( 'NONE', #3435, 1000.000000000000000 ) ;
#9661 = PRESENTATION_STYLE_ASSIGNMENT (( #6223 ) ) ;
#9662 = ORIENTED_EDGE ( 'NONE', *, *, #6664, .F. ) ;
#9663 = DIRECTION ( 'NONE',  ( 0.0000000000000000000, 0.0000000000000000000, 1.000000000000000000 ) ) ;
#9664 = EDGE_CURVE ( 'NONE', #9246, #1574, #2768, .T. ) ;
#9665 = ADVANCED_FACE ( 'NONE', ( #5454 ), #8069, .T. ) ;
#9666 = CARTESIAN_POINT ( 'NONE',  ( 5.874999999999999100, 3.399999999999999900, 1.700000000000000600 ) ) ;
#9667 = FACE_OUTER_BOUND ( 'NONE', #8723, .T. ) ;
#9668 = DIRECTION ( 'NONE',  ( 1.000000000000000000, 0.0000000000000000000, 0.0000000000000000000 ) ) ;
#9669 = VECTOR ( 'NONE', #9190, 1000.000000000000000 ) ;
#9670 = ORIENTED_EDGE ( 'NONE', *, *, #7630, .F. ) ;
#9671 = EDGE_CURVE ( 'NONE', #7437, #1731, #8951, .T. ) ;
#9672 = CARTESIAN_POINT ( 'NONE',  ( -0.4749999999999997600, 1.500000000000000000, -1.700000000000000800 ) ) ;
#9673 = LINE ( 'NONE', #669, #3001 ) ;
#9674 = DIRECTION ( 'NONE',  ( 1.000000000000000000, 0.0000000000000000000, 0.0000000000000000000 ) ) ;
#9675 = FILL_AREA_STYLE_COLOUR ( '', #3499 ) ;
#9676 = CARTESIAN_POINT ( 'NONE',  ( 3.585000000000000400, 0.2999999999999991600, 1.250000000000000700 ) ) ;
#9677 = DIRECTION ( 'NONE',  ( -1.000000000000000000, -0.0000000000000000000, -0.0000000000000000000 ) ) ;
#9678 = LINE ( 'NONE', #5622, #7587 ) ;
#9679 = ORIENTED_EDGE ( 'NONE', *, *, #2664, .T. ) ;
#9680 = LINE ( 'NONE', #4274, #9435 ) ;
#9681 = EDGE_CURVE ( 'NONE', #8298, #3762, #6755, .T. ) ;
#9682 = CARTESIAN_POINT ( 'NONE',  ( -4.624999999999999100, 3.399999999999999900, 1.850000000000000500 ) ) ;
#9683 = DIRECTION ( 'NONE',  ( -1.000000000000000000, -0.0000000000000000000, -0.0000000000000000000 ) ) ;
#9684 = VECTOR ( 'NONE', #8592, 1000.000000000000000 ) ;
#9685 = EDGE_CURVE ( 'NONE', #5863, #199, #8815, .T. ) ;
#9686 = FILL_AREA_STYLE_COLOUR ( '', #4343 ) ;
#9687 = DIRECTION ( 'NONE',  ( -1.000000000000000000, 0.0000000000000000000, -0.0000000000000000000 ) ) ;
#9688 = ORIENTED_EDGE ( 'NONE', *, *, #3302, .T. ) ;
#9689 = CARTESIAN_POINT ( 'NONE',  ( -3.274999999999999500, 0.6000000000000007500, -2.449999999999999700 ) ) ;
#9690 = PLANE ( 'NONE',  #7711 ) ;
#9691 = ORIENTED_EDGE ( 'NONE', *, *, #8454, .F. ) ;
#9692 = CARTESIAN_POINT ( 'NONE',  ( 0.7750000000000004700, 0.5000000000000000000, -1.550000000000000300 ) ) ;
#9693 = ADVANCED_FACE ( 'NONE', ( #9804 ), #5040, .F. ) ;
#9694 = LINE ( 'NONE', #8720, #5471 ) ;
#9695 = CIRCLE ( 'NONE', #3502, 0.1000000000000000500 ) ;
#9696 = EDGE_CURVE ( 'NONE', #1562, #6309, #598, .T. ) ;
#9697 = DIRECTION ( 'NONE',  ( 0.1378445374916254000, -0.1378445374916254000, -0.9808148484639900300 ) ) ;
#9698 = ORIENTED_EDGE ( 'NONE', *, *, #2160, .F. ) ;
#9699 = CARTESIAN_POINT ( 'NONE',  ( 3.275000000000000400, 2.140000000000000100, -1.400000000000000600 ) ) ;
#9700 = ORIENTED_EDGE ( 'NONE', *, *, #4044, .T. ) ;
#9701 = ORIENTED_EDGE ( 'NONE', *, *, #8641, .F. ) ;
#9702 = CARTESIAN_POINT ( 'NONE',  ( 2.975000000000000100, 1.500000000000000000, -1.600000000000001000 ) ) ;
#9703 = AXIS2_PLACEMENT_3D ( 'NONE', #6863, #3760, #783 ) ;
#9704 = DIRECTION ( 'NONE',  ( -1.162683294890621800E-016, 1.000000000000000000, 0.0000000000000000000 ) ) ;
#9705 = VECTOR ( 'NONE', #3235, 1000.000000000000000 ) ;
#9706 = CIRCLE ( 'NONE', #6359, 0.04999999999999883000 ) ;
#9707 = CARTESIAN_POINT ( 'NONE',  ( 5.204999999999999200, 0.0000000000000000000, -1.550000000000000300 ) ) ;
#9708 = DIRECTION ( 'NONE',  ( 0.0000000000000000000, 0.0000000000000000000, -1.000000000000000000 ) ) ;
#9709 = ORIENTED_EDGE ( 'NONE', *, *, #720, .T. ) ;
#9710 = VERTEX_POINT ( 'NONE', #4391 ) ;
#9711 = DIRECTION ( 'NONE',  ( -1.000000000000000000, -0.0000000000000000000, -0.0000000000000000000 ) ) ;
#9712 = ORIENTED_EDGE ( 'NONE', *, *, #3238, .T. ) ;
#9713 = ORIENTED_EDGE ( 'NONE', *, *, #3961, .F. ) ;
#9714 = CARTESIAN_POINT ( 'NONE',  ( -1.724999999999999600, 1.399999999999999700, -2.299999999999999800 ) ) ;
#9715 = CARTESIAN_POINT ( 'NONE',  ( 4.225000000000001400, 2.039999999999999100, -1.600000000000000800 ) ) ;
#9716 = LINE ( 'NONE', #9735, #5363 ) ;
#9717 = DIRECTION ( 'NONE',  ( -1.000000000000000000, -0.0000000000000000000, -0.0000000000000000000 ) ) ;
#9718 = DIRECTION ( 'NONE',  ( -1.000000000000000000, 0.0000000000000000000, -0.0000000000000000000 ) ) ;
#9719 = FACE_OUTER_BOUND ( 'NONE', #8902, .T. ) ;
#9720 = AXIS2_PLACEMENT_3D ( 'NONE', #503, #8227, #1320 ) ;
#9721 = DIRECTION ( 'NONE',  ( 0.0000000000000000000, -1.000000000000000000, 0.0000000000000000000 ) ) ;
#9722 = ADVANCED_FACE ( 'NONE', ( #7102 ), #6277, .F. ) ;
#9723 = ORIENTED_EDGE ( 'NONE', *, *, #4614, .T. ) ;
#9724 = EDGE_LOOP ( 'NONE', ( #1117, #1751, #8644, #8258 ) ) ;
#9725 = ORIENTED_EDGE ( 'NONE', *, *, #2548, .F. ) ;
#9726 = SURFACE_STYLE_USAGE ( .BOTH. , #444 ) ;
#9727 = DIRECTION ( 'NONE',  ( -1.000000000000000000, -0.0000000000000000000, -0.0000000000000000000 ) ) ;
#9728 = DIRECTION ( 'NONE',  ( -1.000000000000000000, -0.0000000000000000000, -0.0000000000000000000 ) ) ;
#9729 = VECTOR ( 'NONE', #8841, 1000.000000000000000 ) ;
#9730 = CARTESIAN_POINT ( 'NONE',  ( 0.4750000000000005900, 1.250000000000000000, -2.299999999999999800 ) ) ;
#9731 = ORIENTED_EDGE ( 'NONE', *, *, #4314, .T. ) ;
#9732 = EDGE_LOOP ( 'NONE', ( #8153, #9625, #6810, #6013 ) ) ;
#9733 = AXIS2_PLACEMENT_3D ( 'NONE', #4436, #9743, #9868 ) ;
#9734 = AXIS2_PLACEMENT_3D ( 'NONE', #6588, #7415, #4336 ) ;
#9735 = CARTESIAN_POINT ( 'NONE',  ( 2.025000000000000800, 1.500000000000000000, -1.600000000000000800 ) ) ;
#9736 = VECTOR ( 'NONE', #7776, 1000.000000000000000 ) ;
#9737 = LINE ( 'NONE', #5815, #7040 ) ;
#9738 = ORIENTED_EDGE ( 'NONE', *, *, #5980, .F. ) ;
#9739 = DIRECTION ( 'NONE',  ( -1.000000000000000000, -0.0000000000000000000, -0.0000000000000000000 ) ) ;
#9740 = DIRECTION ( 'NONE',  ( 0.0000000000000000000, 0.0000000000000000000, -1.000000000000000000 ) ) ;
#9741 = ORIENTED_EDGE ( 'NONE', *, *, #1050, .F. ) ;
#9742 = ORIENTED_EDGE ( 'NONE', *, *, #8301, .F. ) ;
#9743 = DIRECTION ( 'NONE',  ( -0.0000000000000000000, -0.0000000000000000000, -1.000000000000000000 ) ) ;
#9744 = EDGE_CURVE ( 'NONE', #6024, #8699, #6390, .T. ) ;
#9745 = EDGE_CURVE ( 'NONE', #7865, #4009, #2285, .T. ) ;
#9746 = CARTESIAN_POINT ( 'NONE',  ( -2.974999999999999200, 0.1000000000000007100, -1.850000000000000100 ) ) ;
#9747 = ADVANCED_FACE ( 'NONE', ( #3738 ), #564, .F. ) ;
#9748 = VECTOR ( 'NONE', #1268, 1000.000000000000000 ) ;
#9749 = SURFACE_SIDE_STYLE ('',( #368 ) ) ;
#9750 = DIRECTION ( 'NONE',  ( -0.0000000000000000000, 0.0000000000000000000, 1.000000000000000000 ) ) ;
#9751 = ORIENTED_EDGE ( 'NONE', *, *, #1871, .F. ) ;
#9752 = EDGE_CURVE ( 'NONE', #7870, #4982, #8939, .T. ) ;
#9753 = DIRECTION ( 'NONE',  ( -1.000000000000000000, -0.0000000000000000000, -0.0000000000000000000 ) ) ;
#9754 = ORIENTED_EDGE ( 'NONE', *, *, #3118, .F. ) ;
#9755 = EDGE_LOOP ( 'NONE', ( #3786, #8027, #5917, #866 ) ) ;
#9756 = CARTESIAN_POINT ( 'NONE',  ( 2.975000000000000100, 1.700000000000000000, -1.000000000000000700 ) ) ;
#9757 = CIRCLE ( 'NONE', #7411, 0.1000000000000000500 ) ;
#9758 = DIRECTION ( 'NONE',  ( -0.0000000000000000000, -1.000000000000000000, -0.0000000000000000000 ) ) ;
#9759 = ORIENTED_EDGE ( 'NONE', *, *, #2475, .F. ) ;
#9760 = DIRECTION ( 'NONE',  ( 0.0000000000000000000, -1.000000000000000000, -0.0000000000000000000 ) ) ;
#9761 = EDGE_CURVE ( 'NONE', #2673, #9051, #353, .T. ) ;
#9762 = CARTESIAN_POINT ( 'NONE',  ( 0.4750000000000005900, 0.5000000000000000000, -1.550000000000000300 ) ) ;
#9763 = VERTEX_POINT ( 'NONE', #1307 ) ;
#9764 = CARTESIAN_POINT ( 'NONE',  ( 5.874999999999999100, 0.4999999999999995600, -1.550000000000000500 ) ) ;
#9765 = VECTOR ( 'NONE', #5344, 1000.000000000000000 ) ;
#9766 = ORIENTED_EDGE ( 'NONE', *, *, #6326, .T. ) ;
#9767 = AXIS2_PLACEMENT_3D ( 'NONE', #3922, #9332, #28 ) ;
#9768 = LINE ( 'NONE', #4155, #309 ) ;
#9769 = ORIENTED_EDGE ( 'NONE', *, *, #4495, .T. ) ;
#9770 = CARTESIAN_POINT ( 'NONE',  ( -0.4749999999999997600, 0.5000000000000000000, -1.550000000000000300 ) ) ;
#9771 = ADVANCED_FACE ( 'NONE', ( #9197 ), #8986, .T. ) ;
#9772 = FACE_OUTER_BOUND ( 'NONE', #357, .T. ) ;
#9773 = ORIENTED_EDGE ( 'NONE', *, *, #1101, .T. ) ;
#9774 = LINE ( 'NONE', #7973, #3943 ) ;
#9775 = SURFACE_STYLE_USAGE ( .BOTH. , #6639 ) ;
#9776 = ORIENTED_EDGE ( 'NONE', *, *, #9229, .F. ) ;
#9777 = DIRECTION ( 'NONE',  ( -1.000000000000000000, -0.0000000000000000000, -0.0000000000000000000 ) ) ;
#9778 = AXIS2_PLACEMENT_3D ( 'NONE', #8450, #3825, #9250 ) ;
#9779 = DIRECTION ( 'NONE',  ( 0.0000000000000000000, 0.0000000000000000000, 1.000000000000000000 ) ) ;
#9780 = VECTOR ( 'NONE', #5318, 1000.000000000000000 ) ;
#9781 = CARTESIAN_POINT ( 'NONE',  ( -1.724999999999999600, 1.500000000000000000, -1.600000000000001000 ) ) ;
#9782 = FACE_OUTER_BOUND ( 'NONE', #7428, .T. ) ;
#9783 = EDGE_LOOP ( 'NONE', ( #4034, #2471, #5388, #7345 ) ) ;
#9784 = CARTESIAN_POINT ( 'NONE',  ( 7.575000000000000200, 0.2500000000000000000, 1.850000000000000100 ) ) ;
#9785 = CARTESIAN_POINT ( 'NONE',  ( -5.274999999999999500, 0.5999999999999998700, 2.400000000000003000 ) ) ;
#9786 = VECTOR ( 'NONE', #7508, 1000.000000000000000 ) ;
#9787 = LINE ( 'NONE', #5259, #6265 ) ;
#9788 = ORIENTED_EDGE ( 'NONE', *, *, #1393, .F. ) ;
#9789 = CARTESIAN_POINT ( 'NONE',  ( -4.224999999999999600, 0.1000000000000007100, -1.850000000000000100 ) ) ;
#9790 = CARTESIAN_POINT ( 'NONE',  ( 0.7750000000000004700, 2.140000000000000100, -1.500000000000000000 ) ) ;
#9791 = STYLED_ITEM ( 'NONE', ( #4893 ), #5197 ) ;
#9792 = CARTESIAN_POINT ( 'NONE',  ( 4.225000000000001400, 0.5000000000000000000, -1.849999999999999900 ) ) ;
#9793 = DIRECTION ( 'NONE',  ( -1.000000000000000000, 0.0000000000000000000, 0.0000000000000000000 ) ) ;
#9794 = CARTESIAN_POINT ( 'NONE',  ( -4.524999999999999500, 0.9499999999999998400, 1.249999999999986000 ) ) ;
#9795 = VECTOR ( 'NONE', #3931, 1000.000000000000000 ) ;
#9796 = FACE_OUTER_BOUND ( 'NONE', #6690, .T. ) ;
#9797 = VECTOR ( 'NONE', #7377, 999.9999999999998900 ) ;
#9798 = VERTEX_POINT ( 'NONE', #3562 ) ;
#9799 = DIRECTION ( 'NONE',  ( 1.000000000000000000, 0.0000000000000000000, 0.0000000000000000000 ) ) ;
#9800 = EDGE_CURVE ( 'NONE', #8513, #5514, #5564, .T. ) ;
#9801 = EDGE_CURVE ( 'NONE', #1936, #4255, #3860, .T. ) ;
#9802 = PLANE ( 'NONE',  #4956 ) ;
#9803 = CARTESIAN_POINT ( 'NONE',  ( -3.274999999999999500, 2.140000000000000100, -1.400000000000000600 ) ) ;
#9804 = FACE_OUTER_BOUND ( 'NONE', #8147, .T. ) ;
#9805 = ORIENTED_EDGE ( 'NONE', *, *, #3123, .F. ) ;
#9806 = DIRECTION ( 'NONE',  ( 0.0000000000000000000, -1.000000000000000000, 0.0000000000000000000 ) ) ;
#9807 = EDGE_CURVE ( 'NONE', #8373, #6776, #220, .T. ) ;
#9808 = VERTEX_POINT ( 'NONE', #7750 ) ;
#9809 = CARTESIAN_POINT ( 'NONE',  ( -5.674999999999999800, -5.755839955992548600E-017, -1.550000000000000300 ) ) ;
#9810 = DIRECTION ( 'NONE',  ( 1.000000000000000000, 0.0000000000000000000, 0.0000000000000000000 ) ) ;
#9811 = VECTOR ( 'NONE', #5639, 1000.000000000000000 ) ;
#9812 = FACE_OUTER_BOUND ( 'NONE', #8395, .T. ) ;
#9813 = EDGE_CURVE ( 'NONE', #8955, #1870, #4482, .T. ) ;
#9814 = VERTEX_POINT ( 'NONE', #9252 ) ;
#9815 = CARTESIAN_POINT ( 'NONE',  ( -2.974999999999999200, 0.4000000000000001900, -2.649999999999999900 ) ) ;
#9816 = ORIENTED_EDGE ( 'NONE', *, *, #5276, .T. ) ;
#9817 = ORIENTED_EDGE ( 'NONE', *, *, #8216, .F. ) ;
#9818 = ADVANCED_FACE ( 'NONE', ( #9427 ), #2377, .F. ) ;
#9819 = FACE_OUTER_BOUND ( 'NONE', #9, .T. ) ;
#9820 = VECTOR ( 'NONE', #6525, 1000.000000000000000 ) ;
#9821 = AXIS2_PLACEMENT_3D ( 'NONE', #659, #8433, #1516 ) ;
#9822 = CARTESIAN_POINT ( 'NONE',  ( -0.4749999999999997600, 0.4000000000000001900, -2.649999999999999900 ) ) ;
#9823 = CARTESIAN_POINT ( 'NONE',  ( -0.4749999999999997600, 2.040000000000000000, -1.500000000000000700 ) ) ;
#9824 = ORIENTED_EDGE ( 'NONE', *, *, #464, .F. ) ;
#9825 = EDGE_LOOP ( 'NONE', ( #1992, #3401, #2075, #6562 ) ) ;
#9826 = ORIENTED_EDGE ( 'NONE', *, *, #9160, .F. ) ;
#9827 = EDGE_CURVE ( 'NONE', #2005, #981, #5325, .T. ) ;
#9828 = CARTESIAN_POINT ( 'NONE',  ( 4.525000000000001200, 1.700000000000000000, 1.249999999999986000 ) ) ;
#9829 = VECTOR ( 'NONE', #1058, 1000.000000000000000 ) ;
#9830 = DIRECTION ( 'NONE',  ( 0.0000000000000000000, 0.0000000000000000000, -1.000000000000000000 ) ) ;
#9831 = VERTEX_POINT ( 'NONE', #709 ) ;
#9832 = VERTEX_POINT ( 'NONE', #1500 ) ;
#9833 = DIRECTION ( 'NONE',  ( 0.0000000000000000000, 5.421010862427532000E-016, -1.000000000000000000 ) ) ;
#9834 = EDGE_LOOP ( 'NONE', ( #2563, #3810, #9835, #5487, #1287 ) ) ;
#9835 = ORIENTED_EDGE ( 'NONE', *, *, #9641, .T. ) ;
#9836 = CARTESIAN_POINT ( 'NONE',  ( 2.975000000000000100, 1.500000000000000000, -1.600000000000000800 ) ) ;
#9837 = VECTOR ( 'NONE', #5278, 1000.000000000000000 ) ;
#9838 = VECTOR ( 'NONE', #662, 1000.000000000000000 ) ;
#9839 = CARTESIAN_POINT ( 'NONE',  ( -3.274999999999999500, 1.700000000000000000, 1.249999999999986000 ) ) ;
#9840 = ADVANCED_FACE ( 'NONE', ( #466 ), #4674, .F. ) ;
#9841 = ORIENTED_EDGE ( 'NONE', *, *, #5223, .F. ) ;
#9842 = DIRECTION ( 'NONE',  ( 0.7071067811865515700, -0.7071067811865435800, 0.0000000000000000000 ) ) ;
#9843 = CARTESIAN_POINT ( 'NONE',  ( -5.204999999999999200, 0.2999999999999991600, -1.550000000000000300 ) ) ;
#9844 = ORIENTED_EDGE ( 'NONE', *, *, #5365, .F. ) ;
#9845 = VERTEX_POINT ( 'NONE', #38 ) ;
#9846 = DIRECTION ( 'NONE',  ( 0.0000000000000000000, -1.000000000000000000, 0.0000000000000000000 ) ) ;
#9847 = AXIS2_PLACEMENT_3D ( 'NONE', #668, #3745, #5287 ) ;
#9848 = VECTOR ( 'NONE', #8949, 1000.000000000000000 ) ;
#9850 = CARTESIAN_POINT ( 'NONE',  ( 4.225000000000001400, 0.0000000000000000000, -2.549999999999999400 ) ) ;
#9849 = CIRCLE ( 'NONE', #6599, 0.1000000000000000500 ) ;
#9851 = ORIENTED_EDGE ( 'NONE', *, *, #4219, .F. ) ;
#9852 = ORIENTED_EDGE ( 'NONE', *, *, #9827, .T. ) ;
#9853 = EDGE_LOOP ( 'NONE', ( #4515, #1075, #366, #9531 ) ) ;
#9854 = DIRECTION ( 'NONE',  ( 1.000000000000000000, 0.0000000000000000000, -0.0000000000000000000 ) ) ;
#9855 = CARTESIAN_POINT ( 'NONE',  ( -3.185000000000000500, 0.5999999999999998700, 1.250000000000000700 ) ) ;
#9856 = SURFACE_SIDE_STYLE ('',( #10036 ) ) ;
#9857 = VECTOR ( 'NONE', #5587, 1000.000000000000000 ) ;
#9858 = EDGE_CURVE ( 'NONE', #2400, #1730, #6510, .T. ) ;
#9859 = VERTEX_POINT ( 'NONE', #6260 ) ;
#9860 = ORIENTED_EDGE ( 'NONE', *, *, #2300, .F. ) ;
#9861 = ORIENTED_EDGE ( 'NONE', *, *, #8260, .T. ) ;
#9862 = EDGE_CURVE ( 'NONE', #6280, #4072, #8451, .T. ) ;
#9863 = PLANE ( 'NONE',  #3804 ) ;
#9864 = ADVANCED_FACE ( 'NONE', ( #4714 ), #3980, .F. ) ;
#9865 = VECTOR ( 'NONE', #4841, 1000.000000000000000 ) ;
#9866 = DIRECTION ( 'NONE',  ( 0.0000000000000000000, -1.000000000000000000, -4.015563601798169700E-016 ) ) ;
#9867 = ORIENTED_EDGE ( 'NONE', *, *, #850, .T. ) ;
#9868 = DIRECTION ( 'NONE',  ( -1.000000000000000000, 0.0000000000000000000, 0.0000000000000000000 ) ) ;
#9869 = EDGE_CURVE ( 'NONE', #1209, #7368, #10034, .T. ) ;
#9870 = VERTEX_POINT ( 'NONE', #3794 ) ;
#9871 = EDGE_CURVE ( 'NONE', #7704, #8205, #5805, .T. ) ;
#9872 = DIRECTION ( 'NONE',  ( 1.000000000000000000, 0.0000000000000000000, 0.0000000000000000000 ) ) ;
#9873 = ORIENTED_EDGE ( 'NONE', *, *, #1775, .T. ) ;
#9874 = CARTESIAN_POINT ( 'NONE',  ( 5.204999999999999200, 0.2999999999999991600, -1.550000000000000300 ) ) ;
#9875 = CARTESIAN_POINT ( 'NONE',  ( 0.7750000000000004700, 0.7999999999999999300, -1.400000000000000600 ) ) ;
#9876 = FACE_OUTER_BOUND ( 'NONE', #27, .T. ) ;
#9877 = EDGE_CURVE ( 'NONE', #3286, #4735, #7339, .T. ) ;
#9878 = ORIENTED_EDGE ( 'NONE', *, *, #806, .F. ) ;
#9879 = DIRECTION ( 'NONE',  ( 0.0000000000000000000, 0.0000000000000000000, -1.000000000000000000 ) ) ;
#9880 = EDGE_LOOP ( 'NONE', ( #1166, #980, #1090, #1471, #139, #2276, #7863, #7311, #9036, #7548, #8269, #304, #2848, #2988 ) ) ;
#9881 = FACE_OUTER_BOUND ( 'NONE', #9223, .T. ) ;
#9882 = AXIS2_PLACEMENT_3D ( 'NONE', #8117, #8187, #5880 ) ;
#9883 = CARTESIAN_POINT ( 'NONE',  ( 0.4750000000000005900, 0.4000000000000001900, -2.550000000000000300 ) ) ;
#9884 = LINE ( 'NONE', #7230, #8790 ) ;
#9885 = ORIENTED_EDGE ( 'NONE', *, *, #8514, .F. ) ;
#9886 = ORIENTED_EDGE ( 'NONE', *, *, #5216, .T. ) ;
#9887 = DIRECTION ( 'NONE',  ( 1.000000000000000000, 0.0000000000000000000, 0.0000000000000000000 ) ) ;
#9888 = EDGE_CURVE ( 'NONE', #3572, #6884, #948, .T. ) ;
#9889 = PLANE ( 'NONE',  #2307 ) ;
#9890 = CARTESIAN_POINT ( 'NONE',  ( -0.4749999999999997600, 0.9499999999999998400, -1.000000000000000700 ) ) ;
#9891 = VERTEX_POINT ( 'NONE', #4582 ) ;
#9892 = DIRECTION ( 'NONE',  ( -0.0000000000000000000, 1.000000000000000000, 0.0000000000000000000 ) ) ;
#9893 = MECHANICAL_DESIGN_GEOMETRIC_PRESENTATION_REPRESENTATION (  '', ( #8842 ), #1719 ) ;
#9894 = LINE ( 'NONE', #1151, #5546 ) ;
#9895 = ORIENTED_EDGE ( 'NONE', *, *, #4863, .T. ) ;
#9896 = DIRECTION ( 'NONE',  ( -0.0000000000000000000, 1.000000000000000000, -0.0000000000000000000 ) ) ;
#9897 = CARTESIAN_POINT ( 'NONE',  ( 3.585000000000000400, 3.469233347080714400, 1.250000000000000700 ) ) ;
#9898 = CARTESIAN_POINT ( 'NONE',  ( 4.225000000000001400, 1.700000000000000000, 3.457774721070176100 ) ) ;
#9899 = FACE_OUTER_BOUND ( 'NONE', #3229, .T. ) ;
#9900 = PLANE ( 'NONE',  #5108 ) ;
#9901 = LINE ( 'NONE', #704, #7812 ) ;
#9902 = EDGE_LOOP ( 'NONE', ( #4901, #2361, #9844, #1521 ) ) ;
#9903 = DIRECTION ( 'NONE',  ( 0.0000000000000000000, 0.0000000000000000000, -1.000000000000000000 ) ) ;
#9904 = DIRECTION ( 'NONE',  ( 0.0000000000000000000, -0.7071067811865439100, -0.7071067811865512400 ) ) ;
#9905 = AXIS2_PLACEMENT_3D ( 'NONE', #4147, #6572, #4966 ) ;
#9906 = DIRECTION ( 'NONE',  ( -1.000000000000000000, 0.0000000000000000000, 0.0000000000000000000 ) ) ;
#9907 = CARTESIAN_POINT ( 'NONE',  ( -4.224999999999999600, 0.5000000000000000000, -2.550000000000000300 ) ) ;
#9908 = CARTESIAN_POINT ( 'NONE',  ( 4.525000000000001200, 1.500000000000000000, -1.600000000000001000 ) ) ;
#9909 = VECTOR ( 'NONE', #1048, 1000.000000000000000 ) ;
#9910 = DIRECTION ( 'NONE',  ( 0.0000000000000000000, -1.000000000000000000, 0.0000000000000000000 ) ) ;
#9911 = DIRECTION ( 'NONE',  ( -0.0000000000000000000, -0.0000000000000000000, -1.000000000000000000 ) ) ;
#9912 = CIRCLE ( 'NONE', #7261, 0.2999999999999997100 ) ;
#9913 = ORIENTED_EDGE ( 'NONE', *, *, #9361, .F. ) ;
#9914 = DIRECTION ( 'NONE',  ( -0.0000000000000000000, -1.000000000000000000, -0.0000000000000000000 ) ) ;
#9915 = VECTOR ( 'NONE', #9282, 1000.000000000000000 ) ;
#9916 = PLANE ( 'NONE',  #6653 ) ;
#9917 = VECTOR ( 'NONE', #7285, 1000.000000000000000 ) ;
#9918 = DIRECTION ( 'NONE',  ( 0.0000000000000000000, 0.0000000000000000000, 1.000000000000000000 ) ) ;
#9919 = DIRECTION ( 'NONE',  ( 0.0000000000000000000, 0.0000000000000000000, 1.000000000000000000 ) ) ;
#9920 = VECTOR ( 'NONE', #8718, 1000.000000000000000 ) ;
#9921 = ORIENTED_EDGE ( 'NONE', *, *, #4643, .F. ) ;
#9922 = CARTESIAN_POINT ( 'NONE',  ( 4.225000000000001400, 2.140000000000000100, -1.500000000000000000 ) ) ;
#9923 = CARTESIAN_POINT ( 'NONE',  ( 0.7750000000000004700, 0.9499999999999998400, -1.000000000000000700 ) ) ;
#9924 = DIRECTION ( 'NONE',  ( -1.000000000000000000, -0.0000000000000000000, -0.0000000000000000000 ) ) ;
#9925 = PRESENTATION_LAYER_ASSIGNMENT (  '', '', ( #9407 ) ) ;
#9926 = PRODUCT_DEFINITION_SHAPE ( 'NONE', 'NONE',  #6581 ) ;
#9927 = VECTOR ( 'NONE', #7676, 1000.000000000000000 ) ;
#9928 = LINE ( 'NONE', #4554, #8952 ) ;
#9929 = DIRECTION ( 'NONE',  ( -0.0000000000000000000, -0.0000000000000000000, 1.000000000000000000 ) ) ;
#9930 = ORIENTED_EDGE ( 'NONE', *, *, #260, .F. ) ;
#9931 = CARTESIAN_POINT ( 'NONE',  ( -2.980700334954883500, 1.694299665045115900, 1.290559990745417100 ) ) ;
#9932 = EDGE_CURVE ( 'NONE', #8077, #4818, #2761, .T. ) ;
#9933 = VERTEX_POINT ( 'NONE', #4604 ) ;
#9934 = EDGE_CURVE ( 'NONE', #751, #1548, #8194, .T. ) ;
#9935 = CARTESIAN_POINT ( 'NONE',  ( 4.525000000000001200, 0.0000000000000000000, -1.950000000000000800 ) ) ;
#9936 = VECTOR ( 'NONE', #5690, 1000.000000000000000 ) ;
#9938 = CARTESIAN_POINT ( 'NONE',  ( -2.024999999999999500, 0.0000000000000000000, -1.950000000000000800 ) ) ;
#9937 = FACE_OUTER_BOUND ( 'NONE', #8882, .T. ) ;
#9939 = CARTESIAN_POINT ( 'NONE',  ( 5.274999999999998600, 0.5999999999999998700, 2.400000000000003000 ) ) ;
#9940 = EDGE_CURVE ( 'NONE', #8271, #6580, #4821, .T. ) ;
#9941 = AXIS2_PLACEMENT_3D ( 'NONE', #8462, #9386, #886 ) ;
#9942 = EDGE_LOOP ( 'NONE', ( #2314, #9450, #4676, #9577 ) ) ;
#9943 = DIRECTION ( 'NONE',  ( 0.0000000000000000000, -3.614007241618353200E-016, 1.000000000000000000 ) ) ;
#9944 = ORIENTED_EDGE ( 'NONE', *, *, #9290, .T. ) ;
#9945 = ORIENTED_EDGE ( 'NONE', *, *, #397, .F. ) ;
#9946 = CARTESIAN_POINT ( 'NONE',  ( 0.7750000000000004700, 0.4000000000000001900, -2.649999999999999900 ) ) ;
#9947 = DIRECTION ( 'NONE',  ( -0.7071067811865439100, -0.0000000000000000000, -0.7071067811865512400 ) ) ;
#9948 = CARTESIAN_POINT ( 'NONE',  ( 2.975000000000000100, 0.1000000000000000500, -1.950000000000000200 ) ) ;
#9949 = CARTESIAN_POINT ( 'NONE',  ( -5.674999999999999800, 0.2999999999999991600, -1.550000000000000300 ) ) ;
#9950 = LINE ( 'NONE', #7585, #9224 ) ;
#9951 = EDGE_CURVE ( 'NONE', #2292, #6551, #8586, .T. ) ;
#9952 = ORIENTED_EDGE ( 'NONE', *, *, #9387, .T. ) ;
#9953 = CARTESIAN_POINT ( 'NONE',  ( 4.225000000000001400, 1.250000000000000000, -2.299999999999999800 ) ) ;
#9954 = ORIENTED_EDGE ( 'NONE', *, *, #2868, .F. ) ;
#9955 = ORIENTED_EDGE ( 'NONE', *, *, #784, .T. ) ;
#9956 = ORIENTED_EDGE ( 'NONE', *, *, #3716, .F. ) ;
#9957 = AXIS2_PLACEMENT_3D ( 'NONE', #7233, #2061, #4444 ) ;
#9958 = AXIS2_PLACEMENT_3D ( 'NONE', #5111, #5853, #1916 ) ;
#9959 = CARTESIAN_POINT ( 'NONE',  ( 5.874999999999999100, 3.399999999999999900, 1.700000000000000600 ) ) ;
#9960 = DIRECTION ( 'NONE',  ( 1.000000000000000000, 1.162683294890621800E-016, -0.0000000000000000000 ) ) ;
#9961 = PLANE ( 'NONE',  #8444 ) ;
#9962 = LINE ( 'NONE', #7352, #256 ) ;
#9963 = LINE ( 'NONE', #4325, #5250 ) ;
#9964 = DIRECTION ( 'NONE',  ( -0.0000000000000000000, 1.000000000000000000, -0.0000000000000000000 ) ) ;
#9965 = DIRECTION ( 'NONE',  ( 1.000000000000000000, 0.0000000000000000000, 0.0000000000000000000 ) ) ;
#9966 = ORIENTED_EDGE ( 'NONE', *, *, #9970, .T. ) ;
#9967 = VERTEX_POINT ( 'NONE', #7810 ) ;
#9968 = ORIENTED_EDGE ( 'NONE', *, *, #9970, .F. ) ;
#9969 = ORIENTED_EDGE ( 'NONE', *, *, #3369, .T. ) ;
#9970 = EDGE_CURVE ( 'NONE', #2704, #3007, #3239, .T. ) ;
#9971 = CARTESIAN_POINT ( 'NONE',  ( 0.7750000000000004700, 0.1000000000000007100, -1.850000000000000100 ) ) ;
#9972 = ORIENTED_EDGE ( 'NONE', *, *, #2419, .F. ) ;
#9973 = ORIENTED_EDGE ( 'NONE', *, *, #6806, .F. ) ;
#9974 = CARTESIAN_POINT ( 'NONE',  ( 3.275000000000000400, 1.700000000000000000, -1.000000000000000700 ) ) ;
#9975 = LINE ( 'NONE', #4013, #3802 ) ;
#9976 = LINE ( 'NONE', #710, #7046 ) ;
#9977 = DIRECTION ( 'NONE',  ( 0.0000000000000000000, -0.0000000000000000000, -1.000000000000000000 ) ) ;
#9978 = PLANE ( 'NONE',  #8907 ) ;
#9979 = ORIENTED_EDGE ( 'NONE', *, *, #8598, .T. ) ;
#9980 = DIRECTION ( 'NONE',  ( 1.000000000000000000, 0.0000000000000000000, 0.0000000000000000000 ) ) ;
#9981 = ORIENTED_EDGE ( 'NONE', *, *, #7762, .F. ) ;
#9982 = VERTEX_POINT ( 'NONE', #4822 ) ;
#9983 = AXIS2_PLACEMENT_3D ( 'NONE', #2808, #478, #5802 ) ;
#9984 = DIRECTION ( 'NONE',  ( -1.000000000000000000, -0.0000000000000000000, -0.0000000000000000000 ) ) ;
#9985 = DIRECTION ( 'NONE',  ( 0.9902680687415708100, 0.0000000000000000000, -0.1391731009600621100 ) ) ;
#9986 = LINE ( 'NONE', #7417, #2241 ) ;
#9987 = ORIENTED_EDGE ( 'NONE', *, *, #456, .F. ) ;
#9988 = DIRECTION ( 'NONE',  ( 0.0000000000000000000, -1.000000000000000000, 0.0000000000000000000 ) ) ;
#9989 = DIRECTION ( 'NONE',  ( 0.0000000000000000000, -3.614007241618353200E-016, 1.000000000000000000 ) ) ;
#9990 = CARTESIAN_POINT ( 'NONE',  ( -0.7749999999999996900, 0.5000000000000000000, -1.550000000000000300 ) ) ;
#9991 = CARTESIAN_POINT ( 'NONE',  ( -2.974999999999999200, 2.140000000000000100, -1.500000000000000000 ) ) ;
#9992 = ORIENTED_EDGE ( 'NONE', *, *, #3046, .T. ) ;
#9993 = ORIENTED_EDGE ( 'NONE', *, *, #5083, .F. ) ;
#9994 = CARTESIAN_POINT ( 'NONE',  ( -2.974999999999999200, 0.5000000000000000000, -1.849999999999999900 ) ) ;
#9995 = EDGE_CURVE ( 'NONE', #2927, #563, #708, .T. ) ;
#9996 = DIRECTION ( 'NONE',  ( -0.0000000000000000000, -0.0000000000000000000, 1.000000000000000000 ) ) ;
#9997 = EDGE_CURVE ( 'NONE', #9642, #8009, #9673, .T. ) ;
#9998 = LINE ( 'NONE', #2925, #2120 ) ;
#9999 = ORIENTED_EDGE ( 'NONE', *, *, #537, .T. ) ;
#10000 = EDGE_CURVE ( 'NONE', #981, #8349, #4591, .T. ) ;
#10001 = DIRECTION ( 'NONE',  ( -1.000000000000000000, -0.0000000000000000000, -0.0000000000000000000 ) ) ;
#10002 = EDGE_LOOP ( 'NONE', ( #9184, #3385, #2012, #1125 ) ) ;
#10003 = AXIS2_PLACEMENT_3D ( 'NONE', #9085, #8206, #6798 ) ;
#10004 = DIRECTION ( 'NONE',  ( 0.0000000000000000000, 0.0000000000000000000, -1.000000000000000000 ) ) ;
#10005 = CIRCLE ( 'NONE', #7465, 0.2999999999999997100 ) ;
#10006 = ORIENTED_EDGE ( 'NONE', *, *, #3779, .T. ) ;
#10007 = CARTESIAN_POINT ( 'NONE',  ( -5.274999999999999500, 1.429999999999998800, 2.400000000000003000 ) ) ;
#10008 = CIRCLE ( 'NONE', #4132, 0.09999999999999982500 ) ;
#10009 = ORIENTED_EDGE ( 'NONE', *, *, #3512, .T. ) ;
#10010 = DIRECTION ( 'NONE',  ( 0.0000000000000000000, 1.000000000000000000, 0.0000000000000000000 ) ) ;
#10011 = DIRECTION ( 'NONE',  ( 1.000000000000000000, 0.0000000000000000000, 0.0000000000000000000 ) ) ;
#10012 = EDGE_CURVE ( 'NONE', #4073, #8485, #7699, .T. ) ;
#10013 = PLANE ( 'NONE',  #7832 ) ;
#10014 = DIRECTION ( 'NONE',  ( 1.000000000000000000, 0.0000000000000000000, 0.0000000000000000000 ) ) ;
#10015 = DIRECTION ( 'NONE',  ( 0.0000000000000000000, -4.015563601798169700E-016, 1.000000000000000000 ) ) ;
#10016 = LINE ( 'NONE', #5117, #9654 ) ;
#10017 = ORIENTED_EDGE ( 'NONE', *, *, #9355, .T. ) ;
#10018 = AXIS2_PLACEMENT_3D ( 'NONE', #5899, #8134, #8279 ) ;
#10019 = CARTESIAN_POINT ( 'NONE',  ( -0.4749999999999997600, 1.250000000000000000, -2.449999999999999300 ) ) ;
#10020 = LINE ( 'NONE', #2954, #5897 ) ;
#10021 = LINE ( 'NONE', #9843, #2629 ) ;
#10022 = CARTESIAN_POINT ( 'NONE',  ( 5.674999999999999800, -4.336808689942017700E-016, -0.5999999999999985300 ) ) ;
#10023 = LINE ( 'NONE', #8950, #2511 ) ;
#10024 = EDGE_LOOP ( 'NONE', ( #8780, #4548, #122, #6266, #4684, #5882, #8572, #6574, #1002, #6320, #8476, #1956, #7984, #2256, #5625, #2239, #6324 ) ) ;
#10025 = CARTESIAN_POINT ( 'NONE',  ( -5.874999999999999100, 0.0000000000000000000, 2.650000000000000400 ) ) ;
#10026 = EDGE_CURVE ( 'NONE', #879, #1349, #5675, .T. ) ;
#10027 = CARTESIAN_POINT ( 'NONE',  ( 5.594999999999998000, 1.430000000000000200, -1.000000000000000700 ) ) ;
#10028 = PLANE ( 'NONE',  #6691 ) ;
#10029 = DIRECTION ( 'NONE',  ( 0.0000000000000000000, -7.228014483236719200E-016, -1.000000000000000000 ) ) ;
#10030 = AXIS2_PLACEMENT_3D ( 'NONE', #9195, #3843, #5340 ) ;
#10031 = ADVANCED_FACE ( 'NONE', ( #6162 ), #2807, .F. ) ;
#10032 = LINE ( 'NONE', #6750, #585 ) ;
#10033 = ORIENTED_EDGE ( 'NONE', *, *, #8104, .F. ) ;
#10034 = CIRCLE ( 'NONE', #1238, 0.1000000000000000500 ) ;
#10035 = DIRECTION ( 'NONE',  ( 0.0000000000000000000, 0.0000000000000000000, -1.000000000000000000 ) ) ;
#10036 = SURFACE_STYLE_FILL_AREA ( #1367 ) ;
#10037 = DIRECTION ( 'NONE',  ( 0.0000000000000000000, -1.000000000000000000, 0.0000000000000000000 ) ) ;
#10038 = CARTESIAN_POINT ( 'NONE',  ( 1.725000000000000800, 1.700000000000000000, 3.457774721070176100 ) ) ;
#10039 = VECTOR ( 'NONE', #973, 1000.000000000000000 ) ;
#10040 = EDGE_LOOP ( 'NONE', ( #4397, #797, #2860, #1856 ) ) ;
#10041 = AXIS2_PLACEMENT_3D ( 'NONE', #6876, #5217, #2162 ) ;
#10042 = CARTESIAN_POINT ( 'NONE',  ( 5.674999999999999800, 0.2999999999999991600, 1.700000000000001500 ) ) ;
#10043 = CARTESIAN_POINT ( 'NONE',  ( -3.274999999999999500, 2.140000000000000100, -1.400000000000000600 ) ) ;
#10044 =( LENGTH_UNIT ( ) NAMED_UNIT ( * ) SI_UNIT ( .MILLI., .METRE. ) );
#10045 = LINE ( 'NONE', #4728, #9077 ) ;
#10046 = CARTESIAN_POINT ( 'NONE',  ( 0.7750000000000004700, 0.4000000000000001900, -2.649999999999999900 ) ) ;
#10047 = DIRECTION ( 'NONE',  ( -1.000000000000000000, -0.0000000000000000000, -0.0000000000000000000 ) ) ;
#10048 = ORIENTED_EDGE ( 'NONE', *, *, #8171, .F. ) ;
#10049 = ORIENTED_EDGE ( 'NONE', *, *, #3191, .T. ) ;
#10050 = NEXT_ASSEMBLY_USAGE_OCCURRENCE ( 'NAUO1', ' ', ' ', #6581, #4536, $ ) ;
ENDSEC;
END-ISO-10303-21;
