ISO-10303-21;
HEADER;
/* Generated by software containing ST-Developer
 * from STEP Tools, Inc. (www.steptools.com) 
 */
/* OPTION: using custom renumber hook */

FILE_DESCRIPTION(
/* description */ ('STEP AP242 Edition 2',
'CAx-IF Rec.Pracs.---Representation and Presentation of Product Manufa
cturing Information (PMI)---4.0---2014-10-13',
'CAx-IF Rec.Pracs.---3D Tessellated Geometry---0.4---2014-09-14','2;1',
'CAx-IF Rec.Pracs.---User Defined Attributes---1.5---2016-08-15'),
/* implementation_level */ '2;1');

FILE_NAME(
/* name */ '69554c304ee907f7eb7e8042',
/* time_stamp */ '2025-12-31T16:15:44Z',
/* author */ (''),
/* organization */ (''),
/* preprocessor_version */ 'ST-DEVELOPER v20',
/* originating_system */ 'ONSHAPE BY PTC INC, 1.208',
/* authorisation */ '  ');

FILE_SCHEMA (('AP242_MANAGED_MODEL_BASED_3D_ENGINEERING_MIM_LF { 1 0 10303 442 3 1 4 }'));
ENDSEC;

DATA;
#10=SHAPE_REPRESENTATION_RELATIONSHIP('','',#1495,#11);
#11=ADVANCED_BREP_SHAPE_REPRESENTATION('',(#1493),#2369);
#12=ELLIPSE('',#1562,0.000707106781186548,0.0005);
#13=ELLIPSE('',#1563,0.000707106781186548,0.0005);
#14=ELLIPSE('',#1565,0.000707106781186548,0.0005);
#15=ELLIPSE('',#1567,0.000707106781186548,0.0005);
#16=CYLINDRICAL_SURFACE('',#1513,0.000591072174797619);
#17=CYLINDRICAL_SURFACE('',#1519,0.000591072174797619);
#18=CYLINDRICAL_SURFACE('',#1531,0.000591072174797619);
#19=CYLINDRICAL_SURFACE('',#1541,0.000591072174797619);
#20=CYLINDRICAL_SURFACE('',#1559,0.0005);
#21=CYLINDRICAL_SURFACE('',#1560,0.0005);
#22=CYLINDRICAL_SURFACE('',#1561,0.0005);
#23=CYLINDRICAL_SURFACE('',#1564,0.0005);
#24=CYLINDRICAL_SURFACE('',#1566,0.0005);
#25=CYLINDRICAL_SURFACE('',#1568,0.0005);
#26=CIRCLE('',#1506,0.000591072174797619);
#27=CIRCLE('',#1507,0.000591072174797619);
#28=CIRCLE('',#1509,0.000591072174797619);
#29=CIRCLE('',#1510,0.000591072174797619);
#30=CIRCLE('',#1514,0.000591072174797619);
#31=CIRCLE('',#1515,0.000591072174797619);
#32=CIRCLE('',#1517,0.0005);
#33=CIRCLE('',#1520,0.000591072174797619);
#34=CIRCLE('',#1521,0.000591072174797619);
#35=CIRCLE('',#1529,0.0005);
#36=CIRCLE('',#1532,0.000591072174797619);
#37=CIRCLE('',#1533,0.000591072174797619);
#38=CIRCLE('',#1535,0.0005);
#39=CIRCLE('',#1542,0.000591072174797619);
#40=CIRCLE('',#1543,0.000591072174797619);
#41=CIRCLE('',#1547,0.0005);
#42=ORIENTED_EDGE('',*,*,#432,.F.);
#43=ORIENTED_EDGE('',*,*,#433,.T.);
#44=ORIENTED_EDGE('',*,*,#434,.T.);
#45=ORIENTED_EDGE('',*,*,#435,.F.);
#46=ORIENTED_EDGE('',*,*,#436,.T.);
#47=ORIENTED_EDGE('',*,*,#437,.F.);
#48=ORIENTED_EDGE('',*,*,#438,.F.);
#49=ORIENTED_EDGE('',*,*,#439,.F.);
#50=ORIENTED_EDGE('',*,*,#440,.F.);
#51=ORIENTED_EDGE('',*,*,#441,.T.);
#52=ORIENTED_EDGE('',*,*,#435,.T.);
#53=ORIENTED_EDGE('',*,*,#442,.F.);
#54=ORIENTED_EDGE('',*,*,#443,.T.);
#55=ORIENTED_EDGE('',*,*,#444,.T.);
#56=ORIENTED_EDGE('',*,*,#445,.T.);
#57=ORIENTED_EDGE('',*,*,#446,.F.);
#58=ORIENTED_EDGE('',*,*,#447,.T.);
#59=ORIENTED_EDGE('',*,*,#448,.F.);
#60=ORIENTED_EDGE('',*,*,#449,.F.);
#61=ORIENTED_EDGE('',*,*,#444,.F.);
#62=ORIENTED_EDGE('',*,*,#450,.T.);
#63=ORIENTED_EDGE('',*,*,#449,.T.);
#64=ORIENTED_EDGE('',*,*,#451,.F.);
#65=ORIENTED_EDGE('',*,*,#452,.T.);
#66=ORIENTED_EDGE('',*,*,#453,.F.);
#67=ORIENTED_EDGE('',*,*,#454,.T.);
#68=ORIENTED_EDGE('',*,*,#455,.F.);
#69=ORIENTED_EDGE('',*,*,#456,.T.);
#70=ORIENTED_EDGE('',*,*,#457,.T.);
#71=ORIENTED_EDGE('',*,*,#458,.F.);
#72=ORIENTED_EDGE('',*,*,#459,.T.);
#73=ORIENTED_EDGE('',*,*,#460,.T.);
#74=ORIENTED_EDGE('',*,*,#437,.T.);
#75=ORIENTED_EDGE('',*,*,#442,.T.);
#76=ORIENTED_EDGE('',*,*,#461,.T.);
#77=ORIENTED_EDGE('',*,*,#447,.F.);
#78=ORIENTED_EDGE('',*,*,#462,.F.);
#79=ORIENTED_EDGE('',*,*,#463,.F.);
#80=ORIENTED_EDGE('',*,*,#464,.F.);
#81=ORIENTED_EDGE('',*,*,#465,.F.);
#82=ORIENTED_EDGE('',*,*,#466,.T.);
#83=ORIENTED_EDGE('',*,*,#467,.T.);
#84=ORIENTED_EDGE('',*,*,#468,.F.);
#85=ORIENTED_EDGE('',*,*,#469,.F.);
#86=ORIENTED_EDGE('',*,*,#470,.T.);
#87=ORIENTED_EDGE('',*,*,#471,.T.);
#88=ORIENTED_EDGE('',*,*,#472,.F.);
#89=ORIENTED_EDGE('',*,*,#473,.F.);
#90=ORIENTED_EDGE('',*,*,#474,.T.);
#91=ORIENTED_EDGE('',*,*,#475,.T.);
#92=ORIENTED_EDGE('',*,*,#476,.F.);
#93=ORIENTED_EDGE('',*,*,#477,.F.);
#94=ORIENTED_EDGE('',*,*,#478,.T.);
#95=ORIENTED_EDGE('',*,*,#479,.T.);
#96=ORIENTED_EDGE('',*,*,#480,.T.);
#97=ORIENTED_EDGE('',*,*,#481,.T.);
#98=ORIENTED_EDGE('',*,*,#482,.T.);
#99=ORIENTED_EDGE('',*,*,#483,.F.);
#100=ORIENTED_EDGE('',*,*,#484,.F.);
#101=ORIENTED_EDGE('',*,*,#485,.T.);
#102=ORIENTED_EDGE('',*,*,#486,.T.);
#103=ORIENTED_EDGE('',*,*,#487,.F.);
#104=ORIENTED_EDGE('',*,*,#488,.T.);
#105=ORIENTED_EDGE('',*,*,#489,.F.);
#106=ORIENTED_EDGE('',*,*,#490,.T.);
#107=ORIENTED_EDGE('',*,*,#491,.T.);
#108=ORIENTED_EDGE('',*,*,#492,.F.);
#109=ORIENTED_EDGE('',*,*,#457,.F.);
#110=ORIENTED_EDGE('',*,*,#493,.T.);
#111=ORIENTED_EDGE('',*,*,#489,.T.);
#112=ORIENTED_EDGE('',*,*,#494,.F.);
#113=ORIENTED_EDGE('',*,*,#495,.F.);
#114=ORIENTED_EDGE('',*,*,#496,.F.);
#115=ORIENTED_EDGE('',*,*,#497,.F.);
#116=ORIENTED_EDGE('',*,*,#498,.F.);
#117=ORIENTED_EDGE('',*,*,#499,.T.);
#118=ORIENTED_EDGE('',*,*,#500,.T.);
#119=ORIENTED_EDGE('',*,*,#501,.T.);
#120=ORIENTED_EDGE('',*,*,#502,.T.);
#121=ORIENTED_EDGE('',*,*,#491,.F.);
#122=ORIENTED_EDGE('',*,*,#503,.T.);
#123=ORIENTED_EDGE('',*,*,#455,.T.);
#124=ORIENTED_EDGE('',*,*,#504,.F.);
#125=ORIENTED_EDGE('',*,*,#505,.F.);
#126=ORIENTED_EDGE('',*,*,#506,.F.);
#127=ORIENTED_EDGE('',*,*,#507,.F.);
#128=ORIENTED_EDGE('',*,*,#508,.T.);
#129=ORIENTED_EDGE('',*,*,#509,.T.);
#130=ORIENTED_EDGE('',*,*,#510,.T.);
#131=ORIENTED_EDGE('',*,*,#511,.T.);
#132=ORIENTED_EDGE('',*,*,#512,.T.);
#133=ORIENTED_EDGE('',*,*,#513,.T.);
#134=ORIENTED_EDGE('',*,*,#514,.T.);
#135=ORIENTED_EDGE('',*,*,#515,.T.);
#136=ORIENTED_EDGE('',*,*,#516,.T.);
#137=ORIENTED_EDGE('',*,*,#512,.F.);
#138=ORIENTED_EDGE('',*,*,#517,.F.);
#139=ORIENTED_EDGE('',*,*,#518,.T.);
#140=ORIENTED_EDGE('',*,*,#492,.T.);
#141=ORIENTED_EDGE('',*,*,#511,.F.);
#142=ORIENTED_EDGE('',*,*,#519,.F.);
#143=ORIENTED_EDGE('',*,*,#520,.T.);
#144=ORIENTED_EDGE('',*,*,#521,.T.);
#145=ORIENTED_EDGE('',*,*,#517,.T.);
#146=ORIENTED_EDGE('',*,*,#518,.F.);
#147=ORIENTED_EDGE('',*,*,#521,.F.);
#148=ORIENTED_EDGE('',*,*,#479,.F.);
#149=ORIENTED_EDGE('',*,*,#522,.T.);
#150=ORIENTED_EDGE('',*,*,#485,.F.);
#151=ORIENTED_EDGE('',*,*,#510,.F.);
#152=ORIENTED_EDGE('',*,*,#523,.F.);
#153=ORIENTED_EDGE('',*,*,#524,.T.);
#154=ORIENTED_EDGE('',*,*,#519,.T.);
#155=ORIENTED_EDGE('',*,*,#505,.T.);
#156=ORIENTED_EDGE('',*,*,#525,.F.);
#157=ORIENTED_EDGE('',*,*,#526,.F.);
#158=ORIENTED_EDGE('',*,*,#527,.F.);
#159=ORIENTED_EDGE('',*,*,#528,.T.);
#160=ORIENTED_EDGE('',*,*,#506,.T.);
#161=ORIENTED_EDGE('',*,*,#528,.F.);
#162=ORIENTED_EDGE('',*,*,#529,.F.);
#163=ORIENTED_EDGE('',*,*,#530,.T.);
#164=ORIENTED_EDGE('',*,*,#507,.T.);
#165=ORIENTED_EDGE('',*,*,#530,.F.);
#166=ORIENTED_EDGE('',*,*,#531,.F.);
#167=ORIENTED_EDGE('',*,*,#532,.T.);
#168=ORIENTED_EDGE('',*,*,#508,.F.);
#169=ORIENTED_EDGE('',*,*,#532,.F.);
#170=ORIENTED_EDGE('',*,*,#533,.T.);
#171=ORIENTED_EDGE('',*,*,#534,.T.);
#172=ORIENTED_EDGE('',*,*,#509,.F.);
#173=ORIENTED_EDGE('',*,*,#534,.F.);
#174=ORIENTED_EDGE('',*,*,#535,.T.);
#175=ORIENTED_EDGE('',*,*,#523,.T.);
#176=ORIENTED_EDGE('',*,*,#524,.F.);
#177=ORIENTED_EDGE('',*,*,#535,.F.);
#178=ORIENTED_EDGE('',*,*,#533,.F.);
#179=ORIENTED_EDGE('',*,*,#531,.T.);
#180=ORIENTED_EDGE('',*,*,#529,.T.);
#181=ORIENTED_EDGE('',*,*,#527,.T.);
#182=ORIENTED_EDGE('',*,*,#480,.F.);
#183=ORIENTED_EDGE('',*,*,#520,.F.);
#184=ORIENTED_EDGE('',*,*,#504,.T.);
#185=ORIENTED_EDGE('',*,*,#454,.F.);
#186=ORIENTED_EDGE('',*,*,#536,.F.);
#187=ORIENTED_EDGE('',*,*,#525,.T.);
#188=ORIENTED_EDGE('',*,*,#526,.T.);
#189=ORIENTED_EDGE('',*,*,#536,.T.);
#190=ORIENTED_EDGE('',*,*,#453,.T.);
#191=ORIENTED_EDGE('',*,*,#537,.T.);
#192=ORIENTED_EDGE('',*,*,#481,.F.);
#193=ORIENTED_EDGE('',*,*,#494,.T.);
#194=ORIENTED_EDGE('',*,*,#488,.F.);
#195=ORIENTED_EDGE('',*,*,#538,.F.);
#196=ORIENTED_EDGE('',*,*,#539,.T.);
#197=ORIENTED_EDGE('',*,*,#495,.T.);
#198=ORIENTED_EDGE('',*,*,#539,.F.);
#199=ORIENTED_EDGE('',*,*,#540,.F.);
#200=ORIENTED_EDGE('',*,*,#541,.F.);
#201=ORIENTED_EDGE('',*,*,#542,.T.);
#202=ORIENTED_EDGE('',*,*,#538,.T.);
#203=ORIENTED_EDGE('',*,*,#487,.T.);
#204=ORIENTED_EDGE('',*,*,#543,.T.);
#205=ORIENTED_EDGE('',*,*,#477,.T.);
#206=ORIENTED_EDGE('',*,*,#540,.T.);
#207=ORIENTED_EDGE('',*,*,#496,.T.);
#208=ORIENTED_EDGE('',*,*,#542,.F.);
#209=ORIENTED_EDGE('',*,*,#544,.F.);
#210=ORIENTED_EDGE('',*,*,#545,.T.);
#211=ORIENTED_EDGE('',*,*,#497,.T.);
#212=ORIENTED_EDGE('',*,*,#545,.F.);
#213=ORIENTED_EDGE('',*,*,#546,.F.);
#214=ORIENTED_EDGE('',*,*,#547,.T.);
#215=ORIENTED_EDGE('',*,*,#498,.T.);
#216=ORIENTED_EDGE('',*,*,#547,.F.);
#217=ORIENTED_EDGE('',*,*,#548,.F.);
#218=ORIENTED_EDGE('',*,*,#549,.T.);
#219=ORIENTED_EDGE('',*,*,#499,.F.);
#220=ORIENTED_EDGE('',*,*,#549,.F.);
#221=ORIENTED_EDGE('',*,*,#550,.T.);
#222=ORIENTED_EDGE('',*,*,#551,.T.);
#223=ORIENTED_EDGE('',*,*,#500,.F.);
#224=ORIENTED_EDGE('',*,*,#551,.F.);
#225=ORIENTED_EDGE('',*,*,#552,.T.);
#226=ORIENTED_EDGE('',*,*,#553,.T.);
#227=ORIENTED_EDGE('',*,*,#501,.F.);
#228=ORIENTED_EDGE('',*,*,#553,.F.);
#229=ORIENTED_EDGE('',*,*,#554,.T.);
#230=ORIENTED_EDGE('',*,*,#555,.T.);
#231=ORIENTED_EDGE('',*,*,#556,.T.);
#232=ORIENTED_EDGE('',*,*,#544,.T.);
#233=ORIENTED_EDGE('',*,*,#541,.T.);
#234=ORIENTED_EDGE('',*,*,#484,.T.);
#235=ORIENTED_EDGE('',*,*,#554,.F.);
#236=ORIENTED_EDGE('',*,*,#552,.F.);
#237=ORIENTED_EDGE('',*,*,#550,.F.);
#238=ORIENTED_EDGE('',*,*,#548,.T.);
#239=ORIENTED_EDGE('',*,*,#546,.T.);
#240=ORIENTED_EDGE('',*,*,#502,.F.);
#241=ORIENTED_EDGE('',*,*,#556,.F.);
#242=ORIENTED_EDGE('',*,*,#557,.T.);
#243=ORIENTED_EDGE('',*,*,#458,.T.);
#244=ORIENTED_EDGE('',*,*,#555,.F.);
#245=ORIENTED_EDGE('',*,*,#483,.T.);
#246=ORIENTED_EDGE('',*,*,#558,.T.);
#247=ORIENTED_EDGE('',*,*,#459,.F.);
#248=ORIENTED_EDGE('',*,*,#557,.F.);
#249=ORIENTED_EDGE('',*,*,#559,.F.);
#250=ORIENTED_EDGE('',*,*,#460,.F.);
#251=ORIENTED_EDGE('',*,*,#560,.F.);
#252=ORIENTED_EDGE('',*,*,#561,.T.);
#253=ORIENTED_EDGE('',*,*,#464,.T.);
#254=ORIENTED_EDGE('',*,*,#562,.F.);
#255=ORIENTED_EDGE('',*,*,#563,.F.);
#256=ORIENTED_EDGE('',*,*,#560,.T.);
#257=ORIENTED_EDGE('',*,*,#463,.T.);
#258=ORIENTED_EDGE('',*,*,#564,.T.);
#259=ORIENTED_EDGE('',*,*,#565,.F.);
#260=ORIENTED_EDGE('',*,*,#562,.T.);
#261=ORIENTED_EDGE('',*,*,#461,.F.);
#262=ORIENTED_EDGE('',*,*,#445,.F.);
#263=ORIENTED_EDGE('',*,*,#451,.T.);
#264=ORIENTED_EDGE('',*,*,#448,.T.);
#265=ORIENTED_EDGE('',*,*,#566,.F.);
#266=ORIENTED_EDGE('',*,*,#561,.F.);
#267=ORIENTED_EDGE('',*,*,#563,.T.);
#268=ORIENTED_EDGE('',*,*,#565,.T.);
#269=ORIENTED_EDGE('',*,*,#440,.T.);
#270=ORIENTED_EDGE('',*,*,#567,.T.);
#271=ORIENTED_EDGE('',*,*,#568,.T.);
#272=ORIENTED_EDGE('',*,*,#569,.T.);
#273=ORIENTED_EDGE('',*,*,#570,.T.);
#274=ORIENTED_EDGE('',*,*,#462,.T.);
#275=ORIENTED_EDGE('',*,*,#571,.F.);
#276=ORIENTED_EDGE('',*,*,#569,.F.);
#277=ORIENTED_EDGE('',*,*,#572,.T.);
#278=ORIENTED_EDGE('',*,*,#432,.T.);
#279=ORIENTED_EDGE('',*,*,#573,.F.);
#280=ORIENTED_EDGE('',*,*,#441,.F.);
#281=ORIENTED_EDGE('',*,*,#571,.T.);
#282=ORIENTED_EDGE('',*,*,#446,.T.);
#283=ORIENTED_EDGE('',*,*,#450,.F.);
#284=ORIENTED_EDGE('',*,*,#443,.F.);
#285=ORIENTED_EDGE('',*,*,#436,.F.);
#286=ORIENTED_EDGE('',*,*,#570,.F.);
#287=ORIENTED_EDGE('',*,*,#573,.T.);
#288=ORIENTED_EDGE('',*,*,#438,.T.);
#289=ORIENTED_EDGE('',*,*,#559,.T.);
#290=ORIENTED_EDGE('',*,*,#566,.T.);
#291=ORIENTED_EDGE('',*,*,#564,.F.);
#292=ORIENTED_EDGE('',*,*,#439,.T.);
#293=ORIENTED_EDGE('',*,*,#434,.F.);
#294=ORIENTED_EDGE('',*,*,#574,.F.);
#295=ORIENTED_EDGE('',*,*,#567,.F.);
#296=ORIENTED_EDGE('',*,*,#574,.T.);
#297=ORIENTED_EDGE('',*,*,#433,.F.);
#298=ORIENTED_EDGE('',*,*,#572,.F.);
#299=ORIENTED_EDGE('',*,*,#568,.F.);
#300=ORIENTED_EDGE('',*,*,#543,.F.);
#301=ORIENTED_EDGE('',*,*,#486,.F.);
#302=ORIENTED_EDGE('',*,*,#522,.F.);
#303=ORIENTED_EDGE('',*,*,#478,.F.);
#304=ORIENTED_EDGE('',*,*,#558,.F.);
#305=ORIENTED_EDGE('',*,*,#482,.F.);
#306=ORIENTED_EDGE('',*,*,#537,.F.);
#307=ORIENTED_EDGE('',*,*,#452,.F.);
#308=ORIENTED_EDGE('',*,*,#575,.F.);
#309=ORIENTED_EDGE('',*,*,#513,.F.);
#310=ORIENTED_EDGE('',*,*,#576,.F.);
#311=ORIENTED_EDGE('',*,*,#493,.F.);
#312=ORIENTED_EDGE('',*,*,#576,.T.);
#313=ORIENTED_EDGE('',*,*,#516,.F.);
#314=ORIENTED_EDGE('',*,*,#577,.F.);
#315=ORIENTED_EDGE('',*,*,#490,.F.);
#316=ORIENTED_EDGE('',*,*,#575,.T.);
#317=ORIENTED_EDGE('',*,*,#456,.F.);
#318=ORIENTED_EDGE('',*,*,#578,.F.);
#319=ORIENTED_EDGE('',*,*,#514,.F.);
#320=ORIENTED_EDGE('',*,*,#577,.T.);
#321=ORIENTED_EDGE('',*,*,#515,.F.);
#322=ORIENTED_EDGE('',*,*,#578,.T.);
#323=ORIENTED_EDGE('',*,*,#503,.F.);
#324=ORIENTED_EDGE('',*,*,#579,.F.);
#325=ORIENTED_EDGE('',*,*,#580,.T.);
#326=ORIENTED_EDGE('',*,*,#581,.T.);
#327=ORIENTED_EDGE('',*,*,#474,.F.);
#328=ORIENTED_EDGE('',*,*,#582,.F.);
#329=ORIENTED_EDGE('',*,*,#583,.T.);
#330=ORIENTED_EDGE('',*,*,#579,.T.);
#331=ORIENTED_EDGE('',*,*,#473,.T.);
#332=ORIENTED_EDGE('',*,*,#584,.F.);
#333=ORIENTED_EDGE('',*,*,#585,.T.);
#334=ORIENTED_EDGE('',*,*,#582,.T.);
#335=ORIENTED_EDGE('',*,*,#476,.T.);
#336=ORIENTED_EDGE('',*,*,#581,.F.);
#337=ORIENTED_EDGE('',*,*,#586,.T.);
#338=ORIENTED_EDGE('',*,*,#584,.T.);
#339=ORIENTED_EDGE('',*,*,#475,.F.);
#340=ORIENTED_EDGE('',*,*,#587,.T.);
#341=ORIENTED_EDGE('',*,*,#588,.T.);
#342=ORIENTED_EDGE('',*,*,#589,.T.);
#343=ORIENTED_EDGE('',*,*,#590,.T.);
#344=ORIENTED_EDGE('',*,*,#591,.F.);
#345=ORIENTED_EDGE('',*,*,#592,.T.);
#346=ORIENTED_EDGE('',*,*,#593,.T.);
#347=ORIENTED_EDGE('',*,*,#470,.F.);
#348=ORIENTED_EDGE('',*,*,#594,.F.);
#349=ORIENTED_EDGE('',*,*,#595,.T.);
#350=ORIENTED_EDGE('',*,*,#591,.T.);
#351=ORIENTED_EDGE('',*,*,#469,.T.);
#352=ORIENTED_EDGE('',*,*,#596,.F.);
#353=ORIENTED_EDGE('',*,*,#597,.T.);
#354=ORIENTED_EDGE('',*,*,#594,.T.);
#355=ORIENTED_EDGE('',*,*,#472,.T.);
#356=ORIENTED_EDGE('',*,*,#593,.F.);
#357=ORIENTED_EDGE('',*,*,#598,.T.);
#358=ORIENTED_EDGE('',*,*,#596,.T.);
#359=ORIENTED_EDGE('',*,*,#471,.F.);
#360=ORIENTED_EDGE('',*,*,#599,.T.);
#361=ORIENTED_EDGE('',*,*,#600,.T.);
#362=ORIENTED_EDGE('',*,*,#601,.T.);
#363=ORIENTED_EDGE('',*,*,#602,.T.);
#364=ORIENTED_EDGE('',*,*,#603,.F.);
#365=ORIENTED_EDGE('',*,*,#604,.T.);
#366=ORIENTED_EDGE('',*,*,#605,.T.);
#367=ORIENTED_EDGE('',*,*,#466,.F.);
#368=ORIENTED_EDGE('',*,*,#606,.F.);
#369=ORIENTED_EDGE('',*,*,#607,.T.);
#370=ORIENTED_EDGE('',*,*,#603,.T.);
#371=ORIENTED_EDGE('',*,*,#465,.T.);
#372=ORIENTED_EDGE('',*,*,#608,.F.);
#373=ORIENTED_EDGE('',*,*,#609,.T.);
#374=ORIENTED_EDGE('',*,*,#606,.T.);
#375=ORIENTED_EDGE('',*,*,#468,.T.);
#376=ORIENTED_EDGE('',*,*,#605,.F.);
#377=ORIENTED_EDGE('',*,*,#610,.T.);
#378=ORIENTED_EDGE('',*,*,#608,.T.);
#379=ORIENTED_EDGE('',*,*,#467,.F.);
#380=ORIENTED_EDGE('',*,*,#611,.T.);
#381=ORIENTED_EDGE('',*,*,#612,.T.);
#382=ORIENTED_EDGE('',*,*,#613,.T.);
#383=ORIENTED_EDGE('',*,*,#614,.T.);
#384=ORIENTED_EDGE('',*,*,#615,.F.);
#385=ORIENTED_EDGE('',*,*,#614,.F.);
#386=ORIENTED_EDGE('',*,*,#616,.F.);
#387=ORIENTED_EDGE('',*,*,#607,.F.);
#388=ORIENTED_EDGE('',*,*,#616,.T.);
#389=ORIENTED_EDGE('',*,*,#613,.F.);
#390=ORIENTED_EDGE('',*,*,#617,.F.);
#391=ORIENTED_EDGE('',*,*,#604,.F.);
#392=ORIENTED_EDGE('',*,*,#615,.T.);
#393=ORIENTED_EDGE('',*,*,#609,.F.);
#394=ORIENTED_EDGE('',*,*,#618,.F.);
#395=ORIENTED_EDGE('',*,*,#611,.F.);
#396=ORIENTED_EDGE('',*,*,#617,.T.);
#397=ORIENTED_EDGE('',*,*,#612,.F.);
#398=ORIENTED_EDGE('',*,*,#618,.T.);
#399=ORIENTED_EDGE('',*,*,#610,.F.);
#400=ORIENTED_EDGE('',*,*,#619,.F.);
#401=ORIENTED_EDGE('',*,*,#602,.F.);
#402=ORIENTED_EDGE('',*,*,#620,.F.);
#403=ORIENTED_EDGE('',*,*,#595,.F.);
#404=ORIENTED_EDGE('',*,*,#620,.T.);
#405=ORIENTED_EDGE('',*,*,#601,.F.);
#406=ORIENTED_EDGE('',*,*,#621,.F.);
#407=ORIENTED_EDGE('',*,*,#592,.F.);
#408=ORIENTED_EDGE('',*,*,#619,.T.);
#409=ORIENTED_EDGE('',*,*,#597,.F.);
#410=ORIENTED_EDGE('',*,*,#622,.F.);
#411=ORIENTED_EDGE('',*,*,#599,.F.);
#412=ORIENTED_EDGE('',*,*,#621,.T.);
#413=ORIENTED_EDGE('',*,*,#600,.F.);
#414=ORIENTED_EDGE('',*,*,#622,.T.);
#415=ORIENTED_EDGE('',*,*,#598,.F.);
#416=ORIENTED_EDGE('',*,*,#623,.F.);
#417=ORIENTED_EDGE('',*,*,#590,.F.);
#418=ORIENTED_EDGE('',*,*,#624,.F.);
#419=ORIENTED_EDGE('',*,*,#583,.F.);
#420=ORIENTED_EDGE('',*,*,#624,.T.);
#421=ORIENTED_EDGE('',*,*,#589,.F.);
#422=ORIENTED_EDGE('',*,*,#625,.F.);
#423=ORIENTED_EDGE('',*,*,#580,.F.);
#424=ORIENTED_EDGE('',*,*,#623,.T.);
#425=ORIENTED_EDGE('',*,*,#585,.F.);
#426=ORIENTED_EDGE('',*,*,#626,.F.);
#427=ORIENTED_EDGE('',*,*,#587,.F.);
#428=ORIENTED_EDGE('',*,*,#625,.T.);
#429=ORIENTED_EDGE('',*,*,#588,.F.);
#430=ORIENTED_EDGE('',*,*,#626,.T.);
#431=ORIENTED_EDGE('',*,*,#586,.F.);
#432=EDGE_CURVE('',#627,#628,#749,.T.);
#433=EDGE_CURVE('',#627,#629,#750,.T.);
#434=EDGE_CURVE('',#629,#630,#751,.T.);
#435=EDGE_CURVE('',#631,#630,#752,.T.);
#436=EDGE_CURVE('',#631,#632,#753,.T.);
#437=EDGE_CURVE('',#633,#632,#754,.T.);
#438=EDGE_CURVE('',#628,#633,#755,.T.);
#439=EDGE_CURVE('',#634,#630,#756,.T.);
#440=EDGE_CURVE('',#635,#634,#757,.T.);
#441=EDGE_CURVE('',#635,#631,#758,.T.);
#442=EDGE_CURVE('',#632,#636,#759,.T.);
#443=EDGE_CURVE('',#632,#637,#760,.T.);
#444=EDGE_CURVE('',#637,#638,#761,.T.);
#445=EDGE_CURVE('',#638,#636,#762,.T.);
#446=EDGE_CURVE('',#639,#640,#763,.T.);
#447=EDGE_CURVE('',#639,#641,#764,.T.);
#448=EDGE_CURVE('',#642,#641,#765,.T.);
#449=EDGE_CURVE('',#640,#642,#766,.T.);
#450=EDGE_CURVE('',#637,#640,#767,.T.);
#451=EDGE_CURVE('',#638,#642,#768,.T.);
#452=EDGE_CURVE('',#643,#644,#769,.T.);
#453=EDGE_CURVE('',#645,#644,#770,.T.);
#454=EDGE_CURVE('',#645,#646,#771,.T.);
#455=EDGE_CURVE('',#647,#646,#772,.T.);
#456=EDGE_CURVE('',#647,#648,#773,.F.);
#457=EDGE_CURVE('',#648,#649,#774,.T.);
#458=EDGE_CURVE('',#650,#649,#775,.T.);
#459=EDGE_CURVE('',#650,#643,#776,.T.);
#460=EDGE_CURVE('',#651,#633,#777,.T.);
#461=EDGE_CURVE('',#636,#641,#778,.T.);
#462=EDGE_CURVE('',#652,#639,#779,.T.);
#463=EDGE_CURVE('',#653,#652,#780,.T.);
#464=EDGE_CURVE('',#651,#653,#781,.T.);
#465=EDGE_CURVE('',#654,#655,#782,.T.);
#466=EDGE_CURVE('',#654,#656,#783,.T.);
#467=EDGE_CURVE('',#656,#657,#784,.T.);
#468=EDGE_CURVE('',#655,#657,#785,.T.);
#469=EDGE_CURVE('',#658,#659,#786,.T.);
#470=EDGE_CURVE('',#658,#660,#787,.T.);
#471=EDGE_CURVE('',#660,#661,#788,.T.);
#472=EDGE_CURVE('',#659,#661,#789,.T.);
#473=EDGE_CURVE('',#662,#663,#790,.T.);
#474=EDGE_CURVE('',#662,#664,#791,.T.);
#475=EDGE_CURVE('',#664,#665,#792,.T.);
#476=EDGE_CURVE('',#663,#665,#793,.T.);
#477=EDGE_CURVE('',#666,#667,#794,.T.);
#478=EDGE_CURVE('',#666,#668,#795,.T.);
#479=EDGE_CURVE('',#668,#669,#796,.T.);
#480=EDGE_CURVE('',#669,#670,#797,.T.);
#481=EDGE_CURVE('',#670,#671,#798,.T.);
#482=EDGE_CURVE('',#671,#672,#799,.F.);
#483=EDGE_CURVE('',#673,#672,#800,.T.);
#484=EDGE_CURVE('',#667,#673,#801,.T.);
#485=EDGE_CURVE('',#674,#675,#802,.T.);
#486=EDGE_CURVE('',#675,#676,#803,.F.);
#487=EDGE_CURVE('',#677,#676,#804,.T.);
#488=EDGE_CURVE('',#677,#678,#805,.T.);
#489=EDGE_CURVE('',#679,#678,#806,.T.);
#490=EDGE_CURVE('',#679,#680,#807,.T.);
#491=EDGE_CURVE('',#680,#681,#808,.T.);
#492=EDGE_CURVE('',#674,#681,#809,.T.);
#493=EDGE_CURVE('',#648,#679,#810,.F.);
#494=EDGE_CURVE('',#682,#678,#811,.T.);
#495=EDGE_CURVE('',#683,#682,#26,.T.);
#496=EDGE_CURVE('',#684,#683,#812,.T.);
#497=EDGE_CURVE('',#685,#684,#813,.T.);
#498=EDGE_CURVE('',#686,#685,#814,.T.);
#499=EDGE_CURVE('',#686,#687,#815,.T.);
#500=EDGE_CURVE('',#687,#688,#816,.T.);
#501=EDGE_CURVE('',#688,#689,#27,.T.);
#502=EDGE_CURVE('',#689,#649,#817,.T.);
#503=EDGE_CURVE('',#680,#647,#818,.T.);
#504=EDGE_CURVE('',#690,#646,#819,.T.);
#505=EDGE_CURVE('',#691,#690,#28,.T.);
#506=EDGE_CURVE('',#692,#691,#820,.T.);
#507=EDGE_CURVE('',#693,#692,#821,.T.);
#508=EDGE_CURVE('',#693,#694,#822,.T.);
#509=EDGE_CURVE('',#694,#695,#823,.T.);
#510=EDGE_CURVE('',#695,#696,#824,.T.);
#511=EDGE_CURVE('',#696,#697,#29,.T.);
#512=EDGE_CURVE('',#697,#681,#825,.T.);
#513=EDGE_CURVE('',#698,#699,#826,.T.);
#514=EDGE_CURVE('',#699,#700,#827,.T.);
#515=EDGE_CURVE('',#700,#701,#828,.F.);
#516=EDGE_CURVE('',#701,#698,#829,.F.);
#517=EDGE_CURVE('',#702,#697,#830,.T.);
#518=EDGE_CURVE('',#702,#674,#831,.T.);
#519=EDGE_CURVE('',#703,#696,#832,.T.);
#520=EDGE_CURVE('',#703,#669,#30,.T.);
#521=EDGE_CURVE('',#669,#702,#31,.T.);
#522=EDGE_CURVE('',#668,#675,#32,.T.);
#523=EDGE_CURVE('',#704,#695,#833,.T.);
#524=EDGE_CURVE('',#704,#703,#834,.T.);
#525=EDGE_CURVE('',#705,#690,#835,.T.);
#526=EDGE_CURVE('',#670,#705,#33,.T.);
#527=EDGE_CURVE('',#706,#670,#34,.T.);
#528=EDGE_CURVE('',#706,#691,#836,.T.);
#529=EDGE_CURVE('',#707,#706,#837,.T.);
#530=EDGE_CURVE('',#707,#692,#838,.T.);
#531=EDGE_CURVE('',#708,#707,#839,.T.);
#532=EDGE_CURVE('',#708,#693,#840,.T.);
#533=EDGE_CURVE('',#708,#709,#841,.T.);
#534=EDGE_CURVE('',#709,#694,#842,.T.);
#535=EDGE_CURVE('',#709,#704,#843,.T.);
#536=EDGE_CURVE('',#705,#645,#844,.T.);
#537=EDGE_CURVE('',#644,#671,#35,.T.);
#538=EDGE_CURVE('',#710,#677,#845,.T.);
#539=EDGE_CURVE('',#710,#682,#846,.T.);
#540=EDGE_CURVE('',#667,#710,#36,.T.);
#541=EDGE_CURVE('',#711,#667,#37,.T.);
#542=EDGE_CURVE('',#711,#683,#847,.T.);
#543=EDGE_CURVE('',#676,#666,#38,.T.);
#544=EDGE_CURVE('',#712,#711,#848,.T.);
#545=EDGE_CURVE('',#712,#684,#849,.T.);
#546=EDGE_CURVE('',#713,#712,#850,.T.);
#547=EDGE_CURVE('',#713,#685,#851,.T.);
#548=EDGE_CURVE('',#714,#713,#852,.T.);
#549=EDGE_CURVE('',#714,#686,#853,.T.);
#550=EDGE_CURVE('',#714,#715,#854,.T.);
#551=EDGE_CURVE('',#715,#687,#855,.T.);
#552=EDGE_CURVE('',#715,#716,#856,.T.);
#553=EDGE_CURVE('',#716,#688,#857,.T.);
#554=EDGE_CURVE('',#716,#673,#39,.T.);
#555=EDGE_CURVE('',#673,#717,#40,.T.);
#556=EDGE_CURVE('',#717,#689,#858,.T.);
#557=EDGE_CURVE('',#717,#650,#859,.T.);
#558=EDGE_CURVE('',#672,#643,#41,.T.);
#559=EDGE_CURVE('',#633,#718,#860,.T.);
#560=EDGE_CURVE('',#719,#651,#861,.T.);
#561=EDGE_CURVE('',#719,#718,#862,.T.);
#562=EDGE_CURVE('',#720,#653,#863,.T.);
#563=EDGE_CURVE('',#719,#720,#864,.T.);
#564=EDGE_CURVE('',#652,#721,#865,.T.);
#565=EDGE_CURVE('',#720,#721,#866,.T.);
#566=EDGE_CURVE('',#718,#721,#867,.T.);
#567=EDGE_CURVE('',#634,#722,#868,.T.);
#568=EDGE_CURVE('',#722,#723,#869,.T.);
#569=EDGE_CURVE('',#723,#724,#870,.T.);
#570=EDGE_CURVE('',#724,#652,#871,.T.);
#571=EDGE_CURVE('',#635,#639,#872,.T.);
#572=EDGE_CURVE('',#723,#627,#873,.T.);
#573=EDGE_CURVE('',#724,#628,#874,.T.);
#574=EDGE_CURVE('',#722,#629,#875,.T.);
#575=EDGE_CURVE('',#699,#648,#12,.F.);
#576=EDGE_CURVE('',#679,#698,#13,.T.);
#577=EDGE_CURVE('',#680,#701,#14,.T.);
#578=EDGE_CURVE('',#700,#647,#15,.F.);
#579=EDGE_CURVE('',#725,#662,#876,.T.);
#580=EDGE_CURVE('',#725,#726,#877,.T.);
#581=EDGE_CURVE('',#726,#664,#878,.T.);
#582=EDGE_CURVE('',#727,#663,#879,.T.);
#583=EDGE_CURVE('',#727,#725,#880,.T.);
#584=EDGE_CURVE('',#728,#665,#881,.T.);
#585=EDGE_CURVE('',#728,#727,#882,.T.);
#586=EDGE_CURVE('',#726,#728,#883,.T.);
#587=EDGE_CURVE('',#729,#730,#884,.T.);
#588=EDGE_CURVE('',#730,#731,#885,.T.);
#589=EDGE_CURVE('',#731,#732,#886,.T.);
#590=EDGE_CURVE('',#732,#729,#887,.T.);
#591=EDGE_CURVE('',#733,#658,#888,.T.);
#592=EDGE_CURVE('',#733,#734,#889,.T.);
#593=EDGE_CURVE('',#734,#660,#890,.T.);
#594=EDGE_CURVE('',#735,#659,#891,.T.);
#595=EDGE_CURVE('',#735,#733,#892,.T.);
#596=EDGE_CURVE('',#736,#661,#893,.T.);
#597=EDGE_CURVE('',#736,#735,#894,.T.);
#598=EDGE_CURVE('',#734,#736,#895,.T.);
#599=EDGE_CURVE('',#737,#738,#896,.T.);
#600=EDGE_CURVE('',#738,#739,#897,.T.);
#601=EDGE_CURVE('',#739,#740,#898,.T.);
#602=EDGE_CURVE('',#740,#737,#899,.T.);
#603=EDGE_CURVE('',#741,#654,#900,.T.);
#604=EDGE_CURVE('',#741,#742,#901,.T.);
#605=EDGE_CURVE('',#742,#656,#902,.T.);
#606=EDGE_CURVE('',#743,#655,#903,.T.);
#607=EDGE_CURVE('',#743,#741,#904,.T.);
#608=EDGE_CURVE('',#744,#657,#905,.T.);
#609=EDGE_CURVE('',#744,#743,#906,.T.);
#610=EDGE_CURVE('',#742,#744,#907,.T.);
#611=EDGE_CURVE('',#745,#746,#908,.T.);
#612=EDGE_CURVE('',#746,#747,#909,.T.);
#613=EDGE_CURVE('',#747,#748,#910,.T.);
#614=EDGE_CURVE('',#748,#745,#911,.T.);
#615=EDGE_CURVE('',#745,#743,#912,.T.);
#616=EDGE_CURVE('',#741,#748,#913,.T.);
#617=EDGE_CURVE('',#742,#747,#914,.F.);
#618=EDGE_CURVE('',#746,#744,#915,.T.);
#619=EDGE_CURVE('',#737,#735,#916,.T.);
#620=EDGE_CURVE('',#733,#740,#917,.T.);
#621=EDGE_CURVE('',#734,#739,#918,.F.);
#622=EDGE_CURVE('',#738,#736,#919,.T.);
#623=EDGE_CURVE('',#729,#727,#920,.T.);
#624=EDGE_CURVE('',#725,#732,#921,.T.);
#625=EDGE_CURVE('',#726,#731,#922,.F.);
#626=EDGE_CURVE('',#730,#728,#923,.T.);
#627=VERTEX_POINT('',#1974);
#628=VERTEX_POINT('',#1975);
#629=VERTEX_POINT('',#1977);
#630=VERTEX_POINT('',#1979);
#631=VERTEX_POINT('',#1981);
#632=VERTEX_POINT('',#1983);
#633=VERTEX_POINT('',#1985);
#634=VERTEX_POINT('',#1989);
#635=VERTEX_POINT('',#1991);
#636=VERTEX_POINT('',#1995);
#637=VERTEX_POINT('',#1997);
#638=VERTEX_POINT('',#1999);
#639=VERTEX_POINT('',#2003);
#640=VERTEX_POINT('',#2004);
#641=VERTEX_POINT('',#2006);
#642=VERTEX_POINT('',#2008);
#643=VERTEX_POINT('',#2015);
#644=VERTEX_POINT('',#2016);
#645=VERTEX_POINT('',#2018);
#646=VERTEX_POINT('',#2020);
#647=VERTEX_POINT('',#2022);
#648=VERTEX_POINT('',#2024);
#649=VERTEX_POINT('',#2026);
#650=VERTEX_POINT('',#2028);
#651=VERTEX_POINT('',#2031);
#652=VERTEX_POINT('',#2034);
#653=VERTEX_POINT('',#2036);
#654=VERTEX_POINT('',#2040);
#655=VERTEX_POINT('',#2041);
#656=VERTEX_POINT('',#2043);
#657=VERTEX_POINT('',#2045);
#658=VERTEX_POINT('',#2048);
#659=VERTEX_POINT('',#2049);
#660=VERTEX_POINT('',#2051);
#661=VERTEX_POINT('',#2053);
#662=VERTEX_POINT('',#2056);
#663=VERTEX_POINT('',#2057);
#664=VERTEX_POINT('',#2059);
#665=VERTEX_POINT('',#2061);
#666=VERTEX_POINT('',#2064);
#667=VERTEX_POINT('',#2065);
#668=VERTEX_POINT('',#2067);
#669=VERTEX_POINT('',#2069);
#670=VERTEX_POINT('',#2071);
#671=VERTEX_POINT('',#2073);
#672=VERTEX_POINT('',#2075);
#673=VERTEX_POINT('',#2077);
#674=VERTEX_POINT('',#2081);
#675=VERTEX_POINT('',#2082);
#676=VERTEX_POINT('',#2084);
#677=VERTEX_POINT('',#2086);
#678=VERTEX_POINT('',#2088);
#679=VERTEX_POINT('',#2090);
#680=VERTEX_POINT('',#2092);
#681=VERTEX_POINT('',#2094);
#682=VERTEX_POINT('',#2099);
#683=VERTEX_POINT('',#2101);
#684=VERTEX_POINT('',#2103);
#685=VERTEX_POINT('',#2105);
#686=VERTEX_POINT('',#2107);
#687=VERTEX_POINT('',#2109);
#688=VERTEX_POINT('',#2111);
#689=VERTEX_POINT('',#2113);
#690=VERTEX_POINT('',#2118);
#691=VERTEX_POINT('',#2120);
#692=VERTEX_POINT('',#2122);
#693=VERTEX_POINT('',#2124);
#694=VERTEX_POINT('',#2126);
#695=VERTEX_POINT('',#2128);
#696=VERTEX_POINT('',#2130);
#697=VERTEX_POINT('',#2132);
#698=VERTEX_POINT('',#2136);
#699=VERTEX_POINT('',#2137);
#700=VERTEX_POINT('',#2139);
#701=VERTEX_POINT('',#2141);
#702=VERTEX_POINT('',#2145);
#703=VERTEX_POINT('',#2149);
#704=VERTEX_POINT('',#2156);
#705=VERTEX_POINT('',#2160);
#706=VERTEX_POINT('',#2163);
#707=VERTEX_POINT('',#2167);
#708=VERTEX_POINT('',#2171);
#709=VERTEX_POINT('',#2175);
#710=VERTEX_POINT('',#2186);
#711=VERTEX_POINT('',#2191);
#712=VERTEX_POINT('',#2197);
#713=VERTEX_POINT('',#2201);
#714=VERTEX_POINT('',#2205);
#715=VERTEX_POINT('',#2209);
#716=VERTEX_POINT('',#2213);
#717=VERTEX_POINT('',#2218);
#718=VERTEX_POINT('',#2227);
#719=VERTEX_POINT('',#2229);
#720=VERTEX_POINT('',#2233);
#721=VERTEX_POINT('',#2237);
#722=VERTEX_POINT('',#2244);
#723=VERTEX_POINT('',#2246);
#724=VERTEX_POINT('',#2248);
#725=VERTEX_POINT('',#2271);
#726=VERTEX_POINT('',#2273);
#727=VERTEX_POINT('',#2277);
#728=VERTEX_POINT('',#2281);
#729=VERTEX_POINT('',#2287);
#730=VERTEX_POINT('',#2288);
#731=VERTEX_POINT('',#2290);
#732=VERTEX_POINT('',#2292);
#733=VERTEX_POINT('',#2296);
#734=VERTEX_POINT('',#2298);
#735=VERTEX_POINT('',#2302);
#736=VERTEX_POINT('',#2306);
#737=VERTEX_POINT('',#2312);
#738=VERTEX_POINT('',#2313);
#739=VERTEX_POINT('',#2315);
#740=VERTEX_POINT('',#2317);
#741=VERTEX_POINT('',#2321);
#742=VERTEX_POINT('',#2323);
#743=VERTEX_POINT('',#2327);
#744=VERTEX_POINT('',#2331);
#745=VERTEX_POINT('',#2337);
#746=VERTEX_POINT('',#2338);
#747=VERTEX_POINT('',#2340);
#748=VERTEX_POINT('',#2342);
#749=LINE('',#1973,#924);
#750=LINE('',#1976,#925);
#751=LINE('',#1978,#926);
#752=LINE('',#1980,#927);
#753=LINE('',#1982,#928);
#754=LINE('',#1984,#929);
#755=LINE('',#1986,#930);
#756=LINE('',#1988,#931);
#757=LINE('',#1990,#932);
#758=LINE('',#1992,#933);
#759=LINE('',#1994,#934);
#760=LINE('',#1996,#935);
#761=LINE('',#1998,#936);
#762=LINE('',#2000,#937);
#763=LINE('',#2002,#938);
#764=LINE('',#2005,#939);
#765=LINE('',#2007,#940);
#766=LINE('',#2009,#941);
#767=LINE('',#2011,#942);
#768=LINE('',#2012,#943);
#769=LINE('',#2014,#944);
#770=LINE('',#2017,#945);
#771=LINE('',#2019,#946);
#772=LINE('',#2021,#947);
#773=LINE('',#2023,#948);
#774=LINE('',#2025,#949);
#775=LINE('',#2027,#950);
#776=LINE('',#2029,#951);
#777=LINE('',#2030,#952);
#778=LINE('',#2032,#953);
#779=LINE('',#2033,#954);
#780=LINE('',#2035,#955);
#781=LINE('',#2037,#956);
#782=LINE('',#2039,#957);
#783=LINE('',#2042,#958);
#784=LINE('',#2044,#959);
#785=LINE('',#2046,#960);
#786=LINE('',#2047,#961);
#787=LINE('',#2050,#962);
#788=LINE('',#2052,#963);
#789=LINE('',#2054,#964);
#790=LINE('',#2055,#965);
#791=LINE('',#2058,#966);
#792=LINE('',#2060,#967);
#793=LINE('',#2062,#968);
#794=LINE('',#2063,#969);
#795=LINE('',#2066,#970);
#796=LINE('',#2068,#971);
#797=LINE('',#2070,#972);
#798=LINE('',#2072,#973);
#799=LINE('',#2074,#974);
#800=LINE('',#2076,#975);
#801=LINE('',#2078,#976);
#802=LINE('',#2080,#977);
#803=LINE('',#2083,#978);
#804=LINE('',#2085,#979);
#805=LINE('',#2087,#980);
#806=LINE('',#2089,#981);
#807=LINE('',#2091,#982);
#808=LINE('',#2093,#983);
#809=LINE('',#2095,#984);
#810=LINE('',#2097,#985);
#811=LINE('',#2098,#986);
#812=LINE('',#2102,#987);
#813=LINE('',#2104,#988);
#814=LINE('',#2106,#989);
#815=LINE('',#2108,#990);
#816=LINE('',#2110,#991);
#817=LINE('',#2114,#992);
#818=LINE('',#2116,#993);
#819=LINE('',#2117,#994);
#820=LINE('',#2121,#995);
#821=LINE('',#2123,#996);
#822=LINE('',#2125,#997);
#823=LINE('',#2127,#998);
#824=LINE('',#2129,#999);
#825=LINE('',#2133,#1000);
#826=LINE('',#2135,#1001);
#827=LINE('',#2138,#1002);
#828=LINE('',#2140,#1003);
#829=LINE('',#2142,#1004);
#830=LINE('',#2144,#1005);
#831=LINE('',#2146,#1006);
#832=LINE('',#2148,#1007);
#833=LINE('',#2155,#1008);
#834=LINE('',#2157,#1009);
#835=LINE('',#2159,#1010);
#836=LINE('',#2164,#1011);
#837=LINE('',#2166,#1012);
#838=LINE('',#2168,#1013);
#839=LINE('',#2170,#1014);
#840=LINE('',#2172,#1015);
#841=LINE('',#2174,#1016);
#842=LINE('',#2176,#1017);
#843=LINE('',#2178,#1018);
#844=LINE('',#2181,#1019);
#845=LINE('',#2185,#1020);
#846=LINE('',#2187,#1021);
#847=LINE('',#2192,#1022);
#848=LINE('',#2196,#1023);
#849=LINE('',#2198,#1024);
#850=LINE('',#2200,#1025);
#851=LINE('',#2202,#1026);
#852=LINE('',#2204,#1027);
#853=LINE('',#2206,#1028);
#854=LINE('',#2208,#1029);
#855=LINE('',#2210,#1030);
#856=LINE('',#2212,#1031);
#857=LINE('',#2214,#1032);
#858=LINE('',#2219,#1033);
#859=LINE('',#2222,#1034);
#860=LINE('',#2226,#1035);
#861=LINE('',#2228,#1036);
#862=LINE('',#2230,#1037);
#863=LINE('',#2232,#1038);
#864=LINE('',#2234,#1039);
#865=LINE('',#2236,#1040);
#866=LINE('',#2238,#1041);
#867=LINE('',#2241,#1042);
#868=LINE('',#2243,#1043);
#869=LINE('',#2245,#1044);
#870=LINE('',#2247,#1045);
#871=LINE('',#2249,#1046);
#872=LINE('',#2250,#1047);
#873=LINE('',#2252,#1048);
#874=LINE('',#2253,#1049);
#875=LINE('',#2257,#1050);
#876=LINE('',#2270,#1051);
#877=LINE('',#2272,#1052);
#878=LINE('',#2274,#1053);
#879=LINE('',#2276,#1054);
#880=LINE('',#2278,#1055);
#881=LINE('',#2280,#1056);
#882=LINE('',#2282,#1057);
#883=LINE('',#2284,#1058);
#884=LINE('',#2286,#1059);
#885=LINE('',#2289,#1060);
#886=LINE('',#2291,#1061);
#887=LINE('',#2293,#1062);
#888=LINE('',#2295,#1063);
#889=LINE('',#2297,#1064);
#890=LINE('',#2299,#1065);
#891=LINE('',#2301,#1066);
#892=LINE('',#2303,#1067);
#893=LINE('',#2305,#1068);
#894=LINE('',#2307,#1069);
#895=LINE('',#2309,#1070);
#896=LINE('',#2311,#1071);
#897=LINE('',#2314,#1072);
#898=LINE('',#2316,#1073);
#899=LINE('',#2318,#1074);
#900=LINE('',#2320,#1075);
#901=LINE('',#2322,#1076);
#902=LINE('',#2324,#1077);
#903=LINE('',#2326,#1078);
#904=LINE('',#2328,#1079);
#905=LINE('',#2330,#1080);
#906=LINE('',#2332,#1081);
#907=LINE('',#2334,#1082);
#908=LINE('',#2336,#1083);
#909=LINE('',#2339,#1084);
#910=LINE('',#2341,#1085);
#911=LINE('',#2343,#1086);
#912=LINE('',#2345,#1087);
#913=LINE('',#2346,#1088);
#914=LINE('',#2348,#1089);
#915=LINE('',#2350,#1090);
#916=LINE('',#2353,#1091);
#917=LINE('',#2354,#1092);
#918=LINE('',#2356,#1093);
#919=LINE('',#2358,#1094);
#920=LINE('',#2361,#1095);
#921=LINE('',#2362,#1096);
#922=LINE('',#2364,#1097);
#923=LINE('',#2366,#1098);
#924=VECTOR('',#1600,1.);
#925=VECTOR('',#1601,1.);
#926=VECTOR('',#1602,1.);
#927=VECTOR('',#1603,1.);
#928=VECTOR('',#1604,1.);
#929=VECTOR('',#1605,1.);
#930=VECTOR('',#1606,1.);
#931=VECTOR('',#1609,1.);
#932=VECTOR('',#1610,1.);
#933=VECTOR('',#1611,1.);
#934=VECTOR('',#1614,1.);
#935=VECTOR('',#1615,1.);
#936=VECTOR('',#1616,1.);
#937=VECTOR('',#1617,1.);
#938=VECTOR('',#1620,1.);
#939=VECTOR('',#1621,1.);
#940=VECTOR('',#1622,1.);
#941=VECTOR('',#1623,1.);
#942=VECTOR('',#1626,1.);
#943=VECTOR('',#1627,1.);
#944=VECTOR('',#1630,1.);
#945=VECTOR('',#1631,1.);
#946=VECTOR('',#1632,1.);
#947=VECTOR('',#1633,1.);
#948=VECTOR('',#1634,1.);
#949=VECTOR('',#1635,1.);
#950=VECTOR('',#1636,1.);
#951=VECTOR('',#1637,1.);
#952=VECTOR('',#1638,1.);
#953=VECTOR('',#1639,1.);
#954=VECTOR('',#1640,1.);
#955=VECTOR('',#1641,1.);
#956=VECTOR('',#1642,1.);
#957=VECTOR('',#1645,1.);
#958=VECTOR('',#1646,1.);
#959=VECTOR('',#1647,1.);
#960=VECTOR('',#1648,1.);
#961=VECTOR('',#1649,1.);
#962=VECTOR('',#1650,1.);
#963=VECTOR('',#1651,1.);
#964=VECTOR('',#1652,1.);
#965=VECTOR('',#1653,1.);
#966=VECTOR('',#1654,1.);
#967=VECTOR('',#1655,1.);
#968=VECTOR('',#1656,1.);
#969=VECTOR('',#1657,1.);
#970=VECTOR('',#1658,1.);
#971=VECTOR('',#1659,1.);
#972=VECTOR('',#1660,1.);
#973=VECTOR('',#1661,1.);
#974=VECTOR('',#1662,1.);
#975=VECTOR('',#1663,1.);
#976=VECTOR('',#1664,1.);
#977=VECTOR('',#1667,1.);
#978=VECTOR('',#1668,1.);
#979=VECTOR('',#1669,1.);
#980=VECTOR('',#1670,1.);
#981=VECTOR('',#1671,1.);
#982=VECTOR('',#1672,1.);
#983=VECTOR('',#1673,1.);
#984=VECTOR('',#1674,1.);
#985=VECTOR('',#1677,1.);
#986=VECTOR('',#1678,1.);
#987=VECTOR('',#1681,1.);
#988=VECTOR('',#1682,1.);
#989=VECTOR('',#1683,1.);
#990=VECTOR('',#1684,1.);
#991=VECTOR('',#1685,1.);
#992=VECTOR('',#1688,1.);
#993=VECTOR('',#1691,1.);
#994=VECTOR('',#1692,1.);
#995=VECTOR('',#1695,1.);
#996=VECTOR('',#1696,1.);
#997=VECTOR('',#1697,1.);
#998=VECTOR('',#1698,1.);
#999=VECTOR('',#1699,1.);
#1000=VECTOR('',#1702,1.);
#1001=VECTOR('',#1705,1.);
#1002=VECTOR('',#1706,1.);
#1003=VECTOR('',#1707,1.);
#1004=VECTOR('',#1708,1.);
#1005=VECTOR('',#1711,1.);
#1006=VECTOR('',#1712,1.);
#1007=VECTOR('',#1715,1.);
#1008=VECTOR('',#1726,1.);
#1009=VECTOR('',#1727,1.);
#1010=VECTOR('',#1730,1.);
#1011=VECTOR('',#1735,1.);
#1012=VECTOR('',#1738,1.);
#1013=VECTOR('',#1739,1.);
#1014=VECTOR('',#1742,1.);
#1015=VECTOR('',#1743,1.);
#1016=VECTOR('',#1746,1.);
#1017=VECTOR('',#1747,1.);
#1018=VECTOR('',#1750,1.);
#1019=VECTOR('',#1755,1.);
#1020=VECTOR('',#1762,1.);
#1021=VECTOR('',#1763,1.);
#1022=VECTOR('',#1770,1.);
#1023=VECTOR('',#1777,1.);
#1024=VECTOR('',#1778,1.);
#1025=VECTOR('',#1781,1.);
#1026=VECTOR('',#1782,1.);
#1027=VECTOR('',#1785,1.);
#1028=VECTOR('',#1786,1.);
#1029=VECTOR('',#1789,1.);
#1030=VECTOR('',#1790,1.);
#1031=VECTOR('',#1793,1.);
#1032=VECTOR('',#1794,1.);
#1033=VECTOR('',#1801,1.);
#1034=VECTOR('',#1806,1.);
#1035=VECTOR('',#1813,1.);
#1036=VECTOR('',#1814,1.);
#1037=VECTOR('',#1815,1.);
#1038=VECTOR('',#1818,1.);
#1039=VECTOR('',#1819,1.);
#1040=VECTOR('',#1822,1.);
#1041=VECTOR('',#1823,1.);
#1042=VECTOR('',#1828,1.);
#1043=VECTOR('',#1831,1.);
#1044=VECTOR('',#1832,1.);
#1045=VECTOR('',#1833,1.);
#1046=VECTOR('',#1834,1.);
#1047=VECTOR('',#1835,1.);
#1048=VECTOR('',#1838,1.);
#1049=VECTOR('',#1839,1.);
#1050=VECTOR('',#1846,1.);
#1051=VECTOR('',#1871,1.);
#1052=VECTOR('',#1872,1.);
#1053=VECTOR('',#1873,1.);
#1054=VECTOR('',#1876,1.);
#1055=VECTOR('',#1877,1.);
#1056=VECTOR('',#1880,1.);
#1057=VECTOR('',#1881,1.);
#1058=VECTOR('',#1884,1.);
#1059=VECTOR('',#1887,1.);
#1060=VECTOR('',#1888,1.);
#1061=VECTOR('',#1889,1.);
#1062=VECTOR('',#1890,1.);
#1063=VECTOR('',#1893,1.);
#1064=VECTOR('',#1894,1.);
#1065=VECTOR('',#1895,1.);
#1066=VECTOR('',#1898,1.);
#1067=VECTOR('',#1899,1.);
#1068=VECTOR('',#1902,1.);
#1069=VECTOR('',#1903,1.);
#1070=VECTOR('',#1906,1.);
#1071=VECTOR('',#1909,1.);
#1072=VECTOR('',#1910,1.);
#1073=VECTOR('',#1911,1.);
#1074=VECTOR('',#1912,1.);
#1075=VECTOR('',#1915,1.);
#1076=VECTOR('',#1916,1.);
#1077=VECTOR('',#1917,1.);
#1078=VECTOR('',#1920,1.);
#1079=VECTOR('',#1921,1.);
#1080=VECTOR('',#1924,1.);
#1081=VECTOR('',#1925,1.);
#1082=VECTOR('',#1928,1.);
#1083=VECTOR('',#1931,1.);
#1084=VECTOR('',#1932,1.);
#1085=VECTOR('',#1933,1.);
#1086=VECTOR('',#1934,1.);
#1087=VECTOR('',#1937,1.);
#1088=VECTOR('',#1938,1.);
#1089=VECTOR('',#1941,1.);
#1090=VECTOR('',#1944,1.);
#1091=VECTOR('',#1949,1.);
#1092=VECTOR('',#1950,1.);
#1093=VECTOR('',#1953,1.);
#1094=VECTOR('',#1956,1.);
#1095=VECTOR('',#1961,1.);
#1096=VECTOR('',#1962,1.);
#1097=VECTOR('',#1965,1.);
#1098=VECTOR('',#1968,1.);
#1099=EDGE_LOOP('',(#42,#43,#44,#45,#46,#47,#48));
#1100=EDGE_LOOP('',(#49,#50,#51,#52));
#1101=EDGE_LOOP('',(#53,#54,#55,#56));
#1102=EDGE_LOOP('',(#57,#58,#59,#60));
#1103=EDGE_LOOP('',(#61,#62,#63,#64));
#1104=EDGE_LOOP('',(#65,#66,#67,#68,#69,#70,#71,#72));
#1105=EDGE_LOOP('',(#73,#74,#75,#76,#77,#78,#79,#80));
#1106=EDGE_LOOP('',(#81,#82,#83,#84));
#1107=EDGE_LOOP('',(#85,#86,#87,#88));
#1108=EDGE_LOOP('',(#89,#90,#91,#92));
#1109=EDGE_LOOP('',(#93,#94,#95,#96,#97,#98,#99,#100));
#1110=EDGE_LOOP('',(#101,#102,#103,#104,#105,#106,#107,#108));
#1111=EDGE_LOOP('',(#109,#110,#111,#112,#113,#114,#115,#116,#117,#118,#119,
#120));
#1112=EDGE_LOOP('',(#121,#122,#123,#124,#125,#126,#127,#128,#129,#130,#131,
#132));
#1113=EDGE_LOOP('',(#133,#134,#135,#136));
#1114=EDGE_LOOP('',(#137,#138,#139,#140));
#1115=EDGE_LOOP('',(#141,#142,#143,#144,#145));
#1116=EDGE_LOOP('',(#146,#147,#148,#149,#150));
#1117=EDGE_LOOP('',(#151,#152,#153,#154));
#1118=EDGE_LOOP('',(#155,#156,#157,#158,#159));
#1119=EDGE_LOOP('',(#160,#161,#162,#163));
#1120=EDGE_LOOP('',(#164,#165,#166,#167));
#1121=EDGE_LOOP('',(#168,#169,#170,#171));
#1122=EDGE_LOOP('',(#172,#173,#174,#175));
#1123=EDGE_LOOP('',(#176,#177,#178,#179,#180,#181,#182,#183));
#1124=EDGE_LOOP('',(#184,#185,#186,#187));
#1125=EDGE_LOOP('',(#188,#189,#190,#191,#192));
#1126=EDGE_LOOP('',(#193,#194,#195,#196));
#1127=EDGE_LOOP('',(#197,#198,#199,#200,#201));
#1128=EDGE_LOOP('',(#202,#203,#204,#205,#206));
#1129=EDGE_LOOP('',(#207,#208,#209,#210));
#1130=EDGE_LOOP('',(#211,#212,#213,#214));
#1131=EDGE_LOOP('',(#215,#216,#217,#218));
#1132=EDGE_LOOP('',(#219,#220,#221,#222));
#1133=EDGE_LOOP('',(#223,#224,#225,#226));
#1134=EDGE_LOOP('',(#227,#228,#229,#230,#231));
#1135=EDGE_LOOP('',(#232,#233,#234,#235,#236,#237,#238,#239));
#1136=EDGE_LOOP('',(#240,#241,#242,#243));
#1137=EDGE_LOOP('',(#244,#245,#246,#247,#248));
#1138=EDGE_LOOP('',(#249,#250,#251,#252));
#1139=EDGE_LOOP('',(#253,#254,#255,#256));
#1140=EDGE_LOOP('',(#257,#258,#259,#260));
#1141=EDGE_LOOP('',(#261,#262,#263,#264));
#1142=EDGE_LOOP('',(#265,#266,#267,#268));
#1143=EDGE_LOOP('',(#269,#270,#271,#272,#273,#274,#275));
#1144=EDGE_LOOP('',(#276,#277,#278,#279));
#1145=EDGE_LOOP('',(#280,#281,#282,#283,#284,#285));
#1146=EDGE_LOOP('',(#286,#287,#288,#289,#290,#291));
#1147=EDGE_LOOP('',(#292,#293,#294,#295));
#1148=EDGE_LOOP('',(#296,#297,#298,#299));
#1149=EDGE_LOOP('',(#300,#301,#302,#303));
#1150=EDGE_LOOP('',(#304,#305,#306,#307));
#1151=EDGE_LOOP('',(#308,#309,#310,#311));
#1152=EDGE_LOOP('',(#312,#313,#314,#315));
#1153=EDGE_LOOP('',(#316,#317,#318,#319));
#1154=EDGE_LOOP('',(#320,#321,#322,#323));
#1155=EDGE_LOOP('',(#324,#325,#326,#327));
#1156=EDGE_LOOP('',(#328,#329,#330,#331));
#1157=EDGE_LOOP('',(#332,#333,#334,#335));
#1158=EDGE_LOOP('',(#336,#337,#338,#339));
#1159=EDGE_LOOP('',(#340,#341,#342,#343));
#1160=EDGE_LOOP('',(#344,#345,#346,#347));
#1161=EDGE_LOOP('',(#348,#349,#350,#351));
#1162=EDGE_LOOP('',(#352,#353,#354,#355));
#1163=EDGE_LOOP('',(#356,#357,#358,#359));
#1164=EDGE_LOOP('',(#360,#361,#362,#363));
#1165=EDGE_LOOP('',(#364,#365,#366,#367));
#1166=EDGE_LOOP('',(#368,#369,#370,#371));
#1167=EDGE_LOOP('',(#372,#373,#374,#375));
#1168=EDGE_LOOP('',(#376,#377,#378,#379));
#1169=EDGE_LOOP('',(#380,#381,#382,#383));
#1170=EDGE_LOOP('',(#384,#385,#386,#387));
#1171=EDGE_LOOP('',(#388,#389,#390,#391));
#1172=EDGE_LOOP('',(#392,#393,#394,#395));
#1173=EDGE_LOOP('',(#396,#397,#398,#399));
#1174=EDGE_LOOP('',(#400,#401,#402,#403));
#1175=EDGE_LOOP('',(#404,#405,#406,#407));
#1176=EDGE_LOOP('',(#408,#409,#410,#411));
#1177=EDGE_LOOP('',(#412,#413,#414,#415));
#1178=EDGE_LOOP('',(#416,#417,#418,#419));
#1179=EDGE_LOOP('',(#420,#421,#422,#423));
#1180=EDGE_LOOP('',(#424,#425,#426,#427));
#1181=EDGE_LOOP('',(#428,#429,#430,#431));
#1182=FACE_BOUND('',#1099,.T.);
#1183=FACE_BOUND('',#1100,.T.);
#1184=FACE_BOUND('',#1101,.T.);
#1185=FACE_BOUND('',#1102,.T.);
#1186=FACE_BOUND('',#1103,.T.);
#1187=FACE_BOUND('',#1104,.T.);
#1188=FACE_BOUND('',#1105,.T.);
#1189=FACE_BOUND('',#1106,.T.);
#1190=FACE_BOUND('',#1107,.T.);
#1191=FACE_BOUND('',#1108,.T.);
#1192=FACE_BOUND('',#1109,.T.);
#1193=FACE_BOUND('',#1110,.T.);
#1194=FACE_BOUND('',#1111,.T.);
#1195=FACE_BOUND('',#1112,.T.);
#1196=FACE_BOUND('',#1113,.T.);
#1197=FACE_BOUND('',#1114,.T.);
#1198=FACE_BOUND('',#1115,.T.);
#1199=FACE_BOUND('',#1116,.T.);
#1200=FACE_BOUND('',#1117,.T.);
#1201=FACE_BOUND('',#1118,.T.);
#1202=FACE_BOUND('',#1119,.T.);
#1203=FACE_BOUND('',#1120,.T.);
#1204=FACE_BOUND('',#1121,.T.);
#1205=FACE_BOUND('',#1122,.T.);
#1206=FACE_BOUND('',#1123,.T.);
#1207=FACE_BOUND('',#1124,.T.);
#1208=FACE_BOUND('',#1125,.T.);
#1209=FACE_BOUND('',#1126,.T.);
#1210=FACE_BOUND('',#1127,.T.);
#1211=FACE_BOUND('',#1128,.T.);
#1212=FACE_BOUND('',#1129,.T.);
#1213=FACE_BOUND('',#1130,.T.);
#1214=FACE_BOUND('',#1131,.T.);
#1215=FACE_BOUND('',#1132,.T.);
#1216=FACE_BOUND('',#1133,.T.);
#1217=FACE_BOUND('',#1134,.T.);
#1218=FACE_BOUND('',#1135,.T.);
#1219=FACE_BOUND('',#1136,.T.);
#1220=FACE_BOUND('',#1137,.T.);
#1221=FACE_BOUND('',#1138,.T.);
#1222=FACE_BOUND('',#1139,.T.);
#1223=FACE_BOUND('',#1140,.T.);
#1224=FACE_BOUND('',#1141,.T.);
#1225=FACE_BOUND('',#1142,.T.);
#1226=FACE_BOUND('',#1143,.T.);
#1227=FACE_BOUND('',#1144,.T.);
#1228=FACE_BOUND('',#1145,.T.);
#1229=FACE_BOUND('',#1146,.T.);
#1230=FACE_BOUND('',#1147,.T.);
#1231=FACE_BOUND('',#1148,.T.);
#1232=FACE_BOUND('',#1149,.T.);
#1233=FACE_BOUND('',#1150,.T.);
#1234=FACE_BOUND('',#1151,.T.);
#1235=FACE_BOUND('',#1152,.T.);
#1236=FACE_BOUND('',#1153,.T.);
#1237=FACE_BOUND('',#1154,.T.);
#1238=FACE_BOUND('',#1155,.T.);
#1239=FACE_BOUND('',#1156,.T.);
#1240=FACE_BOUND('',#1157,.T.);
#1241=FACE_BOUND('',#1158,.T.);
#1242=FACE_BOUND('',#1159,.T.);
#1243=FACE_BOUND('',#1160,.T.);
#1244=FACE_BOUND('',#1161,.T.);
#1245=FACE_BOUND('',#1162,.T.);
#1246=FACE_BOUND('',#1163,.T.);
#1247=FACE_BOUND('',#1164,.T.);
#1248=FACE_BOUND('',#1165,.T.);
#1249=FACE_BOUND('',#1166,.T.);
#1250=FACE_BOUND('',#1167,.T.);
#1251=FACE_BOUND('',#1168,.T.);
#1252=FACE_BOUND('',#1169,.T.);
#1253=FACE_BOUND('',#1170,.T.);
#1254=FACE_BOUND('',#1171,.T.);
#1255=FACE_BOUND('',#1172,.T.);
#1256=FACE_BOUND('',#1173,.T.);
#1257=FACE_BOUND('',#1174,.T.);
#1258=FACE_BOUND('',#1175,.T.);
#1259=FACE_BOUND('',#1176,.T.);
#1260=FACE_BOUND('',#1177,.T.);
#1261=FACE_BOUND('',#1178,.T.);
#1262=FACE_BOUND('',#1179,.T.);
#1263=FACE_BOUND('',#1180,.T.);
#1264=FACE_BOUND('',#1181,.T.);
#1265=PLANE('',#1497);
#1266=PLANE('',#1498);
#1267=PLANE('',#1499);
#1268=PLANE('',#1500);
#1269=PLANE('',#1501);
#1270=PLANE('',#1502);
#1271=PLANE('',#1503);
#1272=PLANE('',#1504);
#1273=PLANE('',#1505);
#1274=PLANE('',#1508);
#1275=PLANE('',#1511);
#1276=PLANE('',#1512);
#1277=PLANE('',#1516);
#1278=PLANE('',#1518);
#1279=PLANE('',#1522);
#1280=PLANE('',#1523);
#1281=PLANE('',#1524);
#1282=PLANE('',#1525);
#1283=PLANE('',#1526);
#1284=PLANE('',#1527);
#1285=PLANE('',#1528);
#1286=PLANE('',#1530);
#1287=PLANE('',#1534);
#1288=PLANE('',#1536);
#1289=PLANE('',#1537);
#1290=PLANE('',#1538);
#1291=PLANE('',#1539);
#1292=PLANE('',#1540);
#1293=PLANE('',#1544);
#1294=PLANE('',#1545);
#1295=PLANE('',#1546);
#1296=PLANE('',#1548);
#1297=PLANE('',#1549);
#1298=PLANE('',#1550);
#1299=PLANE('',#1551);
#1300=PLANE('',#1552);
#1301=PLANE('',#1553);
#1302=PLANE('',#1554);
#1303=PLANE('',#1555);
#1304=PLANE('',#1556);
#1305=PLANE('',#1557);
#1306=PLANE('',#1558);
#1307=PLANE('',#1569);
#1308=PLANE('',#1570);
#1309=PLANE('',#1571);
#1310=PLANE('',#1572);
#1311=PLANE('',#1573);
#1312=PLANE('',#1574);
#1313=PLANE('',#1575);
#1314=PLANE('',#1576);
#1315=PLANE('',#1577);
#1316=PLANE('',#1578);
#1317=PLANE('',#1579);
#1318=PLANE('',#1580);
#1319=PLANE('',#1581);
#1320=PLANE('',#1582);
#1321=PLANE('',#1583);
#1322=PLANE('',#1584);
#1323=PLANE('',#1585);
#1324=PLANE('',#1586);
#1325=PLANE('',#1587);
#1326=PLANE('',#1588);
#1327=PLANE('',#1589);
#1328=PLANE('',#1590);
#1329=PLANE('',#1591);
#1330=PLANE('',#1592);
#1331=PLANE('',#1593);
#1332=PLANE('',#1594);
#1333=PLANE('',#1595);
#1334=OVER_RIDING_STYLED_ITEM('',(#1426),#1344,#1424);
#1335=OVER_RIDING_STYLED_ITEM('',(#1427),#1345,#1424);
#1336=OVER_RIDING_STYLED_ITEM('',(#1428),#1348,#1424);
#1337=OVER_RIDING_STYLED_ITEM('',(#1429),#1383,#1424);
#1338=OVER_RIDING_STYLED_ITEM('',(#1430),#1384,#1424);
#1339=OVER_RIDING_STYLED_ITEM('',(#1431),#1385,#1424);
#1340=OVER_RIDING_STYLED_ITEM('',(#1432),#1386,#1424);
#1341=OVER_RIDING_STYLED_ITEM('',(#1433),#1387,#1424);
#1342=OVER_RIDING_STYLED_ITEM('',(#1434),#1388,#1424);
#1343=OVER_RIDING_STYLED_ITEM('',(#1435),#1389,#1424);
#1344=ADVANCED_FACE('Face appearance 2',(#1182),#1265,.T.);
#1345=ADVANCED_FACE('Face appearance 2',(#1183),#1266,.F.);
#1346=ADVANCED_FACE('',(#1184),#1267,.T.);
#1347=ADVANCED_FACE('',(#1185),#1268,.F.);
#1348=ADVANCED_FACE('Face appearance 1',(#1186),#1269,.T.);
#1349=ADVANCED_FACE('',(#1187,#1188),#1270,.F.);
#1350=ADVANCED_FACE('',(#1189,#1190,#1191,#1192),#1271,.F.);
#1351=ADVANCED_FACE('',(#1193),#1272,.T.);
#1352=ADVANCED_FACE('',(#1194),#1273,.F.);
#1353=ADVANCED_FACE('',(#1195),#1274,.T.);
#1354=ADVANCED_FACE('',(#1196),#1275,.T.);
#1355=ADVANCED_FACE('',(#1197),#1276,.T.);
#1356=ADVANCED_FACE('',(#1198),#16,.F.);
#1357=ADVANCED_FACE('',(#1199),#1277,.F.);
#1358=ADVANCED_FACE('',(#1200),#1278,.T.);
#1359=ADVANCED_FACE('',(#1201),#17,.F.);
#1360=ADVANCED_FACE('',(#1202),#1279,.F.);
#1361=ADVANCED_FACE('',(#1203),#1280,.F.);
#1362=ADVANCED_FACE('',(#1204),#1281,.T.);
#1363=ADVANCED_FACE('',(#1205),#1282,.T.);
#1364=ADVANCED_FACE('',(#1206),#1283,.F.);
#1365=ADVANCED_FACE('',(#1207),#1284,.F.);
#1366=ADVANCED_FACE('',(#1208),#1285,.F.);
#1367=ADVANCED_FACE('',(#1209),#1286,.F.);
#1368=ADVANCED_FACE('',(#1210),#18,.F.);
#1369=ADVANCED_FACE('',(#1211),#1287,.F.);
#1370=ADVANCED_FACE('',(#1212),#1288,.F.);
#1371=ADVANCED_FACE('',(#1213),#1289,.F.);
#1372=ADVANCED_FACE('',(#1214),#1290,.F.);
#1373=ADVANCED_FACE('',(#1215),#1291,.T.);
#1374=ADVANCED_FACE('',(#1216),#1292,.T.);
#1375=ADVANCED_FACE('',(#1217),#19,.F.);
#1376=ADVANCED_FACE('',(#1218),#1293,.F.);
#1377=ADVANCED_FACE('',(#1219),#1294,.T.);
#1378=ADVANCED_FACE('',(#1220),#1295,.F.);
#1379=ADVANCED_FACE('',(#1221),#1296,.T.);
#1380=ADVANCED_FACE('',(#1222),#1297,.F.);
#1381=ADVANCED_FACE('',(#1223),#1298,.F.);
#1382=ADVANCED_FACE('',(#1224),#1299,.T.);
#1383=ADVANCED_FACE('Face appearance 1',(#1225),#1300,.T.);
#1384=ADVANCED_FACE('Face appearance 2',(#1226),#1301,.F.);
#1385=ADVANCED_FACE('Face appearance 2',(#1227),#1302,.F.);
#1386=ADVANCED_FACE('Face appearance 2',(#1228),#1303,.T.);
#1387=ADVANCED_FACE('Face appearance 2',(#1229),#1304,.F.);
#1388=ADVANCED_FACE('Face appearance 3',(#1230),#1305,.T.);
#1389=ADVANCED_FACE('Face appearance 3',(#1231),#1306,.T.);
#1390=ADVANCED_FACE('',(#1232),#20,.T.);
#1391=ADVANCED_FACE('',(#1233),#21,.T.);
#1392=ADVANCED_FACE('',(#1234),#22,.T.);
#1393=ADVANCED_FACE('',(#1235),#23,.T.);
#1394=ADVANCED_FACE('',(#1236),#24,.T.);
#1395=ADVANCED_FACE('',(#1237),#25,.T.);
#1396=ADVANCED_FACE('',(#1238),#1307,.T.);
#1397=ADVANCED_FACE('',(#1239),#1308,.F.);
#1398=ADVANCED_FACE('',(#1240),#1309,.F.);
#1399=ADVANCED_FACE('',(#1241),#1310,.T.);
#1400=ADVANCED_FACE('',(#1242),#1311,.T.);
#1401=ADVANCED_FACE('',(#1243),#1312,.T.);
#1402=ADVANCED_FACE('',(#1244),#1313,.F.);
#1403=ADVANCED_FACE('',(#1245),#1314,.F.);
#1404=ADVANCED_FACE('',(#1246),#1315,.T.);
#1405=ADVANCED_FACE('',(#1247),#1316,.T.);
#1406=ADVANCED_FACE('',(#1248),#1317,.T.);
#1407=ADVANCED_FACE('',(#1249),#1318,.F.);
#1408=ADVANCED_FACE('',(#1250),#1319,.F.);
#1409=ADVANCED_FACE('',(#1251),#1320,.T.);
#1410=ADVANCED_FACE('',(#1252),#1321,.T.);
#1411=ADVANCED_FACE('',(#1253),#1322,.T.);
#1412=ADVANCED_FACE('',(#1254),#1323,.F.);
#1413=ADVANCED_FACE('',(#1255),#1324,.T.);
#1414=ADVANCED_FACE('',(#1256),#1325,.F.);
#1415=ADVANCED_FACE('',(#1257),#1326,.T.);
#1416=ADVANCED_FACE('',(#1258),#1327,.F.);
#1417=ADVANCED_FACE('',(#1259),#1328,.T.);
#1418=ADVANCED_FACE('',(#1260),#1329,.F.);
#1419=ADVANCED_FACE('',(#1261),#1330,.T.);
#1420=ADVANCED_FACE('',(#1262),#1331,.F.);
#1421=ADVANCED_FACE('',(#1263),#1332,.T.);
#1422=ADVANCED_FACE('',(#1264),#1333,.F.);
#1423=CLOSED_SHELL('',(#1344,#1345,#1346,#1347,#1348,#1349,#1350,#1351,
#1352,#1353,#1354,#1355,#1356,#1357,#1358,#1359,#1360,#1361,#1362,#1363,
#1364,#1365,#1366,#1367,#1368,#1369,#1370,#1371,#1372,#1373,#1374,#1375,
#1376,#1377,#1378,#1379,#1380,#1381,#1382,#1383,#1384,#1385,#1386,#1387,
#1388,#1389,#1390,#1391,#1392,#1393,#1394,#1395,#1396,#1397,#1398,#1399,
#1400,#1401,#1402,#1403,#1404,#1405,#1406,#1407,#1408,#1409,#1410,#1411,
#1412,#1413,#1414,#1415,#1416,#1417,#1418,#1419,#1420,#1421,#1422));
#1424=STYLED_ITEM('',(#1425),#1493);
#1425=PRESENTATION_STYLE_ASSIGNMENT((#1436));
#1426=PRESENTATION_STYLE_ASSIGNMENT((#1437));
#1427=PRESENTATION_STYLE_ASSIGNMENT((#1438));
#1428=PRESENTATION_STYLE_ASSIGNMENT((#1439));
#1429=PRESENTATION_STYLE_ASSIGNMENT((#1440));
#1430=PRESENTATION_STYLE_ASSIGNMENT((#1441));
#1431=PRESENTATION_STYLE_ASSIGNMENT((#1442));
#1432=PRESENTATION_STYLE_ASSIGNMENT((#1443));
#1433=PRESENTATION_STYLE_ASSIGNMENT((#1444));
#1434=PRESENTATION_STYLE_ASSIGNMENT((#1445));
#1435=PRESENTATION_STYLE_ASSIGNMENT((#1446));
#1436=SURFACE_STYLE_USAGE(.BOTH.,#1447);
#1437=SURFACE_STYLE_USAGE(.BOTH.,#1448);
#1438=SURFACE_STYLE_USAGE(.BOTH.,#1449);
#1439=SURFACE_STYLE_USAGE(.BOTH.,#1450);
#1440=SURFACE_STYLE_USAGE(.BOTH.,#1451);
#1441=SURFACE_STYLE_USAGE(.BOTH.,#1452);
#1442=SURFACE_STYLE_USAGE(.BOTH.,#1453);
#1443=SURFACE_STYLE_USAGE(.BOTH.,#1454);
#1444=SURFACE_STYLE_USAGE(.BOTH.,#1455);
#1445=SURFACE_STYLE_USAGE(.BOTH.,#1456);
#1446=SURFACE_STYLE_USAGE(.BOTH.,#1457);
#1447=SURFACE_SIDE_STYLE('',(#1458));
#1448=SURFACE_SIDE_STYLE('',(#1459));
#1449=SURFACE_SIDE_STYLE('',(#1460));
#1450=SURFACE_SIDE_STYLE('',(#1461));
#1451=SURFACE_SIDE_STYLE('',(#1462));
#1452=SURFACE_SIDE_STYLE('',(#1463));
#1453=SURFACE_SIDE_STYLE('',(#1464));
#1454=SURFACE_SIDE_STYLE('',(#1465));
#1455=SURFACE_SIDE_STYLE('',(#1466));
#1456=SURFACE_SIDE_STYLE('',(#1467));
#1457=SURFACE_SIDE_STYLE('',(#1468));
#1458=SURFACE_STYLE_FILL_AREA(#1469);
#1459=SURFACE_STYLE_FILL_AREA(#1470);
#1460=SURFACE_STYLE_FILL_AREA(#1471);
#1461=SURFACE_STYLE_FILL_AREA(#1472);
#1462=SURFACE_STYLE_FILL_AREA(#1473);
#1463=SURFACE_STYLE_FILL_AREA(#1474);
#1464=SURFACE_STYLE_FILL_AREA(#1475);
#1465=SURFACE_STYLE_FILL_AREA(#1476);
#1466=SURFACE_STYLE_FILL_AREA(#1477);
#1467=SURFACE_STYLE_FILL_AREA(#1478);
#1468=SURFACE_STYLE_FILL_AREA(#1479);
#1469=FILL_AREA_STYLE('',(#1480));
#1470=FILL_AREA_STYLE('',(#1481));
#1471=FILL_AREA_STYLE('',(#1482));
#1472=FILL_AREA_STYLE('',(#1483));
#1473=FILL_AREA_STYLE('',(#1484));
#1474=FILL_AREA_STYLE('',(#1485));
#1475=FILL_AREA_STYLE('',(#1486));
#1476=FILL_AREA_STYLE('',(#1487));
#1477=FILL_AREA_STYLE('',(#1488));
#1478=FILL_AREA_STYLE('',(#1489));
#1479=FILL_AREA_STYLE('',(#1490));
#1480=FILL_AREA_STYLE_COLOUR('',#1491);
#1481=FILL_AREA_STYLE_COLOUR('',#1492);
#1482=FILL_AREA_STYLE_COLOUR('',#1492);
#1483=FILL_AREA_STYLE_COLOUR('',#1492);
#1484=FILL_AREA_STYLE_COLOUR('',#1492);
#1485=FILL_AREA_STYLE_COLOUR('',#1492);
#1486=FILL_AREA_STYLE_COLOUR('',#1492);
#1487=FILL_AREA_STYLE_COLOUR('',#1492);
#1488=FILL_AREA_STYLE_COLOUR('',#1492);
#1489=FILL_AREA_STYLE_COLOUR('',#1492);
#1490=FILL_AREA_STYLE_COLOUR('',#1492);
#1491=COLOUR_RGB('',0.917647058823529,0.917647058823529,0.917647058823529);
#1492=COLOUR_RGB('',0.4,0.4,0.4);
#1493=MANIFOLD_SOLID_BREP('SK12D07VG5 Slide Switch SPDT',#1423);
#1494=SHAPE_DEFINITION_REPRESENTATION(#2374,#1495);
#1495=SHAPE_REPRESENTATION('SK12D07VG5 Slide Switch SPDT',(#1496),#2369);
#1496=AXIS2_PLACEMENT_3D('',#1971,#1596,#1597);
#1497=AXIS2_PLACEMENT_3D('',#1972,#1598,#1599);
#1498=AXIS2_PLACEMENT_3D('',#1987,#1607,#1608);
#1499=AXIS2_PLACEMENT_3D('',#1993,#1612,#1613);
#1500=AXIS2_PLACEMENT_3D('',#2001,#1618,#1619);
#1501=AXIS2_PLACEMENT_3D('',#2010,#1624,#1625);
#1502=AXIS2_PLACEMENT_3D('',#2013,#1628,#1629);
#1503=AXIS2_PLACEMENT_3D('',#2038,#1643,#1644);
#1504=AXIS2_PLACEMENT_3D('',#2079,#1665,#1666);
#1505=AXIS2_PLACEMENT_3D('',#2096,#1675,#1676);
#1506=AXIS2_PLACEMENT_3D('',#2100,#1679,#1680);
#1507=AXIS2_PLACEMENT_3D('',#2112,#1686,#1687);
#1508=AXIS2_PLACEMENT_3D('',#2115,#1689,#1690);
#1509=AXIS2_PLACEMENT_3D('',#2119,#1693,#1694);
#1510=AXIS2_PLACEMENT_3D('',#2131,#1700,#1701);
#1511=AXIS2_PLACEMENT_3D('',#2134,#1703,#1704);
#1512=AXIS2_PLACEMENT_3D('',#2143,#1709,#1710);
#1513=AXIS2_PLACEMENT_3D('',#2147,#1713,#1714);
#1514=AXIS2_PLACEMENT_3D('',#2150,#1716,#1717);
#1515=AXIS2_PLACEMENT_3D('',#2151,#1718,#1719);
#1516=AXIS2_PLACEMENT_3D('',#2152,#1720,#1721);
#1517=AXIS2_PLACEMENT_3D('',#2153,#1722,#1723);
#1518=AXIS2_PLACEMENT_3D('',#2154,#1724,#1725);
#1519=AXIS2_PLACEMENT_3D('',#2158,#1728,#1729);
#1520=AXIS2_PLACEMENT_3D('',#2161,#1731,#1732);
#1521=AXIS2_PLACEMENT_3D('',#2162,#1733,#1734);
#1522=AXIS2_PLACEMENT_3D('',#2165,#1736,#1737);
#1523=AXIS2_PLACEMENT_3D('',#2169,#1740,#1741);
#1524=AXIS2_PLACEMENT_3D('',#2173,#1744,#1745);
#1525=AXIS2_PLACEMENT_3D('',#2177,#1748,#1749);
#1526=AXIS2_PLACEMENT_3D('',#2179,#1751,#1752);
#1527=AXIS2_PLACEMENT_3D('',#2180,#1753,#1754);
#1528=AXIS2_PLACEMENT_3D('',#2182,#1756,#1757);
#1529=AXIS2_PLACEMENT_3D('',#2183,#1758,#1759);
#1530=AXIS2_PLACEMENT_3D('',#2184,#1760,#1761);
#1531=AXIS2_PLACEMENT_3D('',#2188,#1764,#1765);
#1532=AXIS2_PLACEMENT_3D('',#2189,#1766,#1767);
#1533=AXIS2_PLACEMENT_3D('',#2190,#1768,#1769);
#1534=AXIS2_PLACEMENT_3D('',#2193,#1771,#1772);
#1535=AXIS2_PLACEMENT_3D('',#2194,#1773,#1774);
#1536=AXIS2_PLACEMENT_3D('',#2195,#1775,#1776);
#1537=AXIS2_PLACEMENT_3D('',#2199,#1779,#1780);
#1538=AXIS2_PLACEMENT_3D('',#2203,#1783,#1784);
#1539=AXIS2_PLACEMENT_3D('',#2207,#1787,#1788);
#1540=AXIS2_PLACEMENT_3D('',#2211,#1791,#1792);
#1541=AXIS2_PLACEMENT_3D('',#2215,#1795,#1796);
#1542=AXIS2_PLACEMENT_3D('',#2216,#1797,#1798);
#1543=AXIS2_PLACEMENT_3D('',#2217,#1799,#1800);
#1544=AXIS2_PLACEMENT_3D('',#2220,#1802,#1803);
#1545=AXIS2_PLACEMENT_3D('',#2221,#1804,#1805);
#1546=AXIS2_PLACEMENT_3D('',#2223,#1807,#1808);
#1547=AXIS2_PLACEMENT_3D('',#2224,#1809,#1810);
#1548=AXIS2_PLACEMENT_3D('',#2225,#1811,#1812);
#1549=AXIS2_PLACEMENT_3D('',#2231,#1816,#1817);
#1550=AXIS2_PLACEMENT_3D('',#2235,#1820,#1821);
#1551=AXIS2_PLACEMENT_3D('',#2239,#1824,#1825);
#1552=AXIS2_PLACEMENT_3D('',#2240,#1826,#1827);
#1553=AXIS2_PLACEMENT_3D('',#2242,#1829,#1830);
#1554=AXIS2_PLACEMENT_3D('',#2251,#1836,#1837);
#1555=AXIS2_PLACEMENT_3D('',#2254,#1840,#1841);
#1556=AXIS2_PLACEMENT_3D('',#2255,#1842,#1843);
#1557=AXIS2_PLACEMENT_3D('',#2256,#1844,#1845);
#1558=AXIS2_PLACEMENT_3D('',#2258,#1847,#1848);
#1559=AXIS2_PLACEMENT_3D('',#2259,#1849,#1850);
#1560=AXIS2_PLACEMENT_3D('',#2260,#1851,#1852);
#1561=AXIS2_PLACEMENT_3D('',#2261,#1853,#1854);
#1562=AXIS2_PLACEMENT_3D('',#2262,#1855,#1856);
#1563=AXIS2_PLACEMENT_3D('',#2263,#1857,#1858);
#1564=AXIS2_PLACEMENT_3D('',#2264,#1859,#1860);
#1565=AXIS2_PLACEMENT_3D('',#2265,#1861,#1862);
#1566=AXIS2_PLACEMENT_3D('',#2266,#1863,#1864);
#1567=AXIS2_PLACEMENT_3D('',#2267,#1865,#1866);
#1568=AXIS2_PLACEMENT_3D('',#2268,#1867,#1868);
#1569=AXIS2_PLACEMENT_3D('',#2269,#1869,#1870);
#1570=AXIS2_PLACEMENT_3D('',#2275,#1874,#1875);
#1571=AXIS2_PLACEMENT_3D('',#2279,#1878,#1879);
#1572=AXIS2_PLACEMENT_3D('',#2283,#1882,#1883);
#1573=AXIS2_PLACEMENT_3D('',#2285,#1885,#1886);
#1574=AXIS2_PLACEMENT_3D('',#2294,#1891,#1892);
#1575=AXIS2_PLACEMENT_3D('',#2300,#1896,#1897);
#1576=AXIS2_PLACEMENT_3D('',#2304,#1900,#1901);
#1577=AXIS2_PLACEMENT_3D('',#2308,#1904,#1905);
#1578=AXIS2_PLACEMENT_3D('',#2310,#1907,#1908);
#1579=AXIS2_PLACEMENT_3D('',#2319,#1913,#1914);
#1580=AXIS2_PLACEMENT_3D('',#2325,#1918,#1919);
#1581=AXIS2_PLACEMENT_3D('',#2329,#1922,#1923);
#1582=AXIS2_PLACEMENT_3D('',#2333,#1926,#1927);
#1583=AXIS2_PLACEMENT_3D('',#2335,#1929,#1930);
#1584=AXIS2_PLACEMENT_3D('',#2344,#1935,#1936);
#1585=AXIS2_PLACEMENT_3D('',#2347,#1939,#1940);
#1586=AXIS2_PLACEMENT_3D('',#2349,#1942,#1943);
#1587=AXIS2_PLACEMENT_3D('',#2351,#1945,#1946);
#1588=AXIS2_PLACEMENT_3D('',#2352,#1947,#1948);
#1589=AXIS2_PLACEMENT_3D('',#2355,#1951,#1952);
#1590=AXIS2_PLACEMENT_3D('',#2357,#1954,#1955);
#1591=AXIS2_PLACEMENT_3D('',#2359,#1957,#1958);
#1592=AXIS2_PLACEMENT_3D('',#2360,#1959,#1960);
#1593=AXIS2_PLACEMENT_3D('',#2363,#1963,#1964);
#1594=AXIS2_PLACEMENT_3D('',#2365,#1966,#1967);
#1595=AXIS2_PLACEMENT_3D('',#2367,#1969,#1970);
#1596=DIRECTION('',(0.,0.,1.));
#1597=DIRECTION('',(1.,0.,0.));
#1598=DIRECTION('',(0.,0.,1.));
#1599=DIRECTION('',(1.,0.,0.));
#1600=DIRECTION('',(-1.,0.,0.));
#1601=DIRECTION('',(0.707106781186548,0.707106781186548,0.));
#1602=DIRECTION('',(0.707106781186547,-0.707106781186548,0.));
#1603=DIRECTION('',(-1.,0.,0.));
#1604=DIRECTION('',(0.,1.,0.));
#1605=DIRECTION('',(1.,0.,0.));
#1606=DIRECTION('',(0.,1.,0.));
#1607=DIRECTION('',(0.,1.,0.));
#1608=DIRECTION('',(0.,0.,1.));
#1609=DIRECTION('',(0.,0.,1.));
#1610=DIRECTION('',(-1.,0.,0.));
#1611=DIRECTION('',(1.0842021724855E-16,0.,1.));
#1612=DIRECTION('',(0.,0.,-1.));
#1613=DIRECTION('',(-1.,0.,0.));
#1614=DIRECTION('',(1.,0.,0.));
#1615=DIRECTION('',(0.,1.,0.));
#1616=DIRECTION('',(1.,0.,0.));
#1617=DIRECTION('',(0.,-1.,0.));
#1618=DIRECTION('',(0.,0.,-1.));
#1619=DIRECTION('',(-1.,0.,0.));
#1620=DIRECTION('',(0.,1.,0.));
#1621=DIRECTION('',(1.,0.,0.));
#1622=DIRECTION('',(0.,-1.,0.));
#1623=DIRECTION('',(1.,0.,0.));
#1624=DIRECTION('',(0.,-1.,0.));
#1625=DIRECTION('',(1.,0.,0.));
#1626=DIRECTION('',(-1.0842021724855E-16,0.,-1.));
#1627=DIRECTION('',(-2.16840434497101E-16,0.,-1.));
#1628=DIRECTION('',(0.,1.,0.));
#1629=DIRECTION('',(0.,0.,1.));
#1630=DIRECTION('',(1.,0.,0.));
#1631=DIRECTION('',(0.,0.,1.));
#1632=DIRECTION('',(1.,-1.97127667724637E-16,0.));
#1633=DIRECTION('',(0.,0.,-1.));
#1634=DIRECTION('',(1.,0.,0.));
#1635=DIRECTION('',(0.,0.,-1.));
#1636=DIRECTION('',(-1.,-1.97127667724637E-16,0.));
#1637=DIRECTION('',(0.,0.,1.));
#1638=DIRECTION('',(1.,0.,0.));
#1639=DIRECTION('',(-2.16840434497101E-16,0.,-1.));
#1640=DIRECTION('',(1.,0.,0.));
#1641=DIRECTION('',(1.,0.,0.));
#1642=DIRECTION('',(-2.16840434497101E-16,0.,-1.));
#1643=DIRECTION('',(0.,0.,1.));
#1644=DIRECTION('',(1.,0.,0.));
#1645=DIRECTION('',(0.,1.,0.));
#1646=DIRECTION('',(1.,0.,0.));
#1647=DIRECTION('',(0.,1.,0.));
#1648=DIRECTION('',(1.,0.,0.));
#1649=DIRECTION('',(0.,1.,0.));
#1650=DIRECTION('',(1.,0.,0.));
#1651=DIRECTION('',(0.,1.,0.));
#1652=DIRECTION('',(1.,0.,0.));
#1653=DIRECTION('',(-2.16840434497101E-16,1.,0.));
#1654=DIRECTION('',(1.,0.,0.));
#1655=DIRECTION('',(-2.16840434497101E-16,1.,0.));
#1656=DIRECTION('',(1.,0.,0.));
#1657=DIRECTION('',(1.97127667724637E-16,-1.,0.));
#1658=DIRECTION('',(1.,0.,0.));
#1659=DIRECTION('',(-1.97127667724637E-16,-1.,0.));
#1660=DIRECTION('',(-1.97127667724637E-16,-1.,0.));
#1661=DIRECTION('',(-1.97127667724637E-16,-1.,0.));
#1662=DIRECTION('',(1.,0.,0.));
#1663=DIRECTION('',(1.97127667724637E-16,-1.,0.));
#1664=DIRECTION('',(1.97127667724637E-16,-1.,0.));
#1665=DIRECTION('',(0.,1.,0.));
#1666=DIRECTION('',(0.,0.,1.));
#1667=DIRECTION('',(0.,0.,1.));
#1668=DIRECTION('',(1.,0.,0.));
#1669=DIRECTION('',(0.,0.,1.));
#1670=DIRECTION('',(-1.,-1.97127667724637E-16,0.));
#1671=DIRECTION('',(0.,0.,-1.));
#1672=DIRECTION('',(1.,0.,0.));
#1673=DIRECTION('',(0.,0.,-1.));
#1674=DIRECTION('',(1.,-1.97127667724637E-16,0.));
#1675=DIRECTION('',(1.,-1.97127667724637E-16,0.));
#1676=DIRECTION('',(1.97127667724637E-16,1.,0.));
#1677=DIRECTION('',(-1.97127667724637E-16,-1.,0.));
#1678=DIRECTION('',(-1.97127667724637E-16,1.,1.22464679914735E-16));
#1679=DIRECTION('',(-1.,-1.97127667724637E-16,0.));
#1680=DIRECTION('',(-1.97127667724637E-16,1.,0.));
#1681=DIRECTION('',(3.63283691028331E-17,-0.184288535050185,0.982872186934322));
#1682=DIRECTION('',(-8.08942317583993E-17,0.410364677328798,0.911921505175106));
#1683=DIRECTION('',(-1.97127667724637E-16,1.,0.));
#1684=DIRECTION('',(8.08942317583993E-17,-0.410364677328798,0.911921505175106));
#1685=DIRECTION('',(-3.63283691028331E-17,0.184288535050185,0.982872186934322));
#1686=DIRECTION('',(1.,1.97127667724637E-16,0.));
#1687=DIRECTION('',(-1.97127667724637E-16,1.,0.));
#1688=DIRECTION('',(1.97127667724637E-16,-1.,1.22464679914735E-16));
#1689=DIRECTION('',(1.,-1.97127667724637E-16,0.));
#1690=DIRECTION('',(1.97127667724637E-16,1.,0.));
#1691=DIRECTION('',(-1.97127667724637E-16,-1.,0.));
#1692=DIRECTION('',(-1.97127667724637E-16,-1.,1.22464679914735E-16));
#1693=DIRECTION('',(1.,-1.97127667724637E-16,0.));
#1694=DIRECTION('',(1.97127667724637E-16,1.,0.));
#1695=DIRECTION('',(3.63283691028331E-17,0.184288535050185,0.982872186934322));
#1696=DIRECTION('',(-8.08942317583993E-17,-0.410364677328798,0.911921505175106));
#1697=DIRECTION('',(1.97127667724637E-16,1.,0.));
#1698=DIRECTION('',(8.08942317583993E-17,0.410364677328798,0.911921505175106));
#1699=DIRECTION('',(-3.63283691028331E-17,-0.184288535050185,0.982872186934322));
#1700=DIRECTION('',(-1.,1.97127667724637E-16,0.));
#1701=DIRECTION('',(1.97127667724637E-16,1.,0.));
#1702=DIRECTION('',(1.97127667724637E-16,1.,1.22464679914735E-16));
#1703=DIRECTION('',(0.,0.,1.));
#1704=DIRECTION('',(1.,0.,0.));
#1705=DIRECTION('',(-1.97127667724637E-16,-1.,0.));
#1706=DIRECTION('',(1.,0.,0.));
#1707=DIRECTION('',(-1.97127667724637E-16,-1.,0.));
#1708=DIRECTION('',(1.,0.,0.));
#1709=DIRECTION('',(2.4141176730236E-32,1.22464679914735E-16,-1.));
#1710=DIRECTION('',(0.,1.,1.22464679914735E-16));
#1711=DIRECTION('',(1.,-1.97127667724637E-16,0.));
#1712=DIRECTION('',(1.97127667724637E-16,1.,1.22464679914735E-16));
#1713=DIRECTION('',(1.,-1.97127667724637E-16,0.));
#1714=DIRECTION('',(1.97127667724637E-16,1.,0.));
#1715=DIRECTION('',(1.,-1.97127667724637E-16,0.));
#1716=DIRECTION('',(-1.,1.97127667724637E-16,0.));
#1717=DIRECTION('',(1.97127667724637E-16,1.,0.));
#1718=DIRECTION('',(-1.,1.97127667724637E-16,0.));
#1719=DIRECTION('',(1.97127667724637E-16,1.,0.));
#1720=DIRECTION('',(1.,-1.97127667724637E-16,0.));
#1721=DIRECTION('',(1.97127667724637E-16,1.,0.));
#1722=DIRECTION('',(1.,-1.97127667724637E-16,0.));
#1723=DIRECTION('',(1.97127667724637E-16,1.,0.));
#1724=DIRECTION('',(1.93751301881776E-16,0.982872186934322,0.184288535050185));
#1725=DIRECTION('',(0.,-0.184288535050185,0.982872186934322));
#1726=DIRECTION('',(1.,-1.97127667724637E-16,0.));
#1727=DIRECTION('',(-3.63283691028331E-17,-0.184288535050185,0.982872186934322));
#1728=DIRECTION('',(1.,-1.97127667724637E-16,0.));
#1729=DIRECTION('',(1.97127667724637E-16,1.,0.));
#1730=DIRECTION('',(1.,-1.97127667724637E-16,0.));
#1731=DIRECTION('',(1.,-1.97127667724637E-16,0.));
#1732=DIRECTION('',(1.97127667724637E-16,1.,0.));
#1733=DIRECTION('',(1.,-1.97127667724637E-16,0.));
#1734=DIRECTION('',(1.97127667724637E-16,1.,0.));
#1735=DIRECTION('',(1.,-1.97127667724637E-16,0.));
#1736=DIRECTION('',(1.93751301881776E-16,0.982872186934322,-0.184288535050185));
#1737=DIRECTION('',(0.,0.184288535050185,0.982872186934322));
#1738=DIRECTION('',(3.63283691028331E-17,0.184288535050185,0.982872186934322));
#1739=DIRECTION('',(1.,-1.97127667724637E-16,0.));
#1740=DIRECTION('',(1.79764959463109E-16,0.911921505175106,0.410364677328798));
#1741=DIRECTION('',(0.,-0.410364677328798,0.911921505175107));
#1742=DIRECTION('',(-8.08942317583993E-17,-0.410364677328798,0.911921505175106));
#1743=DIRECTION('',(1.,-1.97127667724637E-16,0.));
#1744=DIRECTION('',(0.,0.,-1.));
#1745=DIRECTION('',(-1.,0.,0.));
#1746=DIRECTION('',(1.97127667724637E-16,1.,0.));
#1747=DIRECTION('',(1.,-1.97127667724637E-16,0.));
#1748=DIRECTION('',(1.79764959463109E-16,0.911921505175106,-0.410364677328798));
#1749=DIRECTION('',(0.,0.410364677328798,0.911921505175107));
#1750=DIRECTION('',(8.08942317583993E-17,0.410364677328798,0.911921505175106));
#1751=DIRECTION('',(1.,-1.97127667724637E-16,0.));
#1752=DIRECTION('',(1.97127667724637E-16,1.,0.));
#1753=DIRECTION('',(2.4141176730236E-32,1.22464679914735E-16,1.));
#1754=DIRECTION('',(0.,-1.,1.22464679914735E-16));
#1755=DIRECTION('',(-1.97127667724637E-16,-1.,1.22464679914735E-16));
#1756=DIRECTION('',(1.,-1.97127667724637E-16,0.));
#1757=DIRECTION('',(1.97127667724637E-16,1.,0.));
#1758=DIRECTION('',(1.,-1.97127667724637E-16,0.));
#1759=DIRECTION('',(1.97127667724637E-16,1.,0.));
#1760=DIRECTION('',(2.4141176730236E-32,-1.22464679914735E-16,1.));
#1761=DIRECTION('',(0.,-1.,-1.22464679914735E-16));
#1762=DIRECTION('',(-1.97127667724637E-16,1.,1.22464679914735E-16));
#1763=DIRECTION('',(-1.,-1.97127667724637E-16,0.));
#1764=DIRECTION('',(-1.,-1.97127667724637E-16,0.));
#1765=DIRECTION('',(1.97127667724637E-16,-1.,0.));
#1766=DIRECTION('',(-1.,-1.97127667724637E-16,0.));
#1767=DIRECTION('',(-1.97127667724637E-16,1.,0.));
#1768=DIRECTION('',(-1.,-1.97127667724637E-16,0.));
#1769=DIRECTION('',(-1.97127667724637E-16,1.,0.));
#1770=DIRECTION('',(-1.,-1.97127667724637E-16,0.));
#1771=DIRECTION('',(-1.,-1.97127667724637E-16,0.));
#1772=DIRECTION('',(-1.97127667724637E-16,1.,0.));
#1773=DIRECTION('',(-1.,-1.97127667724637E-16,0.));
#1774=DIRECTION('',(1.97127667724637E-16,-1.,0.));
#1775=DIRECTION('',(1.93751301881776E-16,-0.982872186934322,-0.184288535050185));
#1776=DIRECTION('',(0.,0.184288535050185,-0.982872186934322));
#1777=DIRECTION('',(3.63283691028331E-17,-0.184288535050185,0.982872186934322));
#1778=DIRECTION('',(-1.,-1.97127667724637E-16,0.));
#1779=DIRECTION('',(1.79764959463109E-16,-0.911921505175106,0.410364677328798));
#1780=DIRECTION('',(0.,-0.410364677328798,-0.911921505175107));
#1781=DIRECTION('',(-8.08942317583993E-17,0.410364677328798,0.911921505175106));
#1782=DIRECTION('',(-1.,-1.97127667724637E-16,0.));
#1783=DIRECTION('',(0.,0.,1.));
#1784=DIRECTION('',(1.,0.,0.));
#1785=DIRECTION('',(-1.97127667724637E-16,1.,0.));
#1786=DIRECTION('',(-1.,-1.97127667724637E-16,0.));
#1787=DIRECTION('',(1.79764959463109E-16,-0.911921505175106,-0.410364677328798));
#1788=DIRECTION('',(0.,0.410364677328798,-0.911921505175107));
#1789=DIRECTION('',(8.08942317583993E-17,-0.410364677328798,0.911921505175106));
#1790=DIRECTION('',(-1.,-1.97127667724637E-16,0.));
#1791=DIRECTION('',(1.93751301881776E-16,-0.982872186934322,0.184288535050185));
#1792=DIRECTION('',(0.,-0.184288535050185,-0.982872186934322));
#1793=DIRECTION('',(-3.63283691028331E-17,0.184288535050185,0.982872186934322));
#1794=DIRECTION('',(-1.,-1.97127667724637E-16,0.));
#1795=DIRECTION('',(-1.,-1.97127667724637E-16,0.));
#1796=DIRECTION('',(1.97127667724637E-16,-1.,0.));
#1797=DIRECTION('',(1.,1.97127667724637E-16,0.));
#1798=DIRECTION('',(-1.97127667724637E-16,1.,0.));
#1799=DIRECTION('',(1.,1.97127667724637E-16,0.));
#1800=DIRECTION('',(-1.97127667724637E-16,1.,0.));
#1801=DIRECTION('',(-1.,-1.97127667724637E-16,0.));
#1802=DIRECTION('',(-1.,-1.97127667724637E-16,0.));
#1803=DIRECTION('',(-1.97127667724637E-16,1.,0.));
#1804=DIRECTION('',(2.4141176730236E-32,-1.22464679914735E-16,-1.));
#1805=DIRECTION('',(0.,1.,-1.22464679914735E-16));
#1806=DIRECTION('',(1.97127667724637E-16,-1.,1.22464679914735E-16));
#1807=DIRECTION('',(-1.,-1.97127667724637E-16,0.));
#1808=DIRECTION('',(-1.97127667724637E-16,1.,0.));
#1809=DIRECTION('',(-1.,-1.97127667724637E-16,0.));
#1810=DIRECTION('',(1.97127667724637E-16,-1.,0.));
#1811=DIRECTION('',(0.,0.,-1.));
#1812=DIRECTION('',(-1.,0.,0.));
#1813=DIRECTION('',(0.,1.,0.));
#1814=DIRECTION('',(0.,-1.,0.));
#1815=DIRECTION('',(1.,0.,0.));
#1816=DIRECTION('',(-1.,0.,2.16840434497101E-16));
#1817=DIRECTION('',(2.16840434497101E-16,0.,1.));
#1818=DIRECTION('',(0.,-1.,0.));
#1819=DIRECTION('',(-2.16840434497101E-16,0.,-1.));
#1820=DIRECTION('',(0.,0.,-1.));
#1821=DIRECTION('',(-1.,0.,0.));
#1822=DIRECTION('',(0.,1.,0.));
#1823=DIRECTION('',(1.,0.,0.));
#1824=DIRECTION('',(-1.,0.,2.16840434497101E-16));
#1825=DIRECTION('',(2.16840434497101E-16,0.,1.));
#1826=DIRECTION('',(0.,-1.,0.));
#1827=DIRECTION('',(1.,0.,0.));
#1828=DIRECTION('',(-1.0842021724855E-16,0.,-1.));
#1829=DIRECTION('',(0.,0.,1.));
#1830=DIRECTION('',(1.,0.,0.));
#1831=DIRECTION('',(-0.707106781186547,0.707106781186548,0.));
#1832=DIRECTION('',(-0.707106781186548,-0.707106781186548,0.));
#1833=DIRECTION('',(-1.,0.,0.));
#1834=DIRECTION('',(0.,1.,0.));
#1835=DIRECTION('',(0.,1.,0.));
#1836=DIRECTION('',(0.,1.,0.));
#1837=DIRECTION('',(0.,0.,1.));
#1838=DIRECTION('',(0.,0.,1.));
#1839=DIRECTION('',(1.0842021724855E-16,0.,1.));
#1840=DIRECTION('',(1.,0.,-1.0842021724855E-16));
#1841=DIRECTION('',(-1.0842021724855E-16,0.,-1.));
#1842=DIRECTION('',(1.,0.,-1.0842021724855E-16));
#1843=DIRECTION('',(-1.0842021724855E-16,0.,-1.));
#1844=DIRECTION('',(-0.707106781186548,-0.707106781186547,0.));
#1845=DIRECTION('',(0.707106781186547,-0.707106781186548,0.));
#1846=DIRECTION('',(0.,0.,1.));
#1847=DIRECTION('',(0.707106781186548,-0.707106781186548,0.));
#1848=DIRECTION('',(0.707106781186548,0.707106781186548,0.));
#1849=DIRECTION('',(-1.,0.,0.));
#1850=DIRECTION('',(0.,0.,1.));
#1851=DIRECTION('',(1.,0.,0.));
#1852=DIRECTION('',(0.,0.,-1.));
#1853=DIRECTION('',(1.97127667724637E-16,1.,0.));
#1854=DIRECTION('',(-1.,1.97127667724637E-16,0.));
#1855=DIRECTION('',(-0.707106781186548,0.707106781186548,0.));
#1856=DIRECTION('',(-0.707106781186548,-0.707106781186548,0.));
#1857=DIRECTION('',(0.707106781186548,0.707106781186548,0.));
#1858=DIRECTION('',(0.707106781186548,-0.707106781186548,0.));
#1859=DIRECTION('',(1.,0.,0.));
#1860=DIRECTION('',(0.,0.,-1.));
#1861=DIRECTION('',(0.707106781186548,-0.707106781186548,0.));
#1862=DIRECTION('',(0.707106781186548,0.707106781186548,0.));
#1863=DIRECTION('',(-1.,0.,0.));
#1864=DIRECTION('',(0.,0.,1.));
#1865=DIRECTION('',(-0.707106781186548,-0.707106781186548,0.));
#1866=DIRECTION('',(-0.707106781186548,0.707106781186548,0.));
#1867=DIRECTION('',(-1.97127667724637E-16,-1.,0.));
#1868=DIRECTION('',(1.,-1.97127667724637E-16,0.));
#1869=DIRECTION('',(0.,-1.,0.));
#1870=DIRECTION('',(0.,0.,-1.));
#1871=DIRECTION('',(0.,0.,1.));
#1872=DIRECTION('',(1.,0.,0.));
#1873=DIRECTION('',(0.,0.,1.));
#1874=DIRECTION('',(1.,2.16840434497101E-16,0.));
#1875=DIRECTION('',(-2.16840434497101E-16,1.,0.));
#1876=DIRECTION('',(0.,0.,1.));
#1877=DIRECTION('',(2.16840434497101E-16,-1.,0.));
#1878=DIRECTION('',(0.,-1.,0.));
#1879=DIRECTION('',(0.,0.,-1.));
#1880=DIRECTION('',(0.,0.,1.));
#1881=DIRECTION('',(-1.,0.,0.));
#1882=DIRECTION('',(1.,2.16840434497101E-16,0.));
#1883=DIRECTION('',(-2.16840434497101E-16,1.,0.));
#1884=DIRECTION('',(-2.16840434497101E-16,1.,0.));
#1885=DIRECTION('',(0.,0.,-1.));
#1886=DIRECTION('',(1.,0.,0.));
#1887=DIRECTION('',(1.,0.,0.));
#1888=DIRECTION('',(2.16840434497101E-16,-1.,0.));
#1889=DIRECTION('',(-1.,0.,0.));
#1890=DIRECTION('',(-2.16840434497101E-16,1.,0.));
#1891=DIRECTION('',(0.,-1.,0.));
#1892=DIRECTION('',(0.,0.,-1.));
#1893=DIRECTION('',(0.,0.,1.));
#1894=DIRECTION('',(1.,0.,0.));
#1895=DIRECTION('',(0.,0.,1.));
#1896=DIRECTION('',(1.,0.,0.));
#1897=DIRECTION('',(0.,0.,-1.));
#1898=DIRECTION('',(0.,0.,1.));
#1899=DIRECTION('',(0.,-1.,0.));
#1900=DIRECTION('',(0.,-1.,0.));
#1901=DIRECTION('',(0.,0.,-1.));
#1902=DIRECTION('',(0.,0.,1.));
#1903=DIRECTION('',(-1.,0.,0.));
#1904=DIRECTION('',(1.,0.,0.));
#1905=DIRECTION('',(0.,0.,-1.));
#1906=DIRECTION('',(0.,1.,0.));
#1907=DIRECTION('',(0.,0.,-1.));
#1908=DIRECTION('',(1.,0.,0.));
#1909=DIRECTION('',(1.,0.,0.));
#1910=DIRECTION('',(0.,-1.,0.));
#1911=DIRECTION('',(-1.,0.,0.));
#1912=DIRECTION('',(0.,1.,0.));
#1913=DIRECTION('',(0.,-1.,0.));
#1914=DIRECTION('',(0.,0.,-1.));
#1915=DIRECTION('',(0.,0.,1.));
#1916=DIRECTION('',(1.,0.,0.));
#1917=DIRECTION('',(0.,0.,1.));
#1918=DIRECTION('',(1.,0.,0.));
#1919=DIRECTION('',(0.,0.,-1.));
#1920=DIRECTION('',(0.,0.,1.));
#1921=DIRECTION('',(0.,-1.,0.));
#1922=DIRECTION('',(0.,-1.,0.));
#1923=DIRECTION('',(0.,0.,-1.));
#1924=DIRECTION('',(0.,0.,1.));
#1925=DIRECTION('',(-1.,0.,0.));
#1926=DIRECTION('',(1.,0.,0.));
#1927=DIRECTION('',(0.,0.,-1.));
#1928=DIRECTION('',(0.,1.,0.));
#1929=DIRECTION('',(0.,0.,-1.));
#1930=DIRECTION('',(1.,0.,0.));
#1931=DIRECTION('',(1.,0.,0.));
#1932=DIRECTION('',(0.,-1.,0.));
#1933=DIRECTION('',(-1.,0.,0.));
#1934=DIRECTION('',(0.,1.,0.));
#1935=DIRECTION('',(-0.98058067569092,0.,-0.196116135138184));
#1936=DIRECTION('',(0.,-1.,0.));
#1937=DIRECTION('',(-0.192450089729875,0.192450089729875,0.962250448649376));
#1938=DIRECTION('',(0.192450089729875,0.192450089729875,-0.962250448649376));
#1939=DIRECTION('',(0.,0.98058067569092,0.196116135138184));
#1940=DIRECTION('',(1.,0.,0.));
#1941=DIRECTION('',(0.192450089729875,-0.192450089729875,0.962250448649376));
#1942=DIRECTION('',(0.,0.98058067569092,-0.196116135138184));
#1943=DIRECTION('',(-1.,0.,0.));
#1944=DIRECTION('',(0.192450089729875,0.192450089729875,0.962250448649376));
#1945=DIRECTION('',(-0.98058067569092,0.,0.196116135138184));
#1946=DIRECTION('',(0.,1.,0.));
#1947=DIRECTION('',(-0.98058067569092,0.,-0.196116135138184));
#1948=DIRECTION('',(0.,-1.,0.));
#1949=DIRECTION('',(-0.192450089729875,0.192450089729875,0.962250448649376));
#1950=DIRECTION('',(0.192450089729875,0.192450089729875,-0.962250448649376));
#1951=DIRECTION('',(0.,0.98058067569092,0.196116135138184));
#1952=DIRECTION('',(1.,0.,0.));
#1953=DIRECTION('',(0.192450089729875,-0.192450089729875,0.962250448649376));
#1954=DIRECTION('',(0.,0.98058067569092,-0.196116135138184));
#1955=DIRECTION('',(-1.,0.,0.));
#1956=DIRECTION('',(0.192450089729875,0.192450089729875,0.962250448649376));
#1957=DIRECTION('',(-0.98058067569092,0.,0.196116135138184));
#1958=DIRECTION('',(0.,1.,0.));
#1959=DIRECTION('',(-0.98058067569092,-2.1262953977628E-16,-0.196116135138184));
#1960=DIRECTION('',(2.16840434497101E-16,-1.,0.));
#1961=DIRECTION('',(-0.192450089729875,0.192450089729875,0.962250448649376));
#1962=DIRECTION('',(0.192450089729875,0.192450089729875,-0.962250448649376));
#1963=DIRECTION('',(0.,0.98058067569092,0.196116135138184));
#1964=DIRECTION('',(1.,0.,0.));
#1965=DIRECTION('',(0.192450089729875,-0.192450089729875,0.962250448649376));
#1966=DIRECTION('',(0.,0.98058067569092,-0.196116135138184));
#1967=DIRECTION('',(-1.,0.,0.));
#1968=DIRECTION('',(0.192450089729875,0.192450089729875,0.962250448649376));
#1969=DIRECTION('',(-0.98058067569092,-2.1262953977628E-16,0.196116135138184));
#1970=DIRECTION('',(-2.16840434497101E-16,1.,0.));
#1971=CARTESIAN_POINT('',(0.,0.,0.));
#1972=CARTESIAN_POINT('',(0.,-0.266617621135332,0.00355));
#1973=CARTESIAN_POINT('',(0.,-0.0072,0.00355));
#1974=CARTESIAN_POINT('',(-0.0005,-0.0072,0.00355));
#1975=CARTESIAN_POINT('',(-0.001,-0.0072,0.00355));
#1976=CARTESIAN_POINT('',(-0.00025,-0.00695,0.00355));
#1977=CARTESIAN_POINT('',(7.04731412115578E-19,-0.0067,0.00355));
#1978=CARTESIAN_POINT('',(0.00025,-0.00695,0.00355));
#1979=CARTESIAN_POINT('',(0.0005,-0.0072,0.00355));
#1980=CARTESIAN_POINT('',(0.,-0.0072,0.00355));
#1981=CARTESIAN_POINT('',(0.001,-0.0072,0.00355));
#1982=CARTESIAN_POINT('',(0.001,-0.266617621135332,0.00355));
#1983=CARTESIAN_POINT('',(0.001,-0.0022,0.00355));
#1984=CARTESIAN_POINT('',(0.,-0.0022,0.00355));
#1985=CARTESIAN_POINT('',(-0.001,-0.0022,0.00355));
#1986=CARTESIAN_POINT('',(-0.001,-0.266617621135332,0.00355));
#1987=CARTESIAN_POINT('',(-8.67361737988404E-19,-0.0072,0.0047));
#1988=CARTESIAN_POINT('',(0.0005,-0.0072,0.001548));
#1989=CARTESIAN_POINT('',(0.0005,-0.0072,0.00155));
#1990=CARTESIAN_POINT('',(-4.33680868994202E-19,-0.0072,0.00155));
#1991=CARTESIAN_POINT('',(0.001,-0.0072,0.00155));
#1992=CARTESIAN_POINT('',(0.001,-0.0072,0.00255));
#1993=CARTESIAN_POINT('',(0.,-0.0018,0.00355));
#1994=CARTESIAN_POINT('',(0.,-0.0022,0.00355));
#1995=CARTESIAN_POINT('',(0.002,-0.0022,0.00355));
#1996=CARTESIAN_POINT('',(0.001,-0.266617621135332,0.00355));
#1997=CARTESIAN_POINT('',(0.001,-0.0018,0.00355));
#1998=CARTESIAN_POINT('',(0.,-0.0018,0.00355));
#1999=CARTESIAN_POINT('',(0.002,-0.0018,0.00355));
#2000=CARTESIAN_POINT('',(0.002,-0.0018,0.00355));
#2001=CARTESIAN_POINT('',(-4.33680868994202E-19,-0.0018,0.00155));
#2002=CARTESIAN_POINT('',(0.001,-0.266617621135332,0.00155));
#2003=CARTESIAN_POINT('',(0.001,-0.0022,0.00155));
#2004=CARTESIAN_POINT('',(0.001,-0.0018,0.00155));
#2005=CARTESIAN_POINT('',(-4.33680868994202E-19,-0.0022,0.00155));
#2006=CARTESIAN_POINT('',(0.002,-0.0022,0.00155));
#2007=CARTESIAN_POINT('',(0.002,-0.0018,0.00155));
#2008=CARTESIAN_POINT('',(0.002,-0.0018,0.00155));
#2009=CARTESIAN_POINT('',(-4.33680868994202E-19,-0.0018,0.00155));
#2010=CARTESIAN_POINT('',(-8.67361737988404E-19,-0.0018,0.00235));
#2011=CARTESIAN_POINT('',(0.001,-0.0018,0.00255));
#2012=CARTESIAN_POINT('',(0.002,-0.0018,0.00255));
#2013=CARTESIAN_POINT('',(-8.67361737988404E-19,-0.0022,0.0047));
#2014=CARTESIAN_POINT('',(-8.67361737988404E-19,-0.0022,0.0012));
#2015=CARTESIAN_POINT('',(-0.00395,-0.0022,0.0012));
#2016=CARTESIAN_POINT('',(0.00395,-0.0022,0.0012));
#2017=CARTESIAN_POINT('',(0.00395,-0.0022,0.00035));
#2018=CARTESIAN_POINT('',(0.00395,-0.0022,4.87890977618477E-19));
#2019=CARTESIAN_POINT('',(0.00395,-0.0022,4.87890977618477E-19));
#2020=CARTESIAN_POINT('',(0.00435,-0.0022,4.87890977618477E-19));
#2021=CARTESIAN_POINT('',(0.00435,-0.0022,0.0047));
#2022=CARTESIAN_POINT('',(0.00435,-0.0022,0.0042));
#2023=CARTESIAN_POINT('',(-0.00435,-0.0022,0.0042));
#2024=CARTESIAN_POINT('',(-0.00435,-0.0022,0.0042));
#2025=CARTESIAN_POINT('',(-0.00435,-0.0022,0.0047));
#2026=CARTESIAN_POINT('',(-0.00435,-0.0022,4.87890977618477E-19));
#2027=CARTESIAN_POINT('',(-0.00395,-0.0022,4.87890977618477E-19));
#2028=CARTESIAN_POINT('',(-0.00395,-0.0022,4.87890977618477E-19));
#2029=CARTESIAN_POINT('',(-0.00395,-0.0022,0.00035));
#2030=CARTESIAN_POINT('',(0.,-0.0022,0.00355));
#2031=CARTESIAN_POINT('',(-0.002,-0.0022,0.00355));
#2032=CARTESIAN_POINT('',(0.002,-0.0022,0.00255));
#2033=CARTESIAN_POINT('',(-4.33680868994202E-19,-0.0022,0.00155));
#2034=CARTESIAN_POINT('',(-0.001,-0.0022,0.00155));
#2035=CARTESIAN_POINT('',(-4.33680868994202E-19,-0.0022,0.00155));
#2036=CARTESIAN_POINT('',(-0.002,-0.0022,0.00155));
#2037=CARTESIAN_POINT('',(-0.002,-0.0022,0.00255));
#2038=CARTESIAN_POINT('',(0.,0.,0.0007));
#2039=CARTESIAN_POINT('',(0.00175,-6.50521303491303E-19,0.0007));
#2040=CARTESIAN_POINT('',(0.00175,-0.00025,0.0007));
#2041=CARTESIAN_POINT('',(0.00175,0.00025,0.0007));
#2042=CARTESIAN_POINT('',(0.002,-0.00025,0.0007));
#2043=CARTESIAN_POINT('',(0.00225,-0.00025,0.0007));
#2044=CARTESIAN_POINT('',(0.00225,-7.04731412115578E-19,0.0007));
#2045=CARTESIAN_POINT('',(0.00225,0.00025,0.0007));
#2046=CARTESIAN_POINT('',(0.002,0.00025,0.0007));
#2047=CARTESIAN_POINT('',(-0.00225,0.,0.0007));
#2048=CARTESIAN_POINT('',(-0.00225,-0.00025,0.0007));
#2049=CARTESIAN_POINT('',(-0.00225,0.00025,0.0007));
#2050=CARTESIAN_POINT('',(-0.002,-0.00025,0.0007));
#2051=CARTESIAN_POINT('',(-0.00175,-0.00025,0.0007));
#2052=CARTESIAN_POINT('',(-0.00175,0.,0.0007));
#2053=CARTESIAN_POINT('',(-0.00175,0.00025,0.0007));
#2054=CARTESIAN_POINT('',(-0.002,0.00025,0.0007));
#2055=CARTESIAN_POINT('',(-0.00025,-7.04731412115578E-19,0.0007));
#2056=CARTESIAN_POINT('',(-0.00025,-0.00025,0.0007));
#2057=CARTESIAN_POINT('',(-0.00025,0.00025,0.0007));
#2058=CARTESIAN_POINT('',(5.42101086242752E-20,-0.00025,0.0007));
#2059=CARTESIAN_POINT('',(0.00025,-0.00025,0.0007));
#2060=CARTESIAN_POINT('',(0.00025,-7.04731412115578E-19,0.0007));
#2061=CARTESIAN_POINT('',(0.00025,0.00025,0.0007));
#2062=CARTESIAN_POINT('',(-5.42101086242752E-20,0.00025,0.0007));
#2063=CARTESIAN_POINT('',(-0.00395,7.88510670898549E-20,0.0007));
#2064=CARTESIAN_POINT('',(-0.00395,0.0017,0.0007));
#2065=CARTESIAN_POINT('',(-0.00395,0.000880948401079361,0.0007));
#2066=CARTESIAN_POINT('',(0.00395,0.0017,0.0007));
#2067=CARTESIAN_POINT('',(0.00395,0.0017,0.0007));
#2068=CARTESIAN_POINT('',(0.00395,7.88510670898549E-20,0.0007));
#2069=CARTESIAN_POINT('',(0.00395,0.000880948401079361,0.0007));
#2070=CARTESIAN_POINT('',(0.00395,7.88510670898549E-20,0.0007));
#2071=CARTESIAN_POINT('',(0.00395,-0.000880948401079362,0.0007));
#2072=CARTESIAN_POINT('',(0.00395,7.88510670898549E-20,0.0007));
#2073=CARTESIAN_POINT('',(0.00395,-0.0017,0.0007));
#2074=CARTESIAN_POINT('',(0.,-0.0017,0.0007));
#2075=CARTESIAN_POINT('',(-0.00395,-0.0017,0.0007));
#2076=CARTESIAN_POINT('',(-0.00395,7.88510670898549E-20,0.0007));
#2077=CARTESIAN_POINT('',(-0.00395,-0.000880948401079362,0.0007));
#2078=CARTESIAN_POINT('',(-0.00395,7.88510670898549E-20,0.0007));
#2079=CARTESIAN_POINT('',(8.67361737988404E-19,0.0022,0.0047));
#2080=CARTESIAN_POINT('',(0.00395,0.0022,0.00035));
#2081=CARTESIAN_POINT('',(0.00395,0.0022,4.72323056325509E-19));
#2082=CARTESIAN_POINT('',(0.00395,0.0022,0.0012));
#2083=CARTESIAN_POINT('',(-0.00395,0.0022,0.0012));
#2084=CARTESIAN_POINT('',(-0.00395,0.0022,0.0012));
#2085=CARTESIAN_POINT('',(-0.00395,0.0022,0.00035));
#2086=CARTESIAN_POINT('',(-0.00395,0.0022,4.72323056325509E-19));
#2087=CARTESIAN_POINT('',(-0.00395,0.0022,4.72323056325509E-19));
#2088=CARTESIAN_POINT('',(-0.00435,0.0022,4.72323056325509E-19));
#2089=CARTESIAN_POINT('',(-0.00435,0.0022,0.0047));
#2090=CARTESIAN_POINT('',(-0.00435,0.0022,0.0042));
#2091=CARTESIAN_POINT('',(8.67361737988404E-19,0.0022,0.0042));
#2092=CARTESIAN_POINT('',(0.00435,0.0022,0.0042));
#2093=CARTESIAN_POINT('',(0.00435,0.0022,0.0047));
#2094=CARTESIAN_POINT('',(0.00435,0.0022,4.72323056325509E-19));
#2095=CARTESIAN_POINT('',(0.00395,0.0022,4.72323056325509E-19));
#2096=CARTESIAN_POINT('',(-0.00435,0.,0.0047));
#2097=CARTESIAN_POINT('',(-0.00435,0.0022,0.0042));
#2098=CARTESIAN_POINT('',(-0.00435,0.00183094840107936,4.27127270391672E-19));
#2099=CARTESIAN_POINT('',(-0.00435,0.00146189680215872,6.7762635780344E-19));
#2100=CARTESIAN_POINT('',(-0.00435,0.000880948401079361,0.000108927825202381));
#2101=CARTESIAN_POINT('',(-0.00435,0.0003,5.42101086242752E-19));
#2102=CARTESIAN_POINT('',(-0.00435,0.00045,-0.0008));
#2103=CARTESIAN_POINT('',(-0.00435,0.0006,-0.0016));
#2104=CARTESIAN_POINT('',(-0.00435,0.000375,-0.0021));
#2105=CARTESIAN_POINT('',(-0.00435,0.00015,-0.0026));
#2106=CARTESIAN_POINT('',(-0.00435,4.06575814682064E-19,-0.0026));
#2107=CARTESIAN_POINT('',(-0.00435,-0.00015,-0.0026));
#2108=CARTESIAN_POINT('',(-0.00435,-0.000375,-0.0021));
#2109=CARTESIAN_POINT('',(-0.00435,-0.0006,-0.0016));
#2110=CARTESIAN_POINT('',(-0.00435,-0.00045,-0.0008));
#2111=CARTESIAN_POINT('',(-0.00435,-0.0003,1.28749007982654E-18));
#2112=CARTESIAN_POINT('',(-0.00435,-0.000880948401079363,0.00010892782520238));
#2113=CARTESIAN_POINT('',(-0.00435,-0.00146189680215872,3.81931484457835E-19));
#2114=CARTESIAN_POINT('',(-0.00435,-0.00183094840107936,4.27127270391672E-19));
#2115=CARTESIAN_POINT('',(0.00435,0.,0.0047));
#2116=CARTESIAN_POINT('',(0.00435,0.,0.0042));
#2117=CARTESIAN_POINT('',(0.00435,-0.00183094840107936,4.27127270391672E-19));
#2118=CARTESIAN_POINT('',(0.00435,-0.00146189680215872,3.81931484457835E-19));
#2119=CARTESIAN_POINT('',(0.00435,-0.000880948401079363,0.00010892782520238));
#2120=CARTESIAN_POINT('',(0.00435,-0.0003,1.28749007982654E-18));
#2121=CARTESIAN_POINT('',(0.00435,-0.00045,-0.0008));
#2122=CARTESIAN_POINT('',(0.00435,-0.0006,-0.0016));
#2123=CARTESIAN_POINT('',(0.00435,-0.000375,-0.0021));
#2124=CARTESIAN_POINT('',(0.00435,-0.00015,-0.0026));
#2125=CARTESIAN_POINT('',(0.00435,4.06575814682064E-19,-0.0026));
#2126=CARTESIAN_POINT('',(0.00435,0.00015,-0.0026));
#2127=CARTESIAN_POINT('',(0.00435,0.000375,-0.0021));
#2128=CARTESIAN_POINT('',(0.00435,0.0006,-0.0016));
#2129=CARTESIAN_POINT('',(0.00435,0.00045,-0.0008));
#2130=CARTESIAN_POINT('',(0.00435,0.0003,5.42101086242752E-19));
#2131=CARTESIAN_POINT('',(0.00435,0.000880948401079361,0.000108927825202381));
#2132=CARTESIAN_POINT('',(0.00435,0.00146189680215872,6.7762635780344E-19));
#2133=CARTESIAN_POINT('',(0.00435,0.00183094840107936,4.27127270391672E-19));
#2134=CARTESIAN_POINT('',(0.,0.,0.0047));
#2135=CARTESIAN_POINT('',(-0.00385,-0.0022,0.0047));
#2136=CARTESIAN_POINT('',(-0.00385,0.0017,0.0047));
#2137=CARTESIAN_POINT('',(-0.00385,-0.0017,0.0047));
#2138=CARTESIAN_POINT('',(0.00435,-0.0017,0.0047));
#2139=CARTESIAN_POINT('',(0.00385,-0.0017,0.0047));
#2140=CARTESIAN_POINT('',(0.00385,-7.58941520739853E-19,0.0047));
#2141=CARTESIAN_POINT('',(0.00385,0.0017,0.0047));
#2142=CARTESIAN_POINT('',(0.,0.0017,0.0047));
#2143=CARTESIAN_POINT('',(0.00395,0.00183094840107936,4.27127270391672E-19));
#2144=CARTESIAN_POINT('',(0.00395,0.00146189680215872,6.7762635780344E-19));
#2145=CARTESIAN_POINT('',(0.00395,0.00146189680215872,6.7762635780344E-19));
#2146=CARTESIAN_POINT('',(0.00395,0.00183094840107936,4.27127270391672E-19));
#2147=CARTESIAN_POINT('',(0.00395,0.000880948401079361,0.000108927825202381));
#2148=CARTESIAN_POINT('',(0.00395,0.0003,5.42101086242752E-19));
#2149=CARTESIAN_POINT('',(0.00395,0.0003,5.42101086242752E-19));
#2150=CARTESIAN_POINT('',(0.00395,0.000880948401079361,0.000108927825202381));
#2151=CARTESIAN_POINT('',(0.00395,0.000880948401079361,0.000108927825202381));
#2152=CARTESIAN_POINT('',(0.00395,8.87074504760866E-20,0.00105));
#2153=CARTESIAN_POINT('',(0.00395,0.0017,0.0012));
#2154=CARTESIAN_POINT('',(0.00395,0.00045,-0.0008));
#2155=CARTESIAN_POINT('',(0.00395,0.0006,-0.0016));
#2156=CARTESIAN_POINT('',(0.00395,0.0006,-0.0016));
#2157=CARTESIAN_POINT('',(0.00395,0.00045,-0.0008));
#2158=CARTESIAN_POINT('',(0.00395,-0.000880948401079362,0.00010892782520238));
#2159=CARTESIAN_POINT('',(0.00395,-0.00146189680215872,3.81931484457835E-19));
#2160=CARTESIAN_POINT('',(0.00395,-0.00146189680215872,3.81931484457835E-19));
#2161=CARTESIAN_POINT('',(0.00395,-0.000880948401079362,0.00010892782520238));
#2162=CARTESIAN_POINT('',(0.00395,-0.000880948401079362,0.00010892782520238));
#2163=CARTESIAN_POINT('',(0.00395,-0.0003,1.28749007982654E-18));
#2164=CARTESIAN_POINT('',(0.00395,-0.0003,1.28749007982654E-18));
#2165=CARTESIAN_POINT('',(0.00395,-0.00045,-0.0008));
#2166=CARTESIAN_POINT('',(0.00395,-0.00045,-0.0008));
#2167=CARTESIAN_POINT('',(0.00395,-0.0006,-0.0016));
#2168=CARTESIAN_POINT('',(0.00395,-0.0006,-0.0016));
#2169=CARTESIAN_POINT('',(0.00395,-0.000375,-0.0021));
#2170=CARTESIAN_POINT('',(0.00395,-0.000375,-0.0021));
#2171=CARTESIAN_POINT('',(0.00395,-0.00015,-0.0026));
#2172=CARTESIAN_POINT('',(0.00395,-0.00015,-0.0026));
#2173=CARTESIAN_POINT('',(0.00395,4.85426881771919E-19,-0.0026));
#2174=CARTESIAN_POINT('',(0.00395,4.85426881771919E-19,-0.0026));
#2175=CARTESIAN_POINT('',(0.00395,0.00015,-0.0026));
#2176=CARTESIAN_POINT('',(0.00395,0.00015,-0.0026));
#2177=CARTESIAN_POINT('',(0.00395,0.000375,-0.0021));
#2178=CARTESIAN_POINT('',(0.00395,0.000375,-0.0021));
#2179=CARTESIAN_POINT('',(0.00395,8.87074504760866E-20,0.00105));
#2180=CARTESIAN_POINT('',(0.00395,-0.00183094840107936,4.27127270391672E-19));
#2181=CARTESIAN_POINT('',(0.00395,-0.00183094840107936,4.27127270391672E-19));
#2182=CARTESIAN_POINT('',(0.00395,8.87074504760866E-20,0.00105));
#2183=CARTESIAN_POINT('',(0.00395,-0.0017,0.0012));
#2184=CARTESIAN_POINT('',(-0.00395,0.00183094840107936,4.27127270391672E-19));
#2185=CARTESIAN_POINT('',(-0.00395,0.00183094840107936,4.27127270391672E-19));
#2186=CARTESIAN_POINT('',(-0.00395,0.00146189680215872,6.7762635780344E-19));
#2187=CARTESIAN_POINT('',(-0.00395,0.00146189680215872,6.7762635780344E-19));
#2188=CARTESIAN_POINT('',(-0.00395,0.000880948401079361,0.000108927825202381));
#2189=CARTESIAN_POINT('',(-0.00395,0.000880948401079361,0.000108927825202381));
#2190=CARTESIAN_POINT('',(-0.00395,0.000880948401079361,0.000108927825202381));
#2191=CARTESIAN_POINT('',(-0.00395,0.0003,5.42101086242752E-19));
#2192=CARTESIAN_POINT('',(-0.00395,0.0003,5.42101086242752E-19));
#2193=CARTESIAN_POINT('',(-0.00395,8.87074504760866E-20,0.00105));
#2194=CARTESIAN_POINT('',(-0.00395,0.0017,0.0012));
#2195=CARTESIAN_POINT('',(-0.00395,0.00045,-0.0008));
#2196=CARTESIAN_POINT('',(-0.00395,0.00045,-0.0008));
#2197=CARTESIAN_POINT('',(-0.00395,0.0006,-0.0016));
#2198=CARTESIAN_POINT('',(-0.00395,0.0006,-0.0016));
#2199=CARTESIAN_POINT('',(-0.00395,0.000375,-0.0021));
#2200=CARTESIAN_POINT('',(-0.00395,0.000375,-0.0021));
#2201=CARTESIAN_POINT('',(-0.00395,0.00015,-0.0026));
#2202=CARTESIAN_POINT('',(-0.00395,0.00015,-0.0026));
#2203=CARTESIAN_POINT('',(-0.00395,4.85426881771919E-19,-0.0026));
#2204=CARTESIAN_POINT('',(-0.00395,4.85426881771919E-19,-0.0026));
#2205=CARTESIAN_POINT('',(-0.00395,-0.00015,-0.0026));
#2206=CARTESIAN_POINT('',(-0.00395,-0.00015,-0.0026));
#2207=CARTESIAN_POINT('',(-0.00395,-0.000375,-0.0021));
#2208=CARTESIAN_POINT('',(-0.00395,-0.000375,-0.0021));
#2209=CARTESIAN_POINT('',(-0.00395,-0.0006,-0.0016));
#2210=CARTESIAN_POINT('',(-0.00395,-0.0006,-0.0016));
#2211=CARTESIAN_POINT('',(-0.00395,-0.00045,-0.0008));
#2212=CARTESIAN_POINT('',(-0.00395,-0.00045,-0.0008));
#2213=CARTESIAN_POINT('',(-0.00395,-0.0003,1.28749007982654E-18));
#2214=CARTESIAN_POINT('',(-0.00395,-0.0003,1.28749007982654E-18));
#2215=CARTESIAN_POINT('',(-0.00395,-0.000880948401079362,0.00010892782520238));
#2216=CARTESIAN_POINT('',(-0.00395,-0.000880948401079362,0.00010892782520238));
#2217=CARTESIAN_POINT('',(-0.00395,-0.000880948401079362,0.00010892782520238));
#2218=CARTESIAN_POINT('',(-0.00395,-0.00146189680215872,3.81931484457835E-19));
#2219=CARTESIAN_POINT('',(-0.00395,-0.00146189680215872,3.81931484457835E-19));
#2220=CARTESIAN_POINT('',(-0.00395,8.87074504760866E-20,0.00105));
#2221=CARTESIAN_POINT('',(-0.00395,-0.00183094840107936,4.27127270391672E-19));
#2222=CARTESIAN_POINT('',(-0.00395,-0.00183094840107936,4.27127270391672E-19));
#2223=CARTESIAN_POINT('',(-0.00395,8.87074504760866E-20,0.00105));
#2224=CARTESIAN_POINT('',(-0.00395,-0.0017,0.0012));
#2225=CARTESIAN_POINT('',(0.,-0.0018,0.00355));
#2226=CARTESIAN_POINT('',(-0.001,-0.266617621135332,0.00355));
#2227=CARTESIAN_POINT('',(-0.001,-0.0018,0.00355));
#2228=CARTESIAN_POINT('',(-0.002,-0.0018,0.00355));
#2229=CARTESIAN_POINT('',(-0.002,-0.0018,0.00355));
#2230=CARTESIAN_POINT('',(0.,-0.0018,0.00355));
#2231=CARTESIAN_POINT('',(-0.002,-0.0018,0.00255));
#2232=CARTESIAN_POINT('',(-0.002,-0.0018,0.00155));
#2233=CARTESIAN_POINT('',(-0.002,-0.0018,0.00155));
#2234=CARTESIAN_POINT('',(-0.002,-0.0018,0.00255));
#2235=CARTESIAN_POINT('',(-4.33680868994202E-19,-0.0018,0.00155));
#2236=CARTESIAN_POINT('',(-0.001,-0.266617621135332,0.00155));
#2237=CARTESIAN_POINT('',(-0.001,-0.0018,0.00155));
#2238=CARTESIAN_POINT('',(-4.33680868994202E-19,-0.0018,0.00155));
#2239=CARTESIAN_POINT('',(0.002,-0.0018,0.00255));
#2240=CARTESIAN_POINT('',(-8.67361737988404E-19,-0.0018,0.00235));
#2241=CARTESIAN_POINT('',(-0.001,-0.0018,0.00255));
#2242=CARTESIAN_POINT('',(-4.33680868994202E-19,-0.266617621135332,0.00155));
#2243=CARTESIAN_POINT('',(0.00025,-0.00695,0.00155));
#2244=CARTESIAN_POINT('',(7.04731412115578E-19,-0.0067,0.00155));
#2245=CARTESIAN_POINT('',(-0.00025,-0.00695,0.00155));
#2246=CARTESIAN_POINT('',(-0.0005,-0.0072,0.00155));
#2247=CARTESIAN_POINT('',(-4.33680868994202E-19,-0.0072,0.00155));
#2248=CARTESIAN_POINT('',(-0.001,-0.0072,0.00155));
#2249=CARTESIAN_POINT('',(-0.001,-0.266617621135332,0.00155));
#2250=CARTESIAN_POINT('',(0.001,-0.266617621135332,0.00155));
#2251=CARTESIAN_POINT('',(-8.67361737988404E-19,-0.0072,0.0047));
#2252=CARTESIAN_POINT('',(-0.0005,-0.0072,0.001548));
#2253=CARTESIAN_POINT('',(-0.001,-0.0072,0.00255));
#2254=CARTESIAN_POINT('',(0.001,-0.266617621135332,0.00255));
#2255=CARTESIAN_POINT('',(-0.001,-0.266617621135332,0.00255));
#2256=CARTESIAN_POINT('',(0.00025,-0.00695,0.001548));
#2257=CARTESIAN_POINT('',(7.04731412115578E-19,-0.0067,0.001548));
#2258=CARTESIAN_POINT('',(-0.00025,-0.00695,0.001548));
#2259=CARTESIAN_POINT('',(0.,0.0017,0.0012));
#2260=CARTESIAN_POINT('',(-8.67361737988404E-19,-0.0017,0.0012));
#2261=CARTESIAN_POINT('',(-0.00385,7.58941520739853E-19,0.0042));
#2262=CARTESIAN_POINT('',(-0.00385,-0.0017,0.0042));
#2263=CARTESIAN_POINT('',(-0.00385,0.0017,0.0042));
#2264=CARTESIAN_POINT('',(8.67361737988404E-19,0.0017,0.0042));
#2265=CARTESIAN_POINT('',(0.00385,0.0017,0.0042));
#2266=CARTESIAN_POINT('',(0.,-0.0017,0.0042));
#2267=CARTESIAN_POINT('',(0.00385,-0.0017,0.0042));
#2268=CARTESIAN_POINT('',(0.00385,9.85638338623186E-20,0.0042));
#2269=CARTESIAN_POINT('',(5.42101086242752E-20,-0.00025,-0.0025));
#2270=CARTESIAN_POINT('',(-0.00025,-0.00025,-0.0025));
#2271=CARTESIAN_POINT('',(-0.00025,-0.00025,-0.002));
#2272=CARTESIAN_POINT('',(5.42101086242752E-20,-0.00025,-0.002));
#2273=CARTESIAN_POINT('',(0.00025,-0.00025,-0.002));
#2274=CARTESIAN_POINT('',(0.00025,-0.00025,-0.0025));
#2275=CARTESIAN_POINT('',(-0.00025,-7.04731412115578E-19,-0.0025));
#2276=CARTESIAN_POINT('',(-0.00025,0.00025,-0.0025));
#2277=CARTESIAN_POINT('',(-0.00025,0.00025,-0.002));
#2278=CARTESIAN_POINT('',(-0.00025,-0.00025,-0.002));
#2279=CARTESIAN_POINT('',(-5.42101086242752E-20,0.00025,-0.0025));
#2280=CARTESIAN_POINT('',(0.00025,0.00025,-0.0025));
#2281=CARTESIAN_POINT('',(0.00025,0.00025,-0.002));
#2282=CARTESIAN_POINT('',(-0.00025,0.00025,-0.002));
#2283=CARTESIAN_POINT('',(0.00025,-7.04731412115578E-19,-0.0025));
#2284=CARTESIAN_POINT('',(0.00025,-7.04731412115578E-19,-0.002));
#2285=CARTESIAN_POINT('',(0.,0.,-0.0025));
#2286=CARTESIAN_POINT('',(0.00025,0.00015,-0.0025));
#2287=CARTESIAN_POINT('',(-0.00015,0.00015,-0.0025));
#2288=CARTESIAN_POINT('',(0.00015,0.00015,-0.0025));
#2289=CARTESIAN_POINT('',(0.00015,3.25260651745652E-20,-0.0025));
#2290=CARTESIAN_POINT('',(0.00015,-0.00015,-0.0025));
#2291=CARTESIAN_POINT('',(0.,-0.00015,-0.0025));
#2292=CARTESIAN_POINT('',(-0.00015,-0.00015,-0.0025));
#2293=CARTESIAN_POINT('',(-0.00015,0.00025,-0.0025));
#2294=CARTESIAN_POINT('',(-0.002,-0.00025,-0.0025));
#2295=CARTESIAN_POINT('',(-0.00225,-0.00025,-0.0025));
#2296=CARTESIAN_POINT('',(-0.00225,-0.00025,-0.002));
#2297=CARTESIAN_POINT('',(-0.002,-0.00025,-0.002));
#2298=CARTESIAN_POINT('',(-0.00175,-0.00025,-0.002));
#2299=CARTESIAN_POINT('',(-0.00175,-0.00025,-0.0025));
#2300=CARTESIAN_POINT('',(-0.00225,0.,-0.0025));
#2301=CARTESIAN_POINT('',(-0.00225,0.00025,-0.0025));
#2302=CARTESIAN_POINT('',(-0.00225,0.00025,-0.002));
#2303=CARTESIAN_POINT('',(-0.00225,-0.00025,-0.002));
#2304=CARTESIAN_POINT('',(-0.002,0.00025,-0.0025));
#2305=CARTESIAN_POINT('',(-0.00175,0.00025,-0.0025));
#2306=CARTESIAN_POINT('',(-0.00175,0.00025,-0.002));
#2307=CARTESIAN_POINT('',(-0.00225,0.00025,-0.002));
#2308=CARTESIAN_POINT('',(-0.00175,0.,-0.0025));
#2309=CARTESIAN_POINT('',(-0.00175,0.,-0.002));
#2310=CARTESIAN_POINT('',(0.,0.,-0.0025));
#2311=CARTESIAN_POINT('',(-0.00175,0.00015,-0.0025));
#2312=CARTESIAN_POINT('',(-0.00215,0.00015,-0.0025));
#2313=CARTESIAN_POINT('',(-0.00185,0.00015,-0.0025));
#2314=CARTESIAN_POINT('',(-0.00185,0.,-0.0025));
#2315=CARTESIAN_POINT('',(-0.00185,-0.00015,-0.0025));
#2316=CARTESIAN_POINT('',(0.,-0.00015,-0.0025));
#2317=CARTESIAN_POINT('',(-0.00215,-0.00015,-0.0025));
#2318=CARTESIAN_POINT('',(-0.00215,0.00025,-0.0025));
#2319=CARTESIAN_POINT('',(0.002,-0.00025,-0.0025));
#2320=CARTESIAN_POINT('',(0.00175,-0.00025,-0.0025));
#2321=CARTESIAN_POINT('',(0.00175,-0.00025,-0.002));
#2322=CARTESIAN_POINT('',(0.002,-0.00025,-0.002));
#2323=CARTESIAN_POINT('',(0.00225,-0.00025,-0.002));
#2324=CARTESIAN_POINT('',(0.00225,-0.00025,-0.0025));
#2325=CARTESIAN_POINT('',(0.00175,-6.50521303491303E-19,-0.0025));
#2326=CARTESIAN_POINT('',(0.00175,0.00025,-0.0025));
#2327=CARTESIAN_POINT('',(0.00175,0.00025,-0.002));
#2328=CARTESIAN_POINT('',(0.00175,-0.00025,-0.002));
#2329=CARTESIAN_POINT('',(0.002,0.00025,-0.0025));
#2330=CARTESIAN_POINT('',(0.00225,0.00025,-0.0025));
#2331=CARTESIAN_POINT('',(0.00225,0.00025,-0.002));
#2332=CARTESIAN_POINT('',(0.00175,0.00025,-0.002));
#2333=CARTESIAN_POINT('',(0.00225,-7.04731412115578E-19,-0.0025));
#2334=CARTESIAN_POINT('',(0.00225,-7.04731412115578E-19,-0.002));
#2335=CARTESIAN_POINT('',(0.,0.,-0.0025));
#2336=CARTESIAN_POINT('',(0.00225,0.00015,-0.0025));
#2337=CARTESIAN_POINT('',(0.00185,0.00015,-0.0025));
#2338=CARTESIAN_POINT('',(0.00215,0.00015,-0.0025));
#2339=CARTESIAN_POINT('',(0.00215,0.,-0.0025));
#2340=CARTESIAN_POINT('',(0.00215,-0.00015,-0.0025));
#2341=CARTESIAN_POINT('',(0.,-0.00015,-0.0025));
#2342=CARTESIAN_POINT('',(0.00185,-0.00015,-0.0025));
#2343=CARTESIAN_POINT('',(0.00185,0.00025,-0.0025));
#2344=CARTESIAN_POINT('',(0.00185,0.,-0.0025));
#2345=CARTESIAN_POINT('',(0.00178148148148148,0.000218518518518518,-0.00215740740740741));
#2346=CARTESIAN_POINT('',(0.00185555555555555,-0.000144444444444445,-0.00252777777777778));
#2347=CARTESIAN_POINT('',(0.002,-0.00025,-0.002));
#2348=CARTESIAN_POINT('',(0.00224074074074074,-0.000240740740740742,-0.0020462962962963));
#2349=CARTESIAN_POINT('',(0.,0.00015,-0.0025));
#2350=CARTESIAN_POINT('',(0.00207037037037037,7.03703703703699E-5,-0.00289814814814815));
#2351=CARTESIAN_POINT('',(0.00225,-7.04731412115578E-19,-0.002));
#2352=CARTESIAN_POINT('',(-0.00215,0.,-0.0025));
#2353=CARTESIAN_POINT('',(-0.00207037037037037,7.03703703703705E-5,-0.00289814814814815));
#2354=CARTESIAN_POINT('',(-0.00214444444444444,-0.000144444444444444,-0.00252777777777778));
#2355=CARTESIAN_POINT('',(-0.002,-0.00025,-0.002));
#2356=CARTESIAN_POINT('',(-0.00175925925925926,-0.000240740740740741,-0.0020462962962963));
#2357=CARTESIAN_POINT('',(0.,0.00015,-0.0025));
#2358=CARTESIAN_POINT('',(-0.00178148148148148,0.000218518518518518,-0.00215740740740741));
#2359=CARTESIAN_POINT('',(-0.00175,0.,-0.002));
#2360=CARTESIAN_POINT('',(-0.00015,-3.25260651745652E-20,-0.0025));
#2361=CARTESIAN_POINT('',(-0.000144444444444444,0.000144444444444444,-0.00252777777777778));
#2362=CARTESIAN_POINT('',(-0.000144444444444444,-0.000144444444444445,-0.00252777777777778));
#2363=CARTESIAN_POINT('',(5.42101086242752E-20,-0.00025,-0.002));
#2364=CARTESIAN_POINT('',(0.000240740740740741,-0.000240740740740742,-0.0020462962962963));
#2365=CARTESIAN_POINT('',(0.,0.00015,-0.0025));
#2366=CARTESIAN_POINT('',(0.000144444444444444,0.000144444444444444,-0.00252777777777778));
#2367=CARTESIAN_POINT('',(0.00025,-7.04731412115578E-19,-0.002));
#2368=MECHANICAL_DESIGN_GEOMETRIC_PRESENTATION_REPRESENTATION('',(#1424,
#1334,#1335,#1336,#1337,#1338,#1339,#1340,#1341,#1342,#1343),#2369);
#2369=(
GEOMETRIC_REPRESENTATION_CONTEXT(3)
GLOBAL_UNCERTAINTY_ASSIGNED_CONTEXT((#2370))
GLOBAL_UNIT_ASSIGNED_CONTEXT((#2373,#2372,#2371))
REPRESENTATION_CONTEXT('SK12D07VG5 Slide Switch SPDT',
'TOP_LEVEL_ASSEMBLY_PART')
);
#2370=UNCERTAINTY_MEASURE_WITH_UNIT(LENGTH_MEASURE(1.E-8),#2373,
'DISTANCE_ACCURACY_VALUE','Maximum Tolerance applied to model');
#2371=(
NAMED_UNIT(*)
SI_UNIT($,.STERADIAN.)
SOLID_ANGLE_UNIT()
);
#2372=(
NAMED_UNIT(*)
PLANE_ANGLE_UNIT()
SI_UNIT($,.RADIAN.)
);
#2373=(
LENGTH_UNIT()
NAMED_UNIT(*)
SI_UNIT($,.METRE.)
);
#2374=PRODUCT_DEFINITION_SHAPE('','',#2375);
#2375=PRODUCT_DEFINITION('','',#2377,#2376);
#2376=PRODUCT_DEFINITION_CONTEXT('',#2383,'design');
#2377=PRODUCT_DEFINITION_FORMATION_WITH_SPECIFIED_SOURCE('','',#2379,
 .NOT_KNOWN.);
#2378=PRODUCT_RELATED_PRODUCT_CATEGORY('','',(#2379));
#2379=PRODUCT('SK12D07VG5 Slide Switch SPDT',
'SK12D07VG5 Slide Switch SPDT','SK12D07VG5 Slide Switch SPDT',(#2381));
#2380=PRODUCT_CATEGORY('','');
#2381=PRODUCT_CONTEXT('',#2383,'mechanical');
#2382=APPLICATION_PROTOCOL_DEFINITION('international standard',
'ap242_managed_model_based_3d_engineering',2020,#2383);
#2383=APPLICATION_CONTEXT('managed model based 3d engineering');
ENDSEC;
END-ISO-10303-21;
